analysis,sla_allele,sla_locus,n_seeds,prob_A01,prob_A02,prob_A03,prob_A11,prob_A23,prob_A24,prob_A25,prob_A26,prob_A29,prob_A30,prob_A31,prob_A32,prob_A33,prob_A68,prob_A_Other,prob_B07,prob_B08,prob_B13,prob_B14,prob_B15,prob_B18,prob_B27,prob_B35,prob_B37,prob_B38,prob_B39,prob_B40,prob_B41,prob_B44,prob_B46,prob_B49,prob_B50,prob_B51,prob_B52,prob_B53,prob_B55,prob_B56,prob_B57,prob_B58,prob_B_Other,prob_C01,prob_C02,prob_C03,prob_C04,prob_C05,prob_C06,prob_C07,prob_C08,prob_C12,prob_C14,prob_C15,prob_C16,prob_C17,prob_C_Other,prob_DQB102,prob_DQB103,prob_DQB104,prob_DQB105,prob_DQB106,prob_DQB1_Other,prob_DRB101,prob_DRB103,prob_DRB104,prob_DRB107,prob_DRB108,prob_DRB111,prob_DRB112,prob_DRB113,prob_DRB114,prob_DRB115,prob_DRB116,prob_DRB1_Other,prob_DRB3_Other,prob_DRB4_Other,prob_DRB5_Other,prob_DPB1_Other
class1,SLA-1*01:01,SLA-1,5,0.012968790146987885,0.06799565046094358,0.010980220087003546,0.0022904238183400595,0.0014271703403210267,0.209088601442636,0.0007487685812520795,0.0007107162266947852,0.0003570092456357088,0.00018887848418671637,0.00014712054980918764,0.0007185175320046256,0.0003661754846689291,0.0012243601435329766,0.0010118806891114217,0.03155164509080351,0.002870894642546773,0.0029253498767502608,0.0011164110894242186,0.08543877316405997,0.006219256380427396,0.004394213046180084,0.0026108286925591528,0.0010177340724112582,0.00034796762192854656,0.00022372407984221353,0.08211578832706437,0.011006408718822058,0.0031385566806420686,0.0034643597507965753,0.0005543796736674267,0.0016833516252518165,0.0026787595270434394,0.0009712231229059398,0.000739828430232592,0.0006095379700127524,0.002199041513449629,0.005242336923402036,0.010545543656462542,0.003035037672088947,0.0050974731566384435,0.01270745555520989,0.15131720884237437,0.008978493459289893,0.006265238297601172,0.003161396982613951,0.006188955419929698,0.19447951438742167,0.007268595650384668,0.013562685884608072,0.004019430000334978,0.0036816666353843173,0.0035952795602497644,0.0027513614535564558,,,,,,,,,,,,,,,,,,,,,,
class1,SLA-1*01:02,SLA-1,5,0.014132539881393314,0.11266414183191956,0.006070715631358326,0.0028708203753922135,0.006961276510264724,0.1354325758293271,0.0007859069490223191,0.0012152657791375532,0.004874986156573868,0.0010725356871262193,0.0005354613036615774,0.0006413017646991648,0.0007186888906289823,0.052006470772903414,0.0005007197625673144,0.06675373532343656,0.003035477525554597,0.001109883207755047,0.001911936220130883,0.05878178527345881,0.005286192192579619,0.009160514760878868,0.000668899982701987,0.0013542860353481956,0.0008983087347587571,0.0008460056145850103,0.10879216145840473,0.009138517035171389,0.003682559682056308,0.010109414387261494,0.0006289392318649334,0.0012045302995829844,0.002625237586471485,0.00036769412108697,0.0005893084715353325,0.0006583608879736858,0.0016712719574570657,0.005824679369106888,0.008766495661984664,0.002218432361405576,0.021045914362184705,0.029876948840683325,0.08354702693613944,0.04025565456249751,0.04087965765447734,0.004931126718292944,0.026723512477474287,0.05904196801493526,0.02248512038931949,0.0034481576847610997,0.010888869175687432,0.002335626911371946,0.005457400421437342,0.002514999688719399,,,,,,,,,,,,,,,,,,,,,,
class1,SLA-1*01:03,SLA-1,5,0.014150943513959647,0.1158866111189127,0.006009902682853863,0.0028365841193590314,0.006991920480504632,0.13483711785520427,0.000796941967564635,0.0012639846895581286,0.004868200886630802,0.0010658781015081332,0.0005324367739376612,0.0006689400586765259,0.0007255287026055157,0.05208186220843345,0.0005041348671511514,0.06530464682728052,0.0030615526833571494,0.001135101660474902,0.0019212552855606192,0.056246684479992835,0.00517276822210988,0.00929992190503981,0.0006542427348904311,0.0013690844149095937,0.0009040534161613323,0.0008512909786077216,0.10960368294036016,0.009226403475622647,0.0036748164216987788,0.010272793407784775,0.0006365446532072383,0.001228234323207289,0.00259643723256886,0.00037274416245054455,0.0005953446248895489,0.000663585014626733,0.0016879947019333486,0.005921464262064547,0.008834278395352158,0.002233714058093028,0.021123321552295238,0.0302103839116171,0.08346096277527977,0.04042027690156828,0.04072352401635726,0.005038624646840617,0.026132539374521,0.05905463517337921,0.02227611050766427,0.0034818913467461244,0.010943247750401498,0.0023348579328740016,0.00557287441479275,0.0025371484574861825,,,,,,,,,,,,,,,,,,,,,,
class1,SLA-1*02:01,SLA-1,5,0.01715668383985758,0.1307374393756618,0.11554899179609493,0.003714568741270341,0.015387670212658123,0.05842694500461221,0.0036451427673455327,0.014751780502774637,0.15831170661876967,0.011434308136813343,0.0022928844875423236,0.004933624586556107,0.0019824049071758055,0.0041173574514687065,0.06690028222801629,0.031434197843191215,0.0028971342224394904,0.0007421748319757171,0.0005535423602850642,0.010318234871556342,0.0021259639737763792,0.016992205375572667,0.0005163547917618416,0.0005479343511979095,0.0003928192825696897,0.0005907731124352722,0.11092397451866418,0.0018718313454883172,0.0020164252520771695,0.005360331712290644,0.00024348163315153216,0.001078231785504613,0.0011297228211333277,0.00021481654548551887,0.0013353741152968724,0.0014451199380346226,0.004203381352999714,0.00608210701320786,0.014871790437427989,0.0014973976296460024,0.006662383326329291,0.0054936658416409045,0.07218501790885057,0.0077255121112102644,0.006270530261463137,0.005435030747321434,0.018782230670331045,0.021435548174304132,0.007163700764795067,0.0005743138273828663,0.007268354145344347,0.0021973717659420798,0.008090658494620585,0.0019885589950717985,,,,,,,,,,,,,,,,,,,,,,
class1,SLA-1*02:02,SLA-1,5,0.06726227076724171,0.17116485035676304,0.11959698458667845,0.0070380552118876945,0.012660102976951748,0.0877428134321235,0.0030887249042280017,0.01589919384896348,0.07847826886645634,0.01214952020382043,0.001763911819580244,0.00486759414197877,0.001825433279009303,0.003716930694645271,0.0641367162403185,0.03065551363833947,0.0026586036481603516,0.000602454727049917,0.0005485651533490455,0.009344493065873394,0.0020761661930919217,0.019653811598254835,0.0006844108684163075,0.0005337235205843171,0.00039898014620121103,0.0006159753179872495,0.09142740890092682,0.0013455467771564145,0.002062675001798198,0.0037554788214038126,0.00022639185845036992,0.0010548681046202546,0.0012861821811384288,0.00018589265091577544,0.0011216774000786245,0.001551363231465075,0.004630763356180978,0.0044365144858602434,0.006840554353402695,0.0014835120280622504,0.004458447627257556,0.00472066426591482,0.06434949411068373,0.009238100971560925,0.006214313840246177,0.006943156273337081,0.01782355539035052,0.017740715648324114,0.005385880018002354,0.0006337014761811588,0.008755218156147748,0.001960350221634144,0.009421756001756876,0.0017817611573264004,,,,,,,,,,,,,,,,,,,,,,
class1,SLA-1*02:03,SLA-1,5,0.06056012958288193,0.18073090941234113,0.11640054457820952,0.006955630694574211,0.013300261070253328,0.08800574715714901,0.0032303218264132737,0.016112276271087467,0.07607719994448417,0.012142330163624138,0.0017570538038853556,0.004926730479201069,0.0018520662531955167,0.003804828925058246,0.06570678402204067,0.027069450674753172,0.002659017745463643,0.0006026610353728756,0.0005478247265273239,0.009381568309254362,0.0022807033076787777,0.02056339991831919,0.0006591323621250922,0.0005605330444268475,0.0004023071924166288,0.0006219142020199797,0.08909925543703139,0.001436991606169613,0.0020369860983919354,0.0038280582608422264,0.00023594731865159702,0.0011247036189161008,0.0012513744193711318,0.00019208897138014435,0.0011584159205085599,0.0016132937344082166,0.004739612271441729,0.004608016603742726,0.007089720137992117,0.001401870490371948,0.004681095317937434,0.004943890654249117,0.0654051996227281,0.008999034459702671,0.006131378341706295,0.00737219235743396,0.017589630471775308,0.01863519306316448,0.005437899754906539,0.0006631753109104466,0.009336725051980466,0.002124524720420595,0.010106690834436449,0.0018456787831382826,,,,,,,,,,,,,,,,,,,,,,
class1,SLA-1*04:01:01,SLA-1,5,0.019897458562627434,0.029977979697287084,0.16994872863342608,0.006073919706977904,0.009388352584210224,0.016922197490930557,0.009413977000804152,0.006681333607775741,0.06132176714581874,0.0020381248585181313,0.005028607253552764,0.001227913247566903,0.02335639638477005,0.004725989047437906,0.00613677069050027,0.02782057336298749,0.0026086391997523608,0.0009727152850246057,0.0009269373826100491,0.1411218301334884,0.0043199235056818,0.00876528799017251,0.0015042655839351937,0.0016453797619760736,0.000350734389758145,0.0001932424012920819,0.14798752265633083,0.005504069197922945,0.0023917761398479344,0.011630572460126132,0.0013426204379356932,0.0016236059273069259,0.001387376239290461,0.00098707809811458,0.003183265470579499,0.0008476788338157348,0.0009969072438252625,0.012387517241586465,0.03960831795175181,0.0012983177439309657,0.02114222936797887,0.0067443220526911315,0.02320961984441965,0.013815878927562152,0.018323313706059708,0.004830290708923712,0.015990478810999777,0.023220465228223474,0.009898662869818508,0.004160377416701522,0.03764492147020064,0.005238504495719098,0.019820511052239455,0.0024147792981239037,,,,,,,,,,,,,,,,,,,,,,
class1,SLA-1*04:03,SLA-1,5,0.021227400517091155,0.11741677880345378,0.0790451243519783,0.004165194052620791,0.020187599543714897,0.02467804707121104,0.00904234148329124,0.006456677956884959,0.17545740258028672,0.014270163304172457,0.0029504342877771706,0.007765395892783999,0.01362824457755778,0.014548298623412847,0.026059110221103764,0.003054696845356375,0.005779666689340957,0.002666132972808555,0.0020595255482476205,0.015611038426868618,0.0036551024808431976,0.004524479791871272,0.0005841094098286703,0.0017153250519186258,0.0010025966766988859,0.0005985791009152308,0.13060814292693976,0.005804890920990147,0.0016322554147336632,0.006200850033201278,0.001130077027482912,0.001253234846808482,0.0009768027812242508,0.000742636952054454,0.0013774872073554433,0.0016551703032746446,0.0016309818678564626,0.0051598413905594494,0.0455193404608508,0.0024875020077161024,0.007008857652544975,0.0027598965098150074,0.006835621025675209,0.02397218779697141,0.0362825998399785,0.003374714433448389,0.008321155494195409,0.014522484835470095,0.017156227153463988,0.0052363216193043625,0.05913334746437613,0.002961041654634755,0.02563308089302154,0.0024737828760407867,,,,,,,,,,,,,,,,,,,,,,
class1,SLA-1*04:04,SLA-1,5,0.022357007162645458,0.03448512640316039,0.1741178368574765,0.008407924944185652,0.009907340299105272,0.02391004381934181,0.010994275004486553,0.006734774468350224,0.05807519983354723,0.0022196789272129537,0.004638205928858952,0.001292052676581079,0.02262617864907952,0.00635622781701386,0.007953865913441405,0.01946698362589814,0.0030662009550724177,0.0014413113618502392,0.0009536653087707236,0.10949497577385045,0.004157090135777253,0.008438964359083912,0.0012731277325656264,0.0016345851967344061,0.0005613939763861708,0.00020946892072970513,0.15171308580320328,0.005679160682484507,0.0023171605775132776,0.005381417664466426,0.0009509659750619904,0.0012067463525454515,0.0016773521623690613,0.0008859971705533099,0.002427180189988576,0.0007896980354416882,0.0011239297837164486,0.010994331401889212,0.04744938461562924,0.001723196523380466,0.017278302065096795,0.006917688183602877,0.01754695973577327,0.013610275151040695,0.027353178974226466,0.005393004301004112,0.015817887862795033,0.03439523565248237,0.0108411968270957,0.00698046199104283,0.03436791159911081,0.00409396886407194,0.023616777886491035,0.002694014966255054,,,,,,,,,,,,,,,,,,,,,,
class1,SLA-1*04:05,SLA-1,5,0.016880680748727173,0.004424623027443886,0.14480458105017532,0.004956663842312992,0.0018444973762598237,0.011639988159731728,0.007024420911329798,0.04327736913182889,0.005912752934455057,0.0009083989840291906,0.00467871457367437,0.002241836682151188,0.14951751594999224,0.12187425690790406,0.04139704446097312,0.03166108755976893,0.009356560121523217,0.0013099439893267117,0.0005212953867157922,0.21135411667637527,0.027089802210684865,0.0017788591721910052,0.0030202046036720276,0.001376382718444802,0.00039426615367119664,0.00016963155576377176,0.04169358284561895,0.009959632344543935,0.0038901450810953976,0.0008127758686896413,0.0011291935872577597,0.0015020830236608163,0.0010166206629946828,0.001049964981211815,0.00041328281949972736,0.00035892001906177027,0.0003099869572906755,0.0025763699639355766,0.000953119215046172,0.003734559618169442,0.001515693511464633,0.001608489966019988,0.004425640816043597,0.042435221050982366,0.0039000318036414685,0.0043831505514390304,0.004184469295432791,0.0039177477898192595,0.001625487644923851,0.0010116663863300346,0.005911040771752596,0.001475421012219158,0.0031957760518707802,0.00159443742595613,,,,,,,,,,,,,,,,,,,,,,
class1,SLA-1*05:01,SLA-1,5,0.002654460939811543,0.11015027907851618,0.027167514048051088,0.004223477427149192,0.025943262840155513,0.010107948922086506,0.04507401041337289,0.0022025749651220393,0.004484304074867396,0.003344395744352369,0.0024862927501089873,0.05781184828956611,0.0030407746438868345,0.0023754299036227167,0.009590583643876016,0.015109091971680755,0.007744709448888898,0.0028416243381798266,0.003192010862403549,0.021633561979979277,0.00246841594344005,0.04186481952328904,0.002979857986792922,0.0045032067471765915,0.0016082718968391419,0.0017996277194470168,0.009035148308612406,0.0049796801060438154,0.16976963814813645,0.02399854704272002,0.020740899904922117,0.006591569879674353,0.0038246943789999933,0.010196136467857286,0.013677190948510543,0.004233975569513859,0.005896812508581206,0.10641633062623441,0.014634426485281437,0.0031403557863086463,0.003349992350968023,0.015939691726816817,0.02387563819793286,0.005846194527839544,0.010878033222979866,0.002033845117330202,0.004250751552172005,0.035321335155458655,0.00465753639000468,0.022255689103985787,0.009803273930629075,0.006395681914091256,0.03527049863041611,0.006584085174836218,,,,,,,,,,,,,,,,,,,,,,
class1,SLA-1*06:01,SLA-1,5,0.01175843317178078,0.054383710492402315,0.11971678049048932,0.02396588485717075,0.0025666849840490615,0.11972554740277701,0.005632589070592076,0.0004788705293321982,0.012524066645528364,0.00019251784797233996,0.00042636760408640837,0.00048184745537582785,0.0008380054692679551,0.011101129675807897,0.0002840325654688058,0.025205611856654285,0.003092551795998588,0.0003710414233864867,0.00027751360066758935,0.06368115533841774,0.0031462034028663767,0.007744978225673549,0.002954344789031893,0.0006057454113033601,0.0002189591000387736,6.276190260905423e-05,0.10964194076950662,0.004001233070448506,0.004891311202663928,0.0025132838753052058,0.00031455594016733813,0.00046877687855158,0.0025877117266645657,0.00034750330160022714,0.000790609070827486,0.00012509702355600893,0.00027616789484454787,0.003346011700341478,0.02085566839450621,0.0006573098275111988,0.0064820126062841155,0.023726033531420398,0.252375574324833,0.004254852885787841,0.0038751070902435457,0.007427004269266036,0.015766882989555597,0.047398936595709526,0.003337155599729158,0.0030260913277743383,0.004585760406916961,0.0033401793043594807,0.001100667385617271,0.0010492121306015178,,,,,,,,,,,,,,,,,,,,,,
class1,SLA-1*06:02,SLA-1,5,0.03692757139797322,0.05455987195036869,0.08823158761224477,0.008746711069397861,0.01048718897800427,0.01896392640992417,0.0074423268059035765,0.007858885847963393,0.21674335099851305,0.00764961813147238,0.0020495776559982916,0.002492704609176144,0.0018867684731958434,0.0071185567358043045,0.023129650845658035,0.008585804166796152,0.0007854012961615809,0.00029136162665963636,0.0007938004338939209,0.012239685283930157,0.001428234946797602,0.0014152948657283559,0.0002986032708577113,0.0007319970689422916,0.00043133291546837427,0.0003211966835806379,0.13615773608617018,0.0022320656928059178,0.0024647526210173965,0.013142317568417638,0.0006775486492188066,0.0010873689185245893,0.0007570202888018684,0.00042800147930392994,0.0017307414556853474,0.00019401923082114082,0.0004728777359559899,0.008555853326106444,0.050701865383962284,0.00031102175125852227,0.007046828063903376,0.03140637997130398,0.1480952613419504,0.0008841213874347887,0.005465986800118117,0.007616803703422192,0.010193195101601304,0.029960763367398613,0.008761258941376582,0.00023678452271269634,0.0033236449002288283,0.0030985290577518754,0.0027811888663563876,0.0006050672673154622,,,,,,,,,,,,,,,,,,,,,,
class1,SLA-1*07:01,SLA-1,5,0.0836678599473089,0.004894767553196289,0.13767747840320227,0.005161925446009264,0.01838177360477857,0.0014260803640354426,0.027431934847845695,0.0054206546497880485,0.003076633513410343,0.001927287661237642,0.005107050768128829,0.0032515687606064604,0.011643029519473203,0.10380609083513263,0.004083520142012275,0.1269838539417833,0.010426735458895563,0.0032979016745230184,0.03616211842163466,0.0034015130542684345,0.00030635232324129904,0.026987682737672002,0.0010518213006434963,0.031049343520135154,0.004650729979766765,0.005070433864602819,0.006037825427483767,0.014137197169475257,0.0008525010052835569,0.003699273377424106,0.01256259537040023,0.014534097735304386,0.0010713637166190892,0.020604542609362397,0.0085161967552267,0.04274458392465021,0.018894888099748642,0.0014480653364444152,0.008418722272108426,0.062472727289423345,0.003571461816318333,0.005231244920287282,0.03690082300308859,0.004223354224086507,0.0028114239685237408,0.001271445723978104,0.0085141775853117,0.012214934162329882,0.0038002655426680578,0.002569707933434984,0.018883157754316926,0.0056455016898326,0.008415607627830468,0.0036061689490452407,,,,,,,,,,,,,,,,,,,,,,
class1,SLA-1*07:02,SLA-1,5,0.08094818810932339,0.003991300099005457,0.1440240821626503,0.005248345155268908,0.016518137502134777,0.0012630461860680953,0.02655974390072515,0.0061116641096305106,0.0030267460730101447,0.0020527579181361943,0.005121017478813883,0.0029788610838295424,0.011875938161392697,0.12758849771344102,0.004367625442682765,0.12297522379085421,0.00909916553646326,0.002537740152911283,0.03614387078559957,0.0032559825922362506,0.0002954465293441899,0.025409343105275185,0.0008503669989295304,0.03145751991542056,0.0034829886484658346,0.0047430668113520365,0.005804186552995816,0.012423848954495043,0.0008069872463238425,0.003546115756034851,0.011244361607532482,0.012370568144251592,0.000962619564961642,0.020120952925935853,0.008388463908340782,0.03884492556098849,0.017784574517281725,0.0013301767961820588,0.008193388756626518,0.06022294096183032,0.003534292534459382,0.005392380358534865,0.03689645707054297,0.004188470107328613,0.0029681340674869716,0.0012672412463871296,0.007911892249103403,0.012327886192360893,0.0039025313228194134,0.0022242815197387245,0.01914276003371924,0.005489768051666033,0.007487426241277717,0.003295733331469819,,,,,,,,,,,,,,,,,,,,,,
class1,SLA-1*08:01,SLA-1,5,0.005527305853320286,0.022930674187955448,0.020221049000974746,0.004940710998926079,0.02025301512912847,0.0070717711132601835,0.021449874358950183,0.013531054230907103,0.025171655827580252,0.00197198158421088,0.0020500399339653088,0.014568627072003437,0.0014060439469176344,0.004391439308528788,0.00924524936308444,0.019918033980502514,0.0013110354950185866,0.0014373159385286272,0.00800549608829897,0.18110936067532749,0.0034292037424165757,0.0012037698397762142,0.0014315880660433322,0.0035605342374765312,0.009286832242105447,0.0014402340679225746,0.2637334517959971,0.01846662857569754,0.003318422986194491,0.014098359132185578,0.006965799302088271,0.006701029522810131,0.001689942812663503,0.003760260135459248,0.004402454912633402,0.002529730332662439,0.004941813833283959,0.006850554244010709,0.033660445714576784,0.00789517448283732,0.001941641402663663,0.0089617621852085,0.07823850616550772,0.0010534789180383086,0.005660433183584246,0.0020938151821610516,0.004943832410208415,0.059260639649619404,0.006227516183571424,0.004707483315723948,0.0024173503916244954,0.0037438470324559605,0.033384061863762325,0.0014877082780003549,,,,,,,,,,,,,,,,,,,,,,
class1,SLA-1*08:02,SLA-1,5,0.0030241986853070555,0.01571502249862533,0.019273438437085132,0.0012785101163899526,0.00795152114587836,0.004740740945271682,0.007630114136554766,0.0015094619094270455,0.0028187025145598454,0.00036087467742618173,0.0007190028201875976,0.0034887291760242077,0.0010244859266094863,0.0054986959381494675,0.0014730565853824373,0.028165818129491527,0.002466971636749804,0.008270034939050675,0.01759510167030385,0.22838532170280815,0.010046827269252389,0.0073055895354627864,0.0019394358503632247,0.018472498684786842,0.015768038353053272,0.0030658750256407075,0.15687941800570115,0.03484348813071847,0.045749521488323806,0.015922953747212885,0.022939259127451806,0.01687681647599675,0.002275311341509223,0.013563190860440954,0.008678786327072885,0.007315830195875605,0.012410333463776624,0.01699603262677556,0.023762024387906422,0.01709676762111485,0.0020727008188259786,0.0063685834116768095,0.07717726290429709,0.005501531921618152,0.004491463824524544,0.001482639997266233,0.0031282306197681466,0.04402990481758025,0.0035078397719189524,0.008385681684740121,0.0021248369877866933,0.00225551994954003,0.021997059086425,0.004178959681303241,,,,,,,,,,,,,,,,,,,,,,
class1,SLA-1*08:12,SLA-1,5,0.004695145977893844,0.025767403282225133,0.027744015303323977,0.0032481534071848728,0.01850777009385638,0.005812264594715089,0.02038666624284815,0.009660774899020907,0.021309923989065283,0.0019997197581687943,0.001990826793189626,0.01744765351249953,0.0015370221226476133,0.0039053514017723502,0.007859321226715111,0.019477435329463333,0.0013364097278099508,0.001812018605414778,0.009161777833651286,0.17845909259049222,0.004720696655567735,0.0014143724052701145,0.001308749386225827,0.0049893312436324775,0.00860738449046039,0.0014415165245736717,0.2485472837521229,0.018949269584845753,0.003816009918227792,0.015175774460658431,0.00767520289755339,0.007749106900882907,0.001664940764021594,0.0038607256414252334,0.005052899280417478,0.00257492021055441,0.005340249017172028,0.008456428689532914,0.03460676241838882,0.007356990379048511,0.001939232792938128,0.009644538714201189,0.08599558019341202,0.00145855899208982,0.0056280279317434175,0.002094226554618217,0.004886477024410851,0.06033362703492458,0.006006012208672473,0.004926734608307015,0.00252456884336425,0.003727086254366441,0.03359665708994726,0.0018113322264980524,,,,,,,,,,,,,,,,,,,,,,
class1,SLA-1*08:13,SLA-1,5,0.005813996912911535,0.02326842725742608,0.0031304938602261245,0.002385538784437813,0.0002968669024994597,0.003029332691221498,0.000629293943347875,0.001281358027154056,0.0003676392388115346,0.00017272948098252528,0.0002687756350496784,0.000497308537887875,0.0008603072174082627,0.002259600785328075,0.00030575012315239294,0.04926654999144375,0.002931141457520425,0.004503919801209122,0.0006635648271185346,0.28322912454605104,0.00811442793929018,0.013694601720635547,0.03152323571266606,0.0005526564164028969,0.00031507613348367156,0.0008152549750775507,0.2920897176954895,0.018666913302149625,0.007692032004706561,0.0038023228873498736,0.0013401288490968,0.004659707364044152,0.004075474264391232,0.0019458372888038866,0.0015520951012149454,0.005379330598952947,0.006097826294717379,0.003922553223674186,0.01808326912441771,0.05594390959013253,0.0009806103225855622,0.0041465700720436875,0.037135215346643234,0.001837893421179615,0.0018310115690837847,0.0012613540471647865,0.010720846353797242,0.05816009029076667,0.010269830751713015,0.0005289846769301221,0.0018157338301534765,0.00403631941153435,0.0005462186127260793,0.0013012287992751226,,,,,,,,,,,,,,,,,,,,,,
class1,SLA-1*08:07,SLA-1,5,0.019730875047389417,0.0464532510493882,0.008841806853888556,0.003377027924580034,0.01828285536612384,0.010196195024764165,0.028071161377010868,0.009421604446833954,0.0059827091590705095,0.000958825032284949,0.0019492613442707806,0.01824615412624553,0.001510432016220875,0.005299808282870799,0.007887116839992814,0.020667998353019357,0.0908707572001731,0.003446654410799965,0.005556136736413464,0.1100346015067771,0.010813489381689578,0.004161602375097573,0.004740899871103465,0.006151429959572852,0.010348731502017473,0.0032533362551475874,0.22265378704760225,0.0148976857541129,0.006913771852850914,0.010268059559166431,0.003502339356782613,0.0066337142168777065,0.0016031928564189002,0.005278401935356669,0.007382178113039118,0.003357399726883159,0.006061255848908331,0.01188924118760042,0.013395133677840931,0.015140197332948446,0.0027689459326211362,0.007222309871576726,0.10271832532307598,0.004460816067148698,0.0049018599340342915,0.002300867496524006,0.0107123677036725,0.02736148245021468,0.005829183914465829,0.004966319462982938,0.002825420821318403,0.0035150503739714623,0.032857551848428555,0.002328409079927951,,,,,,,,,,,,,,,,,,,,,,
class1,SLA-1*08:08,SLA-1,5,0.0033737498422851788,0.04170885967905633,0.001293692619219655,0.003723549626010936,0.00025968961344915444,0.0015316115161112976,0.0011541576132003684,0.0009681154444479035,0.00026328040275984675,0.00014560822164639832,0.0003488026981358416,0.0004121011676033959,0.0008648047623864841,0.0013976125017507001,0.00032837697599461533,0.009617930793319828,0.0031455343589186667,0.011429587320890278,0.0014666863156890032,0.2624362725764513,0.010095449164509773,0.01744090115535073,0.013114142138510943,0.0015865264365857,0.000749856473703403,0.0032660432058037258,0.26178129920735954,0.023525455920025706,0.0053648948844056575,0.0024342852411791682,0.001885316126572434,0.011496074736351147,0.003845030564116314,0.003479314415017143,0.0022580037504667414,0.011030360023505636,0.012442682619439437,0.00720806829558569,0.028108746493853688,0.11875005587935447,0.0013190983067033813,0.0024131605721777307,0.009504518803441896,0.0012830769759602846,0.001173087065035361,0.0026250938128214328,0.0074427293438930064,0.06157158301066375,0.013701400240825024,0.0006901460787048563,0.0006895179220009595,0.009787613399385008,0.00039538086275570095,0.0016710508985852356,,,,,,,,,,,,,,,,,,,,,,
class1,SLA-1*08:03,SLA-1,5,0.008117361185577465,0.06529131379211321,0.013960564509034157,0.0006143239967059344,0.0033709261551848613,0.0035435671772575004,0.002140326172229834,0.0017428771881895955,0.0008199128868909611,0.0003820299869403243,0.00028912963171023875,0.0011532762291608378,0.0017693684307232616,0.003394055395619944,0.0007446780000464059,0.01442550485371612,0.0030004606873262674,0.05486450175521895,0.00389323809868074,0.05345205841585994,0.003249639458954334,0.03151352674758527,0.0068303829000797124,0.04603021793482185,0.003045855067102821,0.0021644335695782503,0.2821044309297577,0.023350027645938097,0.004848535486962647,0.0049000578816048804,0.02904756790430838,0.02591604335757438,0.0021858051368326414,0.013201603951165453,0.004654774276787066,0.020466136284449023,0.021900768575869735,0.00630859293451067,0.025685791628893638,0.03941459896741435,0.00308323607314378,0.008826100057922304,0.0612578384578228,0.0023494223481975497,0.0037380034185844125,0.002785503681661794,0.005708346220490057,0.03143251471119583,0.009274177916813642,0.0016897633599000984,0.012176626696600579,0.01039859892334789,0.008668966771801933,0.004822587786475196,,,,,,,,,,,,,,,,,,,,,,
class1,SLA-1*08:05,SLA-1,5,0.004409844410838559,0.1576019363012165,0.006331169425538974,0.00080980010679923,0.0014012951040058396,0.025077382884774124,0.0013596917036920787,0.0005600343807600439,0.000622280256357044,0.00015893903037067503,0.00022622006727033295,0.0007364030607277527,0.0013231149307102897,0.0021661809892975724,0.0002467400197929237,0.008287787606241182,0.008210537431295961,0.043179511766356884,0.0048290936043486,0.03042506519705057,0.009930269148026128,0.027617218042723834,0.004165544512216002,0.018612428367487156,0.002966047215159051,0.002309023628549767,0.2958839711616747,0.01928721636068076,0.005454672267660499,0.00469622784294188,0.011417199977404379,0.0120262753116549,0.0016224780352786182,0.0057872925848641895,0.0021826257281645665,0.004775862360475003,0.010428655677606003,0.009673153886251385,0.02882035099355562,0.01714593017240986,0.0027491785047459418,0.0034795380401192234,0.13802796326053796,0.004504391831869725,0.0008225971047068015,0.002881901559885591,0.017372562410309912,0.02149816446035402,0.003840615531953517,0.001073304974124767,0.001180438746814616,0.003912437650433276,0.0016551654523937031,0.004236271636909805,,,,,,,,,,,,,,,,,,,,,,
class1,SLA-1*11:01:01,SLA-1,5,0.0018700703629292547,0.0015994615881936626,0.0012750728492392227,0.0014685944751363423,0.03659393174748402,0.03590075336760492,0.011190639476990328,0.000440882942348253,0.010329457221087069,0.0021273983409628274,0.00272182306216564,0.0040430618595564734,0.002074786824232433,0.005494132544845343,0.0010514296358451248,0.003844220918836072,0.00674853625241667,0.0022315356618491933,0.03386255018413067,0.0039688977063633505,0.016655181988608093,0.0035411353106610476,0.0007055472342472058,0.009111549193039536,0.005759316316107288,0.0028228165290784092,0.015964561509463238,0.05164237790741026,0.0005909897496167105,0.012188059522304683,0.0046815760317258535,0.020661775674670934,0.0024145763309206814,0.0035249420907348394,0.00732708242139779,0.012989302363712341,0.015511462738504633,0.02417551833204925,0.01738466566603165,0.01078589364187792,0.09172498844563962,0.00202396284439601,0.0019118515963782556,0.005568052581656957,0.10011375912290532,0.020481198141351343,0.016347882912668865,0.08453946753870696,0.028487180778756737,0.12852705493569375,0.006741555908229202,0.07161707803606987,0.027053396473638712,0.0075870053842663765,,,,,,,,,,,,,,,,,,,,,,
class1,SLA-1*11:02,SLA-1,5,0.007836611219681799,0.017164772011892638,0.02243918931199005,0.0024331811888259835,0.033948244477505794,0.03822303324996028,0.007627156405942514,0.0035399399370362517,0.005350571052986197,0.0008370454597752541,0.0012331351346801967,0.00527159156408743,0.0017847772905952297,0.0017994678753893822,0.003142466083227191,0.024038187297992408,0.003526481261360459,0.0011606108764681267,0.047579844802385196,0.0028677319634880403,0.0009653375935158692,0.01845119496283587,0.00018746147507044952,0.004979175027256133,0.009017126834805822,0.006988387822639197,0.143729081350466,0.004910627752542496,0.0002561167115345597,0.027094887488055976,0.003067321937123779,0.008563234511530026,0.003020196440957079,0.0014215906572644598,0.008478224798454902,0.02614743042358896,0.0325046478130389,0.013382004870800301,0.013017789208242902,0.0013287825888255611,0.21557330479845405,0.00853360184119083,0.01822349533358647,0.0005350755753170233,0.0194290068524424,0.01680566107388586,0.01054991686687572,0.009759963393662474,0.013682501613220665,0.026692719309357925,0.012212532921694219,0.03151186052709818,0.05319778979755938,0.003977950767148286,,,,,,,,,,,,,,,,,,,,,,
class1,SLA-1*11:03,SLA-1,5,0.009843953754170798,0.013581552170217037,0.043286127224564555,0.002929384229355492,0.052558309896267016,0.00945733044645749,0.013024343340657652,0.006998729056795128,0.011657823022687808,0.0022420064778998494,0.0015115896356292069,0.005841994861839339,0.0011315367824863642,0.011605324863921851,0.007751775428187102,0.02855239261989482,0.009092818887438625,0.005986356111679925,0.01645991495461203,0.008590644283685833,0.0029488989734090866,0.02126486699999077,0.0006885725830215961,0.011218560952693224,0.0051779837031062925,0.0016962634661467745,0.07797205862589181,0.014592400856781752,0.001306817535078153,0.021061929408460855,0.0042923176792101,0.008243481075624004,0.0022796309407567606,0.0026564317595330067,0.004781205765902996,0.004933272913331166,0.011197203824121971,0.04274197335762438,0.052735231669066705,0.00740533676580526,0.03733971216715872,0.006413802853785455,0.02130278859040118,0.002636309804074699,0.03846124089868681,0.085006014816463,0.09802771367831156,0.030270973105507436,0.009446200469392351,0.02041101815411821,0.01367503108922392,0.011988775595091284,0.05417267333250493,0.009549403423443436,,,,,,,,,,,,,,,,,,,,,,
class1,SLA-1*11:04,SLA-1,5,0.017136023426428438,0.06860363974119536,0.12483219745336101,0.01724831146711949,0.022070808679563923,0.09834490402718074,0.029199845890980215,0.007224796546506695,0.08193379960721359,0.003562458316446282,0.001904449453286361,0.015539686669944786,0.0030574039672501387,0.02820735506247729,0.007418229675386101,0.02130177674116567,0.0037652889150194824,0.001155702803953318,0.008027719854726455,0.006044135452248156,0.008432644795902888,0.002259800680621993,0.0007525341876316816,0.002152570109683438,0.004886034156879759,0.0012110738733099424,0.06603519115597009,0.0028442150563932956,0.00393658681132365,0.013224770547822118,0.0019198309135390445,0.002248798537766561,0.0029355780192418025,0.0013941170647740365,0.004515714594163001,0.0010812049376909272,0.003150464275313425,0.017693710103048942,0.01866551086422987,0.0010278885631123558,0.005598218995146453,0.07040232534345706,0.0548685043300793,0.0019400071207201109,0.02403009577810735,0.015281679411418735,0.002576119784498587,0.02589985115082527,0.006447797300643288,0.010358032922522398,0.007069893355946988,0.008896388820721768,0.03736545480787754,0.0023188448190921917,,,,,,,,,,,,,,,,,,,,,,
class1,SLA-1*11:06,SLA-1,5,0.03735513596329838,0.06691737067885697,0.08838988404604606,0.019263878575293346,0.023341888742288576,0.10495158699341119,0.030510218418203294,0.007644217397319153,0.02211618585715769,0.002358576830010861,0.0016752840543631463,0.01250822828442324,0.0022182703090948054,0.05128159618470818,0.007027391868177801,0.018143362598493695,0.03025821302435361,0.001668240546132438,0.007263338898337679,0.00392243885435164,0.0015254375502991024,0.002350542542990297,0.0011496748600620776,0.002395778560094186,0.004662403510883451,0.0014177403836583835,0.12412236745585688,0.0026272166171111165,0.0035656785126775502,0.011073054932057857,0.0018033695640042424,0.0021793870997498742,0.002966951530834194,0.0012618760636541992,0.004211482952814549,0.0011695651352056301,0.0035995452060888057,0.017620149394497277,0.011298646400973666,0.0013988815364427865,0.004701019951608032,0.07849072723183781,0.04802635647538409,0.0013357058633118868,0.02249692373225116,0.004744577265228145,0.001939060288714245,0.02461805473244567,0.011465693510035634,0.00953360715720919,0.003818317665718496,0.007961796870222314,0.03718400345824193,0.0024690893740626054,,,,,,,,,,,,,,,,,,,,,,
class1,SLA-1*12:01,SLA-1,5,0.0242193941376172,0.16777298356028042,0.08304924184340053,0.007619613115093671,0.05803528330288828,0.033974121429491785,0.01628052133601159,0.009424766642041504,0.1072997150477022,0.007495832635322585,0.030274821545754095,0.011443651735316963,0.026813177979784088,0.016881186811951922,0.03187883367354516,0.0018553155328845604,0.0007155789935495704,0.0009730383535497822,0.002399861165758921,0.007146999487667926,0.001030901336343959,0.0018574616296973545,0.00019001865439349785,0.0027702905299520353,0.0012160270498497994,0.0008114046483569837,0.1229932738293428,0.003341856284532696,0.0008655483368784189,0.021549244521884246,0.0035910222726670328,0.002448825604369631,0.0004746689028252149,0.001527866111791809,0.002233529464865569,0.0006409564535715617,0.000703692606293771,0.0062160668661817905,0.03179417088686023,0.0006077730307879392,0.006087310053408146,0.0058799254620680586,0.03504650694630982,0.002358448167842653,0.008911030695890077,0.019771878945903154,0.0010217433387879281,0.02023014607307232,0.01765932063717628,0.0005666836601449177,0.01332019335241057,0.0024941341631347313,0.013466752780368551,0.0007674040534766391,,,,,,,,,,,,,,,,,,,,,,
class1,SLA-1*12:03,SLA-1,5,0.021925932017620654,0.16641538068506634,0.0847562585317064,0.007427264479338192,0.059061839722562584,0.03263057355070487,0.016173310298472642,0.009376604385033715,0.1074577104052878,0.0072697190858889375,0.029348031189874745,0.011325959942769259,0.02667145652230829,0.01739832399180159,0.03174885128391906,0.001860950041009346,0.0007098421556293033,0.0010213418012426701,0.0023356289413641205,0.007203499897877918,0.0010579557536402717,0.0018498684854421298,0.00018083057111653033,0.0026898829408310123,0.0011925455759410398,0.0008111126850053552,0.12727186012780295,0.0033042637893231585,0.0008682165993377566,0.021238331735366954,0.0035582343851274347,0.0023984623410797214,0.0004714589784271084,0.0015240435521263862,0.002187055317335762,0.000632534607029811,0.0006867735837658984,0.006284241692628712,0.03242156215346768,0.0006295800310908816,0.005772251682356,0.00589143036340829,0.03550302415060287,0.0024029737169712463,0.008943092212211923,0.01951904161105631,0.0010022292997746262,0.019874374735400123,0.017521001003842684,0.0005478549064719118,0.013360963459126652,0.002408849450876005,0.013119523110799492,0.0007560953439678997,,,,,,,,,,,,,,,,,,,,,,
class1,SLA-1*12:02,SLA-1,5,0.025257691380102188,0.16797991027415266,0.08304421918001026,0.007854601804865524,0.05215111345751211,0.02832147869630717,0.0160865978570655,0.010183768279966898,0.12282067661144538,0.0065026317606680095,0.03557194808527129,0.010137219278840348,0.029088579979725183,0.016951511602383108,0.031619382763165046,0.0018013127999438438,0.0007643977631232701,0.0010181596968322991,0.0021522201095649507,0.007610777305671945,0.0009588679793523624,0.002011845009837998,0.0001965813626156887,0.0023775462275807515,0.0011882886698003857,0.0008389300653107057,0.1261110731109511,0.0031800763157662005,0.0008859044697601348,0.01819217739976011,0.003272295353599475,0.0021400056597485674,0.0004960821010172367,0.00137437089215382,0.001661589348805137,0.0006360137140291044,0.0006588011410713079,0.004335548134986311,0.024308052545893587,0.0006810215432778932,0.00493103516055271,0.006089988039457239,0.029625189365469852,0.0027447887489415734,0.010519774462954956,0.019502758359158177,0.0007594076843815856,0.020360304806308703,0.020237777910006118,0.0005293154899845831,0.014320590172428638,0.002335763632436283,0.014872309868223965,0.0007476852857507766,,,,,,,,,,,,,,,,,,,,,,
class1,SLA-1*13:01,SLA-1,5,0.037357791216345505,0.07280437398694631,0.11219415771192871,0.00575260696496116,0.017535562766715883,0.27309675087672075,0.002285960229346529,0.004552225104271201,0.11658787022133765,0.007792332509779953,0.0008977335426607169,0.002226499990501907,0.0008034885831875727,0.008495467714965343,0.025006229705468286,0.01080075272184331,0.0031399689978570677,0.00028012786897306795,0.000927236589086533,0.004477326178675867,0.0014145311255560956,0.0019401244790060446,0.0005341143321857089,0.00044340646527416536,0.0006639037086642929,0.0005056211961800728,0.03062086589052342,0.0012541843476356006,0.002627735765418038,0.0023733169553452173,0.00023501816831412726,0.0003433988444157876,0.001036300020859926,0.0001340030401479453,0.00039997525527724065,0.0001572600485815201,0.000426055388925306,0.0017784502124413848,0.00427556263639417,0.0002799767957185395,0.006344010826433077,0.03267274599784287,0.14460678757277493,0.0018222136655822395,0.00876170383853605,0.0037588055172818715,0.0028366061131237076,0.02758542414776457,0.004549880184640642,0.0003921386698493734,0.003172466531395912,0.0011582231614738702,0.00332631924393354,0.0005544281753827818,,,,,,,,,,,,,,,,,,,,,,
class1,SLA-1*13:02,SLA-1,5,0.016256778873503207,0.035799337190110234,0.12285584852797911,0.0034531561796029564,0.007829872256843373,0.03611372082668822,0.004371007092413492,0.0032320408579835204,0.02687750405057159,0.0014576210494851693,0.0012925409100716934,0.0015767925651744008,0.0022252459195442496,0.006471246061846614,0.001562212870339863,0.02103189186309464,0.003153867833316326,0.001042539076297544,0.002669857707223855,0.021717152488417924,0.004969819616235327,0.014308818201243412,0.0008089689363259822,0.0015554774799966253,0.0011787043349613668,0.0005377294761274243,0.13989674264448695,0.010080388805363327,0.002315972978249192,0.019461516058072448,0.0010027130774687976,0.002142980748612899,0.0010869044708670117,0.0009968100035621318,0.004704792654956691,0.0024480837088049156,0.004449413859038032,0.026060744441929275,0.054755763647790445,0.001293459508451633,0.019178174412809314,0.022315567763871513,0.06551711687352509,0.009506565013361978,0.10750381223260774,0.007096859166631475,0.031924612037255426,0.033779461612721204,0.006007037291419692,0.010310705934534781,0.02288355025812052,0.00734792913099227,0.037649595287803095,0.003932942094979808,,,,,,,,,,,,,,,,,,,,,,
class1,SLA-1*16:01,SLA-1,5,0.01134745432937052,0.005085333170427475,0.014826019105385058,0.00168476918770466,0.0021802040573675185,0.017402688134461643,0.002825573511654511,0.002410065629192104,0.0007816964753146749,0.0005065177989308723,0.0002758120834187139,0.003254405697953189,0.0010825877427123487,0.005023395147873089,0.0013306103021022864,0.020462910787318832,0.004587228992022574,0.009721533238189296,0.02922261372441426,0.13937368085607887,0.014080498716793954,0.003684213814995019,0.01542658232501708,0.026056094123850924,0.004433187196264043,0.002174138292321004,0.10300507957581431,0.03693012104486115,0.014640704332850873,0.014377035014331341,0.020174932231748245,0.05293520262930542,0.004934471414890141,0.003507713507860899,0.005184507212834433,0.015932450714171865,0.02971643256605603,0.006445888592861593,0.05542250076869095,0.0904138954821974,0.010930424463003874,0.010219923953991383,0.04027115249627968,0.005573889700463042,0.010629271168727427,0.0030211616365704687,0.004365141416201368,0.07633782330376562,0.010647162003442645,0.008804338471964001,0.0019133601526846178,0.011282935796771199,0.006309533970488701,0.006833124672994018,,,,,,,,,,,,,,,,,,,,,,
class1,SLA-1*16:02,SLA-1,5,0.01955706437001936,0.020359709436525007,0.013984930160222574,0.0037371612881543113,0.013268836046336219,0.02000176198343979,0.006699360627681017,0.0016195216099731623,0.0035674962295161095,0.003196275484515354,0.0018051057122647762,0.009932743932586164,0.00261789892683737,0.046903821849264206,0.0035147604648955166,0.009411851552431471,0.05862765819765627,0.01730695244623348,0.043382654126617126,0.04159450912848115,0.0064690712722949685,0.01153836918529123,0.0011645870748907329,0.026316422276431696,0.009355534662608989,0.009036948968787328,0.10719641903415322,0.020342558482661845,0.00508800171664916,0.007029910781420767,0.04514983210538048,0.04700797694385983,0.0019468059908831492,0.011622368561802432,0.010895083413925023,0.0221114488751482,0.032247235964314315,0.017939708777703345,0.013359714209946106,0.044215086847543716,0.00888435832457617,0.002831196098122746,0.002787617829744704,0.00898696041695075,0.010067495483235689,0.015014004714612384,0.006368661921078456,0.01256645688390563,0.014586544696066994,0.06020880729483906,0.012317615750362165,0.01928196122898953,0.024799945639097133,0.010175204277038575,,,,,,,,,,,,,,,,,,,,,,
class1,SLA-1*17:01,SLA-1,5,0.015880286693572998,0.18003488533631753,0.11413497998146341,0.0054283169709378855,0.007341866887873039,0.1467049011902418,0.001203123523737304,0.005094724668379058,0.13965643073388492,0.007218861868022941,0.0010357090170145967,0.001979357392701786,0.0012815641093766317,0.0037128744239453225,0.022984193282900377,0.03247321419185027,0.0012239613046403975,0.0005364600103348494,0.0005971387990030052,0.005356586961715948,0.0020219391328282653,0.005715988160227425,0.0004801696202775929,0.0005469694004204939,0.0004078628589923028,0.0003432448937019217,0.052242379175731914,0.002555179622140713,0.001703313644975424,0.0023538790104794317,0.00015886939690972212,0.00046217354392865675,0.0008858364893967518,0.00011539757688296958,0.00043841050210176037,0.0003904156868884456,0.0009234010911313816,0.0020000897071440703,0.004542912982651614,0.0007202464799775044,0.00830513156251982,0.011482024368888233,0.12416518678037392,0.008952279956429266,0.009162401410412713,0.003703339380444959,0.004848467189003713,0.03447411767774611,0.006996876393532148,0.0005378388749704754,0.006830023124348372,0.0011883929961186367,0.005293316744064214,0.0011725305608706548,,,,,,,,,,,,,,,,,,,,,,
class1,SLA-1*14:02,SLA-1,5,0.004118367967021186,0.004830577102256939,0.010196577673195862,0.002030808125346084,0.012731759899179452,0.012224777012852428,0.03884096811525524,0.011382623575627804,0.03118174265837297,0.019717601838055997,0.006285642052534968,0.01535426899790764,0.07416268481174484,0.12712423573830164,0.06779843014664948,0.001155545108485967,0.008814726176206022,0.0011958769522607327,0.027875766158103943,0.0011443635215982796,0.04954741989495233,0.0015073534843395465,0.0005540313963138032,0.0071894118445925415,0.010264987128175562,0.0126496099808719,0.008092457179736811,0.012607164867222308,0.0008186847670003771,0.05637015461106785,0.004327118236687966,0.005434636340942234,0.000897012953646481,0.0035138082268531433,0.006890211050631478,0.00888697015470825,0.014326864253962412,0.014931002107914537,0.010482703370507806,0.004069725901354104,0.031676174548920244,0.009176203707465903,0.0009673606928117806,0.007349614193299203,0.013625369236979167,0.07078924018569524,0.0003916792789823376,0.0038609690294833855,0.05745174983749166,0.021342358668334782,0.016728024333133362,0.015406614542007447,0.037010374921374024,0.0026956041459925474,,,,,,,,,,,,,,,,,,,,,,
class1,SLA-1*14:01,SLA-1,5,0.008523801818955689,0.07877424833422993,0.024911908444482832,0.0053867650975007566,0.015682064276188613,0.020017822082445492,0.01634018246550113,0.008743398758815602,0.17717305223777657,0.05740157676191302,0.06472458151401952,0.018207371816970408,0.004131679865531623,0.0029144190601073207,0.015087849646806716,0.0033373404119629415,0.04281321053858846,0.000791846831998555,0.0049498864325869365,0.02207995210774243,0.009893830501459889,0.0010650874304701575,0.0025601471337722615,0.0013610138557851315,0.0034827552932256366,0.002562678463982593,0.1037840419798158,0.0027677749982103705,0.005369280074410199,0.009353081474546342,0.0026360842399299144,0.001301599589351099,0.0006670975562883541,0.0010557241868809797,0.0031024681404232977,0.0035784792966296664,0.0029509689728001833,0.009708489628974349,0.005118409881833941,0.0009641831664339406,0.004569196561351419,0.006483029597438872,0.02563451111491304,0.0009056422897629091,0.023190026920929085,0.00407735520566348,0.0048834029246791035,0.028618678193743106,0.010607109039847273,0.014504868889343926,0.023110328742768617,0.007000783714465797,0.07973339814925566,0.001405500719556585,,,,,,,,,,,,,,,,,,,,,,
class1,SLA-1*07:03,SLA-1,5,0.020906718529295175,0.0025805267912801357,0.017675591468287167,0.0034254821279319004,0.0003112218575552106,0.0018971548503031953,0.008555527654061734,0.0009903545444103657,0.000648151409404818,0.0006936557459994219,0.001758176526709576,0.001001322163574514,0.003195433210930787,0.004466785627300851,0.0014789741620916176,0.33702554190531375,0.02787208016961813,0.003220223542302847,0.019189468323020265,0.03423552494496107,0.0017236877902178094,0.010572992917877855,0.018186727352440358,0.010875325617598719,0.0020040135314047802,0.0038557189807761462,0.023225466441363096,0.010887397208716721,0.013031215616501867,0.004746694955974818,0.004986872373046935,0.008000592183088883,0.0019165010249707847,0.00570854983816389,0.00544288992532529,0.007796918149688281,0.004196507052984089,0.0009607630065147533,0.009783045112453693,0.26544130900874735,0.005298361874156399,0.0037604489931254647,0.013250283341039903,0.0020740308798849584,0.003929934834013693,0.0011262419488048182,0.003038656574790366,0.034644708671839906,0.0013480820580298314,0.004055536375381053,0.011707778496929677,0.008314084244557308,0.0007526871268055402,0.002228066779207438,,,,,,,,,,,,,,,,,,,,,,
class1,SLA-1*18:01,SLA-1,5,0.04326978698372841,0.22868591966107488,0.22419424382969738,0.015738254133611917,0.01207783343270421,0.020830717962235214,0.0016435796627774836,0.002113772468874231,0.011609597271308303,0.0033877251436933873,0.0004769252576807048,0.0013788561795081478,0.00335351313733554,0.1454016560339369,0.0048996488214470444,0.00503014048008481,0.0017604983346245716,0.00047822242122492754,0.00017392406070939614,0.004260181809604547,0.000903962982010853,0.016375604343193118,0.00039832908478274474,0.0003198392594640609,0.00031331147156379304,0.00034487284274291595,0.1589206222386565,0.0006380581733537837,0.0011276969817117788,0.0004194643202936277,0.00029489005100913346,0.00019414910457271617,0.0003922691714251414,0.00020484968117671088,0.00024912393200793304,0.0004320541671404499,0.0003911014419827552,0.0016146132795256563,0.0017480863654782298,0.00020614157328964212,0.0007073861779645085,0.0008869548822985962,0.00964706965496589,0.033122304681455716,0.004695023305794166,0.002810370293445885,0.004561268629913684,0.0015272587295385165,0.0020988092837797012,0.0010822327327332459,0.01626485208980739,0.0002743170161920716,0.004871770177851431,0.0011963581484451425,,,,,,,,,,,,,,,,,,,,,,
class1,SLA-1*07:05,SLA-1,5,0.0024464949121465905,0.001530297880708531,0.006378752302771318,0.0014127110262052156,0.0005121658818097785,0.0005436702842416708,0.005654254440014483,0.000799481301146443,0.0007587511885503772,0.00171408257810981,0.0025549833953846246,0.0009844935659202747,0.009476824945886619,0.0020249021850759163,0.002988727143383585,0.05131817180663347,0.03241008035838604,0.0031599913723766803,0.048144541401416066,0.007600862537219655,0.0011323186568915843,0.010165330802556128,0.0015007789188530296,0.027128927010926417,0.008217222499661147,0.025665164226666093,0.004639903092174791,0.011237437813542783,0.0011275029057287612,0.0018351737176999449,0.004492103471420705,0.008117958472575992,0.002992937256931327,0.013447255769278854,0.004561241815099493,0.11667921785265208,0.025889902701601387,0.0006328764502541162,0.005781150324037298,0.4074647128582001,0.003751510978327133,0.0022406822867196753,0.0015154485561652109,0.0004634643773897551,0.044231978012248874,0.0011482356621854706,0.0003453477183938958,0.06368833778833505,0.00269815861834104,0.0027654423320200294,0.0049127932986266385,0.0028840116392530035,0.002279748604632914,0.0019515015650540591,,,,,,,,,,,,,,,,,,,,,,
class1,SLA-1*09:02,SLA-1,5,0.055140456126537174,0.01398182859411463,0.07949576805549441,0.004577198377228342,0.00833315010095248,0.0109154416131787,0.0106807607524388,0.0017533208603708772,0.0016602547191723715,0.0010443781782669248,0.0011324871502438327,0.0048236628452286824,0.0023215065753902308,0.007896946201799437,0.0019479507054711576,0.08297772137448192,0.008669497212395072,0.012118733793613501,0.03347265782831528,0.04958037845790386,0.0015037344754091464,0.00913634018797893,0.0025357404840178786,0.015193137288588333,0.011815081203394584,0.003797605809813831,0.16825767394038849,0.014740813538082875,0.053277568286284806,0.009700752038042992,0.012006511987783597,0.01545001923077507,0.0018191253853728994,0.011779833043692633,0.006433115087565966,0.008073385502939345,0.019130917279107963,0.01054015780609916,0.007186410687245371,0.06637490415014327,0.0068418875573115654,0.004305623238906264,0.09110147556275479,0.0034169849823229015,0.004194664972601458,0.0019443410739768297,0.0021013747784309087,0.013038165264879354,0.0006243267984245904,0.0075342297830502504,0.00303442066651769,0.0017715932524879463,0.014037041005212813,0.0047769420692929995,,,,,,,,,,,,,,,,,,,,,,
class1,SLA-1*10:02,SLA-1,5,0.004407938779331743,0.010203753894893452,0.059557435393799096,0.006097815066459589,0.01185738507192582,0.008874620684946422,0.03178929616697133,0.04510858445428312,0.03467044362332672,0.019271145621314646,0.005902516050264239,0.023636994417756796,0.0873007613234222,0.11467396738007665,0.2330913156270981,0.0017818489533965476,0.04247558006027248,0.0017981089476961643,0.006415517744608223,0.0020701501285657286,0.014091496108449064,0.0010396773999673315,0.0010344116075430066,0.0061373437056317925,0.004152854651329108,0.0023131274938350543,0.002963796391850337,0.014166347670834512,0.006100851309020073,0.0037640091439243408,0.0032636332209222017,0.0026720630266936496,0.0009893868642393499,0.008303509198594839,0.003580719348974526,0.0020127984666032717,0.0015804309688974172,0.009277429839130491,0.005876710405573249,0.01131467602972407,0.003597375884419307,0.007272093329811468,0.0033609612335567364,0.0036326500980067068,0.03320182192837819,0.00478934462662437,0.001686069177958416,0.006322133241337724,0.024157328910951036,0.003367948372033425,0.02017666634055786,0.0037608405691571534,0.02602972334716469,0.0030245629837736487,,,,,,,,,,,,,,,,,,,,,,
class1,SLA-1*10:01,SLA-1,5,0.005215336033143103,0.13219998193671928,0.1046929081203416,0.004752884662593715,0.023484297725372017,0.04465641909337137,0.026107338117435576,0.0100677206995897,0.029236043570563197,0.014697630261071026,0.0031388166011311115,0.009849090222269296,0.012730703374836594,0.013519675703719258,0.04986657083500177,0.0027994304604362697,0.0240854113799287,0.0010626688663251116,0.0022618173894443316,0.007103507482679561,0.07550421080923116,0.0029618532687891276,0.0006403143925126642,0.004073448113922495,0.002613569222012302,0.001288815703264845,0.009464306016889168,0.04765930487483274,0.004800421799882315,0.0024483217915985734,0.0018875930516514927,0.0010263291303999722,0.0012663676287047565,0.0031813247624086216,0.002323327132035047,0.0017189030746521893,0.0015737236681161448,0.010319005721248687,0.009036454197485,0.002065982469684968,0.006123451981693506,0.01044404607382603,0.005817158811260015,0.004101505903236102,0.06880248902625681,0.007235953334020451,0.007663634832715616,0.041078376861696596,0.039337387250270694,0.007845182402888895,0.035173538327217105,0.006572758441325277,0.049309081438696015,0.003113634197507054,,,,,,,,,,,,,,,,,,,,,,
class1,SLA-2*02:02,SLA-2,5,0.009075575511087664,0.05916093038395047,0.01876264329184778,0.0011098500981461257,0.005668407189659774,0.006156274655950256,0.03588308271719143,0.0036995297035900877,0.0019796903456153815,0.0007249563641380519,0.0008055703015998006,0.0017740352312102913,0.006105428916634991,0.0066667193779721854,0.002142001991160214,0.008680639695376158,0.05755434739403427,0.07201258948771283,0.010099502513185143,0.0127446350408718,0.004116598924156278,0.03864055536687374,0.0017974318529013545,0.053723049769178036,0.008704022271558642,0.009453135673538782,0.1829540761304088,0.02685028249397874,0.009414209285750985,0.006792616687016561,0.01886471590551082,0.01944623450981453,0.002080084349290701,0.01681472489144653,0.011916206157184205,0.009952593594789505,0.016043829155387358,0.014689469034783543,0.028520344910793936,0.04004941647872329,0.006212090526241809,0.010343721555545925,0.04301402583078016,0.002034604630898684,0.005366539343958721,0.001297738848006702,0.003395566454855725,0.0428664965351345,0.004404644578607985,0.0020393203827552497,0.012542257306631655,0.005741712189046666,0.013948576379334554,0.005162711860612035,,,,,,,,,,,,,,,,,,,,,,
class1,SLA-2*03:01,SLA-2,5,0.01660636786618852,0.017939633899368347,0.005073393177008256,0.04100490670534782,0.00585412881046068,0.010037845192709938,0.0065016981097869575,0.0014492343558231368,0.00149403311424976,0.0005282995101879351,0.00037804121093358843,0.001817356573883444,0.0020187118901958457,0.008997367665870115,0.0013010625320021064,0.02944258081843145,0.014967164729023352,0.04536880315863527,0.006332512147491798,0.02327139374683611,0.0012787849234882742,0.04005905990488827,0.0011058452597353607,0.056805112725123764,0.003450026677455753,0.0032628773391479627,0.2819656909239711,0.012303597945719957,0.0012075670761987566,0.005860914825461805,0.02264977536397055,0.029031776543706655,0.0015925836865790187,0.006417954619973898,0.004392007253773045,0.022977577685378493,0.029674225993221625,0.01035294639877975,0.04248105697333813,0.011766307038487866,0.007741792127490044,0.004242405656259507,0.019852775274193844,0.004450070411985507,0.06163993759255391,0.007669829772930825,0.015242248080903664,0.01648749485066219,0.0034273499433766117,0.0015272345917765051,0.007210996345384047,0.0069586478639394045,0.008321654581231996,0.0062073317123577,,,,,,,,,,,,,,,,,,,,,,
class1,SLA-2*03:02,SLA-2,5,0.0030153798987157645,0.07143655898689757,0.013170193971018308,0.003569262148812413,0.01606116691182251,0.001436531008221209,0.0179743842658354,0.0263059384547887,0.013557182735894457,0.0038241974951233717,0.0035198638423025843,0.03600080688192975,0.001457629119977355,0.0026097760652191936,0.05342721107735997,0.019808129413286225,0.005754985139355994,0.0028813126962631943,0.0011779791064327582,0.2776373723463621,0.008367845235625282,0.019591096715885215,0.0182642009225674,0.001428331242641434,0.0015049918845761567,0.0019813515842542983,0.10427572517655789,0.010899892030283808,0.024303142889402808,0.012941377609968186,0.002599412901872711,0.005790961065213196,0.0022194539167685436,0.0026437655971676575,0.004463857963855844,0.014008818465663353,0.017082011519232766,0.006198189780116081,0.034032847767230125,0.01854344846215099,0.0007561518592410721,0.008343620382947847,0.040580218302784486,0.002219231828348711,0.0027211268672544973,0.0010504177131224423,0.007361673287232406,0.027705555193097097,0.004969792455449351,0.0007895967690274119,0.004908811763016274,0.002687982424686197,0.008551111031556502,0.0015881082494161093,,,,,,,,,,,,,,,,,,,,,,
class1,SLA-2*03:03,SLA-2,5,0.00848844948632177,0.05387867504032329,0.04837934843235416,0.0011779769469285385,0.004507198175997473,0.0019185988654498941,0.002784472255734727,0.001906650145247113,0.0010590285659418442,0.0005434832070022822,0.0010306773823685945,0.0022057680151192473,0.002216945932013914,0.004086159529106226,0.01142331255832687,0.009753201753483154,0.012565672214259393,0.05867944648489356,0.009248844650574028,0.08384345427621157,0.0031531243468634782,0.005920364707708359,0.008075841725803912,0.02535465589025989,0.003944697900442407,0.0067449850437697025,0.19405778386280872,0.04279673066921532,0.009286793369392398,0.008174358820542692,0.013313508034843834,0.030114579184737523,0.0013730027349083684,0.009930260981491301,0.007526112874620594,0.06753833307884634,0.057721469760872425,0.015188506842241623,0.06848049722902942,0.03435507174581289,0.0009261466911993921,0.004180358834855724,0.016748457013454753,0.004109235177747905,0.001091479664319195,0.0011825476536614587,0.0015281163505278528,0.013489679145277478,0.003098871766633238,0.0008944728746428154,0.004630008738604374,0.006584999333426822,0.00445901540806517,0.004328618128784001,,,,,,,,,,,,,,,,,,,,,,
class1,SLA-2*04:01,SLA-2,5,0.007773497293237596,0.02673105777357705,0.10133821186609566,0.015275058976840228,0.04659772240556777,0.012154467159416527,0.06633504293859005,0.016893549158703537,0.009135722799692303,0.017841304745525123,0.020279118232429026,0.0689409167971462,0.02282206043601036,0.02630192395299673,0.029537030309438706,0.004744481464149431,0.04268419789150357,0.005307961744256318,0.011226766079198569,0.0050463339721318334,0.020405841019237415,0.009887774544768035,0.002309593095560558,0.016269358107820153,0.008983856011764147,0.002574144094251096,0.011967412146623247,0.03593715254683048,0.027145761682186277,0.01091609142604284,0.005220052850199863,0.005037807484040968,0.010137611968093551,0.007374065200565383,0.0072984167898539455,0.006364790169754997,0.003234694588172715,0.035854255268350246,0.004876649263314903,0.017060768872033803,0.02069925577379763,0.01594693367369473,0.018289825797546656,0.009936148717679316,0.00915208742953837,0.003259692955180071,0.0076422075770096855,0.04861010958265979,0.0154115929530235,0.01162417499581352,0.006542432052083313,0.006561767990933731,0.01661451894324273,0.0038867249619215726,,,,,,,,,,,,,,,,,,,,,,
class1,SLA-2*04:02:01,SLA-2,5,0.012609555997187272,0.032389743719249964,0.02346426076546777,0.01127898870036006,0.012140778679167852,0.01664470591349527,0.02330698729492724,0.012635668506845832,0.008686608960852027,0.026754813827574254,0.019655231945216657,0.010202349070459605,0.023210745793767272,0.2162579268217087,0.019960963586345314,0.004898108803899959,0.01695352776441723,0.05386110718827695,0.009753134660422802,0.007103510247543454,0.010592325450852513,0.009908110587275587,0.0030786633811658247,0.017094857594929635,0.0034252723351528404,0.002804213156923652,0.008640889203525149,0.007430850679520517,0.019663838599808515,0.015224463088088669,0.010362994292518125,0.008054525912302778,0.013411012978758663,0.0067405732086626815,0.009492931957356631,0.005776945408433676,0.009244416473666205,0.03642463888972998,0.022851583766168915,0.007640534901292994,0.01972059818217531,0.010243664373410866,0.006635396080673673,0.005466945382067934,0.012186349328840152,0.019325278542237357,0.010710256334277801,0.04206051585497335,0.0396469045925187,0.011527011256112019,0.0031826109159737827,0.010257304995320737,0.01455206135287881,0.0048527477076277135,,,,,,,,,,,,,,,,,,,,,,
class1,SLA-2*04:02:02,SLA-2,5,0.012609555997187272,0.032389743719249964,0.02346426076546777,0.01127898870036006,0.012140778679167852,0.01664470591349527,0.02330698729492724,0.012635668506845832,0.008686608960852027,0.026754813827574254,0.019655231945216657,0.010202349070459605,0.023210745793767272,0.2162579268217087,0.019960963586345314,0.004898108803899959,0.01695352776441723,0.05386110718827695,0.009753134660422802,0.007103510247543454,0.010592325450852513,0.009908110587275587,0.0030786633811658247,0.017094857594929635,0.0034252723351528404,0.002804213156923652,0.008640889203525149,0.007430850679520517,0.019663838599808515,0.015224463088088669,0.010362994292518125,0.008054525912302778,0.013411012978758663,0.0067405732086626815,0.009492931957356631,0.005776945408433676,0.009244416473666205,0.03642463888972998,0.022851583766168915,0.007640534901292994,0.01972059818217531,0.010243664373410866,0.006635396080673673,0.005466945382067934,0.012186349328840152,0.019325278542237357,0.010710256334277801,0.04206051585497335,0.0396469045925187,0.011527011256112019,0.0031826109159737827,0.010257304995320737,0.01455206135287881,0.0048527477076277135,,,,,,,,,,,,,,,,,,,,,,
class1,SLA-2*05:01,SLA-2,5,0.006548221976845525,0.01656830625288421,0.08441580436483491,0.004005044134100899,0.011721525713801384,0.20234882276854477,0.008444671775214374,0.003595713339745998,0.0014486869447864592,0.00187263059488032,0.0005643769516609609,0.008555800485191866,0.0027064511785283686,0.006359348841942847,0.007938056328566746,0.002465959920664318,0.011026376849622465,0.05576541374321096,0.016042874303093414,0.029510416276752948,0.0032083495752885938,0.005329712363891304,0.006771328195463866,0.058598587528103964,0.006118813890498132,0.0022650361323030667,0.020570260332897307,0.01609708526812028,0.004972635535523295,0.005784444231539965,0.02115743833128363,0.028902805916732176,0.005967030383180827,0.019967399560846387,0.0051758200861513615,0.005130090588500025,0.01193535645143129,0.04114255798049271,0.06648067571222782,0.024843024516303557,0.010635696770623326,0.0015756788023281842,0.0045588696564664135,0.0019169176812283695,0.01663533567179911,0.01210719307709951,0.007380911323707551,0.05798199398759607,0.013228193912073038,0.005992315986077301,0.0030958134913817046,0.00531364775961265,0.00980686880648136,0.007447637448785826,,,,,,,,,,,,,,,,,,,,,,
class1,SLA-2*05:02,SLA-2,5,0.005141028494108468,0.02351116663776338,0.062278327033527606,0.004800643073394895,0.007307998329633847,0.029179287573788314,0.025864776410162448,0.0051984209945658225,0.004245595087559196,0.0008546840253984556,0.0010247714817523956,0.00732798372337129,0.006710447557270527,0.018914553060312755,0.00576650119619444,0.01670305781881325,0.016390077862888576,0.031650537380483,0.001987876009661704,0.13080863519571723,0.014564240997424349,0.037745444057509306,0.0030357863986864688,0.0048211859306320545,0.004451425210572779,0.0007808462949469685,0.07350556192686782,0.027913510985672473,0.03519877539947629,0.00842139741871506,0.019352237757993863,0.01138356546871364,0.018212441331706943,0.029392966954037546,0.0119904265855439,0.003557985363295302,0.0031421341991517693,0.09732382562942803,0.010637676494661718,0.00873137814924121,0.0028678904098342175,0.02209325815201737,0.010774542457511416,0.008501594798872247,0.022954741882858797,0.0013160013128072023,0.0023952443123562263,0.03337922734208405,0.0017980107688345015,0.006760970456525683,0.006888044369406998,0.005740829234127887,0.04023216887144372,0.004468329309020191,,,,,,,,,,,,,,,,,,,,,,
class1,SLA-2*05:05,SLA-2,5,0.01783426639158279,0.02086385216098279,0.021336813142988832,0.009316545631736516,0.03324331936892122,0.019678182946518064,0.050439012609422205,0.014275930739677279,0.023974859950249082,0.00396971691516228,0.019215814872586633,0.018484233261551707,0.00380876089038793,0.007868397666607052,0.00786208256467944,0.035099033906590194,0.003210951783694327,0.0075988287222571674,0.009339591790921985,0.04942754238145426,0.0012978136306628584,0.006127140978060197,0.0009519253042526543,0.008399482991080731,0.0022282502133748492,0.0019363880735909333,0.11360459158895538,0.005130651174113154,0.005824313423363492,0.07166135667357594,0.0074991732413764115,0.007285687979310751,0.006919533132531797,0.003849098226055503,0.011177443536871579,0.0034497667555115187,0.006600329824141227,0.04009687192738056,0.03887168408255093,0.005958246963564307,0.03665813878178596,0.04099943565670401,0.025616669583541807,0.0005986084768665023,0.02157688397419406,0.006405962296412326,0.006793440408728202,0.032184494122338946,0.05203769072904833,0.011312329766224139,0.003213261440396309,0.01321228114538826,0.019326631224248558,0.004346715641440823,,,,,,,,,,,,,,,,,,,,,,
class1,SLA-2*05:03,SLA-2,5,0.009119689100771211,0.01733412455650978,0.02633506793208653,0.004457950149662793,0.010263383679557592,0.20363327429513448,0.008123784558847547,0.0019156699658196886,0.0011437137465691194,0.001708944101119414,0.0007574344868771732,0.007106409315019846,0.0018323064054129646,0.007127255422528833,0.002796662040054798,0.008106093696551398,0.03458969874773175,0.019705809612059966,0.007240198360523209,0.04763243854977191,0.004115172196179628,0.015118495607748628,0.004295404528966174,0.014210990339051932,0.003222656442085281,0.0011503828078275546,0.03553361378144473,0.0275633585464675,0.012209600489586591,0.010170555743388831,0.004232684010639786,0.017328227730467917,0.012322846733150072,0.007381893135607243,0.0058675922453403475,0.005195766156248283,0.011858567385934294,0.060144996270537376,0.1082358380430378,0.028324305945716333,0.02277491455897689,0.009173935680883006,0.005172576309632859,0.002325663232477382,0.0320633792004628,0.00878416202031076,0.0128190739400452,0.06490923128076247,0.003228933765785769,0.010630445589777082,0.0018813098256941884,0.004503876902163029,0.006027285466552712,0.006292370148003101,,,,,,,,,,,,,,,,,,,,,,
class1,SLA-2*05:06,SLA-2,5,0.0066989138606004415,0.021846276120049878,0.045223583895131016,0.00794165480765514,0.06789413136430085,0.09035176311735996,0.01483394531533122,0.005242798097606282,0.00806366985780187,0.0035253470647148787,0.011322603293228895,0.016791480663232505,0.004664515610784292,0.006887752516195178,0.006235893559642136,0.011113921855576336,0.015597836975939573,0.03329913094639778,0.024230432184413075,0.00689338608935941,0.003635320928879082,0.014640921144746244,0.0010754859598819167,0.047870393563061955,0.012034053856041282,0.0035122759523801505,0.016348314494825898,0.023391917522531003,0.0070658808574080465,0.01868023839779198,0.020229371963068843,0.020375487906858326,0.011569941556081176,0.011341449804604053,0.01193318017758429,0.005674907471984625,0.013138376415008679,0.0634309958666563,0.05420408151112497,0.010121489490848035,0.02824924299493432,0.032396439358126375,0.015724564511037896,0.0015751791666843928,0.019062649433180923,0.002880055404966697,0.0033443525040638632,0.0295889007349615,0.018083598068915307,0.015112507808953523,0.003520645177923143,0.02452404930954799,0.016696311254054307,0.010308388341218232,,,,,,,,,,,,,,,,,,,,,,
class1,SLA-2*05:04,SLA-2,5,0.0028497177991084754,0.001096400897949934,0.0008251226769061759,0.002455584991548676,0.013409850094467402,0.4553087911583134,0.006727048440370709,0.0014160910774080548,0.001275776322654565,0.0013891099632019177,0.0006776804657420143,0.003908820747165009,0.000627642561448738,0.0019800730588031,0.001686693768715486,0.005201773418230004,0.0026948693659505805,0.006800108836614527,0.008639591408427804,0.007217799252248369,0.002419033677142579,0.034035627235425636,0.0013887962282751686,0.007214791522710584,0.0073702789668459445,0.0014406256479560398,0.032476681075058876,0.016558181299478746,0.002572378725744784,0.0051582571351900695,0.0036348101508338003,0.009182732028421015,0.00710218640306266,0.00481448438949883,0.005588242490193807,0.007539742142398609,0.013363078309339471,0.04442382056149654,0.03149201609776355,0.012320694658410503,0.010119731980375945,0.00816880844613479,0.0021615313040456384,0.012507118855137379,0.014302425213327297,0.0305375479569193,0.028108443829114548,0.018370837358088466,0.0030142147159494927,0.05045056953676976,0.0028230362106114624,0.0070847156312083825,0.02958029165165499,0.006485750619322062,,,,,,,,,,,,,,,,,,,,,,
class1,SLA-2*06:01,SLA-2,5,0.0014910842262906953,0.005760161929902097,0.0001876167531008832,0.0009485472168307751,0.005168544640764594,0.004614830919308588,0.00531616376247257,0.0006445629784138873,0.0028468119737226514,0.0007088216632837429,0.0006286995369009674,0.001726672670338303,0.00314267931971699,0.0033215866264072248,0.0010094757890328765,0.0025979572033975273,0.010959993780124933,0.015850464455434123,0.013559182221069933,0.0017323129955912008,0.008460716909030452,0.018565169093199073,0.0006389288377249613,0.09357112441211939,0.006256150384433568,0.004634206864284352,0.15435602913494223,0.16317491065710782,0.0008865837240591645,0.0027648461516946556,0.05620675724931061,0.09200235083699226,0.0010997295670676977,0.012021013163030147,0.005027480653370731,0.025326874607708307,0.027064020140096547,0.006778904818929732,0.03637020053574815,0.016566547099500895,0.023162364773452283,0.005671165377134457,0.004691114369779825,0.005403483058762504,0.0077246654931514055,0.002910516082010872,0.013875107569037936,0.03954509065224556,0.005346730565361213,0.016933783231070264,0.010977558430749924,0.026710502710193394,0.011956505686976015,0.011102718114852906,,,,,,,,,,,,,,,,,,,,,,
class1,SLA-2*06:03,SLA-2,5,0.014568323506682645,0.0021927810768829657,0.0018191039474913851,0.0008912157536542509,0.0030339373988681473,0.011097909914678895,0.002438022430578712,0.002900952113850508,0.0015863310647546314,0.000730844889767468,0.00036032567295478656,0.002819975961756427,0.0008566991775296629,0.0043239013233687725,0.001467436001985334,0.058346896248986015,0.018603018415160478,0.006002025093766861,0.040770472545409574,0.053255809855181725,0.014788962196325884,0.00263826570881065,0.004802321296301671,0.03126764725020621,0.0062414229221758434,0.0013979661569464951,0.17072856264712755,0.06894347378984093,0.04847439114819281,0.005342339561320841,0.03566855823737569,0.05348828970454633,0.0019481553230434657,0.0031638737593311815,0.004872013800195418,0.025458857271587476,0.010101463500177488,0.002920448394434061,0.006594957436027471,0.06859892513602972,0.03527998491190374,0.006150018190965056,0.04446192153991433,0.001990815842873417,0.0024514203250873834,0.001717736219870858,0.002281897186185233,0.07985750372608891,0.0016173992094991262,0.012090210376481992,0.00319000184063043,0.004679415188729763,0.003437390057661105,0.005287412169855088,,,,,,,,,,,,,,,,,,,,,,
class1,SLA-2*06:06,SLA-2,5,0.018882436491549016,0.058231956226518375,0.09635885662864893,0.0021159286581678314,0.016594374879059615,0.002801737701520324,0.007214846735587343,0.006217600547824986,0.04329620889839134,0.012349016233929432,0.0027480165066663177,0.01859114609833341,0.002560058834933443,0.010398049687501043,0.005668683550902642,0.053326279047178106,0.00538269953103736,0.002103445481043309,0.016188012041675394,0.0711469693109393,0.0011970428749918938,0.007558681632508524,0.006037240879959427,0.002683087525656447,0.005286712064116727,0.0013599506310129073,0.31136244991212153,0.009323909995146096,0.017488386249169707,0.010256747453240678,0.00499702645065554,0.004967869698884897,0.0008575575244321954,0.001748905704880599,0.002725049573928118,0.0025258181449316908,0.003124190070957411,0.003988676381413825,0.004459634634986287,0.04075065708020702,0.0037301572738215327,0.004554329195525497,0.02904608289245516,0.001991842925781384,0.01177670565648441,0.0022288100253717857,0.002444731772993691,0.01397054740391468,0.0035727075473914738,0.006709157692239387,0.006548269124323269,0.0012136475135775982,0.01549049862951506,0.0018465878965798765,,,,,,,,,,,,,,,,,,,,,,
class1,SLA-2*06:02:01,SLA-2,5,0.0011928494437597691,0.0032165024895220995,0.001238676930370275,0.0006133904331363738,0.009256407642351406,0.008129530011501629,0.0019741052718018183,0.00021039006969658658,0.0005281451935843506,0.00025421616301173343,0.0002135384376742877,0.0010356236824009101,0.0007351398648552277,0.03482284161218559,0.0002826516967616044,0.0036923194731571128,0.0007565633713966236,0.009070603456348181,0.012020155960635747,0.0033680790453217923,0.002142887416994199,0.010504298837622628,0.0013202969694248168,0.017713070730678737,0.005970122260532662,0.0019742518865257354,0.5088953975893673,0.028558842511847614,0.026528116583358498,0.0013913019156461814,0.036244826991605805,0.051340916886329066,0.001863082701629537,0.010049921403333429,0.0035339803958777337,0.015155289232461655,0.009074620274986955,0.003157099385862239,0.018452088449703297,0.017860287416260688,0.00657942877151072,0.00395596620037395,0.0060896660010712365,0.003614217166978051,0.003934552222813181,0.0032557886148424585,0.0016494923249410931,0.07633498411234996,0.0030916731883053215,0.004468981462196098,0.003659694516136369,0.0048498602693143765,0.009539507933004643,0.004633777632261626,,,,,,,,,,,,,,,,,,,,,,
class1,SLA-2*06:08,SLA-2,5,0.012361554813105613,0.009500083315651863,0.006029970296367537,0.0007171052217017859,0.010100236039579612,0.01512699045415502,0.00647465146612376,0.0009694024534837809,0.004577524314299808,0.0013413676908385242,0.00036637952871387824,0.006786851902143098,0.0007819854460649367,0.005328190760337748,0.0007466883980669081,0.06338380899160256,0.005914552032481879,0.0012794854410458356,0.02705028536474856,0.015951139945536853,0.001206448071752675,0.008582744187151548,0.001368695226847194,0.007645673776278272,0.009772569925735297,0.0015894010350507414,0.49903373710403687,0.014616883674170822,0.01150837202440016,0.005908685879694531,0.008929018639173591,0.012907666558749042,0.0010511038905860915,0.00225391382464295,0.0021627007070492256,0.0047889439116261204,0.006871208503162052,0.004850002264720388,0.005601365910115419,0.006885728542692959,0.002954128384590149,0.006355646497831912,0.04333804522025275,0.003597037499275757,0.006596639642702939,0.0013970739986689296,0.0028185129747726025,0.05277584161444793,0.0011508473224239423,0.014215871453052387,0.0034852316788601457,0.002589261149842059,0.04367434881714871,0.002728383778594434,,,,,,,,,,,,,,,,,,,,,,
class1,SLA-2*07:01,SLA-2,5,0.060588732827454805,0.017527189059183,0.21185192782431841,0.014740892220288515,0.008213216529111379,0.2977841032668948,0.006074199519935064,0.0010545393408392556,0.01391774331132183,0.03272494585253298,0.0020085418698727155,0.0009380624964251183,0.0042045547757879834,0.14910777760669588,0.020377826248295604,0.01006160328979604,0.008661918248981238,0.001185974334657658,0.00047988790611270816,0.0023834076167986496,0.002026290399226127,0.001223594241309911,0.0018027833200903842,0.0004882314271526411,0.0007518783040723065,0.00023401588396154693,0.03105939025990665,0.0013043099083006383,0.001458769306918839,0.0005639448194415308,0.000748330848000478,0.0003179295308655128,0.0015542559485766105,0.00047526284761261194,0.0004205093177006347,0.000362383915035025,0.00020926134602632372,0.002578027638992353,0.009363045667851112,0.00043445626797620205,0.002567276614718139,0.0002849943470209837,0.0038510998912897774,0.029791119921719657,0.007143086138239596,0.0028033587150275707,0.0018920091970358044,0.012591038699883938,0.0036068428762519034,0.006353693357959855,0.004372356785461306,0.000278896316740429,0.0023391064911265857,0.000861396815162152,,,,,,,,,,,,,,,,,,,,,,
class1,SLA-2*07:02,SLA-2,5,0.023829566733911633,0.027098885789746417,0.07982598847302143,0.00479315776610747,0.05875480130780488,0.10951561415567994,0.010430837457533926,0.0023516970803029837,0.036109124497306765,0.17661596602993085,0.003458539035636932,0.004303432541200891,0.004969243380764965,0.006487915338948369,0.02509695080225356,0.006287804205203429,0.05448089012934361,0.00202176858074381,0.001139848429011181,0.0015204268333036453,0.0025282665868871846,0.0033029602709575556,0.0008681971186888405,0.0015493639395572246,0.0015977374598151073,0.0004377220495371148,0.11973214023455511,0.0029369002957537306,0.0014562286552973092,0.002063903011730872,0.0012874422856839374,0.0007325026919716038,0.0014991747972089796,0.0008350032469024882,0.00204462348119705,0.0010016466319939354,0.0008627106777566951,0.011053020571125671,0.028090838112984785,0.0011861448605486658,0.02210268983617425,0.0007310866174520924,0.01164280538141611,0.03191124405420851,0.019999629967423972,0.003518068860284984,0.013492488354677335,0.01980257769955642,0.009778992949941312,0.01877056227531284,0.008054015622474254,0.0025773119792575016,0.011055907863192261,0.0024036310613155367,,,,,,,,,,,,,,,,,,,,,,
class1,SLA-2*07:03,SLA-2,5,0.10359179833903909,0.038105094846105206,0.21118785496801137,0.008149017498362809,0.014271184352401179,0.15114006358198823,0.008010160241974517,0.0036248293559765442,0.044060299567718175,0.032974739000201224,0.002392685921586235,0.0013915300587541424,0.0075321411008189895,0.11024410305544734,0.032523486926220355,0.010612341447267682,0.0018412945879390462,0.001021035315352492,0.0016349726676708088,0.0025274838335462846,0.0014177567725710105,0.0012977522477740423,0.0016836419028550154,0.0010207142695435323,0.0008243242311436916,0.00034409394193062325,0.05751369008357869,0.0012146173568908126,0.0010590665973722936,0.0018601322211907246,0.0009889838576782495,0.0005478977167513221,0.0014300758914032486,0.0004884612542809918,0.00039828377775847913,0.0003674000177852577,0.0003633298569184262,0.001997416699305177,0.012767657719086856,0.0008931874719564803,0.006136315502226352,0.0011571144277695566,0.002097785234218463,0.029373096814379097,0.03775903395289788,0.004142324952408671,0.0014930819583241829,0.007748894820542774,0.007327706324394967,0.006146059649472591,0.014307997794821859,0.0005849742461577989,0.005141093273414299,0.0012699210550636054,,,,,,,,,,,,,,,,,,,,,,
class1,SLA-2*10:01,SLA-2,5,0.004134960862575099,0.045094176863494796,0.01938589047640562,0.001789181811909657,0.005247984018387797,0.0016311463950842153,0.0025210534513462335,0.0028885279440146404,0.0007493051041819853,0.0003313951787276892,0.000323489819857059,0.0016572333930525928,0.0012119728722609579,0.0026759911474073307,0.0007821736566256732,0.018066499532869783,0.004824007143906783,0.029108113469555975,0.007926452104220516,0.3707495729089715,0.011706532555399463,0.009715808185865172,0.004641975957201794,0.022894857478240736,0.00449005843984196,0.0038452841177786467,0.017343797706416808,0.01097548461984843,0.017310039198491722,0.015916369669139386,0.044193553080003764,0.03035397780186031,0.0017947418076801115,0.015102059362106957,0.005423893529223278,0.024562716990021726,0.020519475345645334,0.009739741605881137,0.03524319255411683,0.00636106027814094,0.000932740850475966,0.013377836561994627,0.08223230513831367,0.0006958986428799108,0.0025070811581827,0.002168243704363704,0.004045269149719389,0.02453020786770139,0.006660589040257037,0.0017567574161148514,0.008530326691470691,0.006932402593520237,0.00937508891147445,0.0030214578961022197,,,,,,,,,,,,,,,,,,,,,,
class1,SLA-2*10:02,SLA-2,5,0.029054191091563552,0.03884828617447056,0.03242231135373004,0.004269693023525178,0.009744143596617506,0.0029409525042865424,0.028001471899915486,0.0057740912307053804,0.010764685502363137,0.0004942602157825604,0.0008631587086711078,0.0040146776009351015,0.014363792224321515,0.0265595308796037,0.0034945242688991128,0.016110574640333653,0.03775032386183739,0.016371434848406353,0.01420522626140155,0.12050073049031199,0.006397813261719421,0.0069045585347339514,0.001155941456090659,0.022282140189781786,0.009371452919731382,0.0062705569958779964,0.1221751552191563,0.032587163150310516,0.003929693403188139,0.011323907738551497,0.01073107151169097,0.02129849354387261,0.001824792823754251,0.011305435991380364,0.007816416240530089,0.014830181343131698,0.022882791914162225,0.015236817905679345,0.02335484459181316,0.011839286703616381,0.0033352897968143224,0.04261713863816112,0.08615245392429642,0.004071857325106976,0.009739931960939429,0.0032319394696969537,0.002476426982320845,0.02615135643136455,0.006291616360249464,0.002943269195384346,0.003992387920152396,0.005657158937538043,0.01794665498600807,0.005325937701854855,,,,,,,,,,,,,,,,,,,,,,
class1,SLA-2*10:04,SLA-2,5,0.002485339444683632,0.04529794222471537,0.0046724470565095546,0.0036671610723715276,0.0006571827371772088,0.0038172468863194807,0.0005830517860886175,0.00026595680683385583,9.194522790494375e-05,0.00010443966757520685,0.0002283081862515246,0.0003829116285487544,0.0012678863567998633,0.0012916482039145194,0.00022341126314131542,0.015012101125648769,0.002751503171020886,0.021555726212682202,0.0021787980578665154,0.6140150301158428,0.010147614846937358,0.008104521745553938,0.006772794108837843,0.006750987483610515,0.0006184312653658708,0.0016009538678190439,0.036457532364875075,0.010507324477657676,0.010884386929683387,0.0025850531412288545,0.006367798466180829,0.007403108011931181,0.0016878764785360546,0.002409243767760927,0.0010806636229972356,0.012788671639964378,0.0091052584539284,0.0033374102880770807,0.005293898074341996,0.07902346770861186,0.00029146036795282273,0.00177395877399249,0.02966919965983834,0.0008291072968859226,0.0008640635143819964,0.0007559318510175217,0.003918549482477829,0.012358209108788288,0.0027525671606781544,0.0003190088511473732,0.000555383523897035,0.00022168216164573096,0.00022229893766052556,0.001991556068242062,,,,,,,,,,,,,,,,,,,,,,
class1,SLA-2*10:05,SLA-2,5,0.0037316561385523526,0.002686122168233851,0.007530287397094071,0.0012764941195200663,0.006387532815278973,0.004710292598610976,0.010799295967444777,0.006044828455196693,0.0012484135768318083,0.0012766678701154888,0.000606262352084741,0.00666451113356743,0.0014277255162596703,0.006260044907685369,0.006081427770550363,0.008890605730266543,0.0011864502826938405,0.028819788713008165,0.02003454715013504,0.11994379707612098,0.006545329911750742,0.003782450770813739,0.001961310766637325,0.045023711329849905,0.007483717883587815,0.003031822232878767,0.05296920564724132,0.044815624481998384,0.008554916130378842,0.022071852814406157,0.0917020139095257,0.08254589526331983,0.0031349997982033527,0.02216010423726402,0.011496917891781777,0.03241904170718044,0.029134029999841004,0.008082927099894732,0.025285282418190037,0.03229701477102935,0.015749532691552305,0.010768030915642157,0.013171029883233131,0.002583877804863732,0.010288964823121204,0.004179428067436675,0.006949468164748396,0.013708050211425871,0.0647639881077339,0.007371381693519652,0.009986434345773888,0.03449234050931409,0.017213118792278694,0.0086694075667765,,,,,,,,,,,,,,,,,,,,,,
class1,SLA-2*10:03,SLA-2,5,0.0047138361827819605,0.05602993474385585,0.03927345802076161,0.0048841364727195465,0.009796240655850852,0.00477769344142871,0.007300889716134407,0.0028196551338623976,0.0027866568925674073,0.0006777043159672758,0.0004943848107359372,0.00652648281538859,0.0010812266962602734,0.0021030135394539684,0.001997914575622417,0.010374515410512685,0.00408723748405464,0.018426312852534467,0.016900174057809636,0.20979443085961974,0.014237385644810275,0.021166812803130597,0.0031133822922129184,0.010011941997072426,0.013562508106406312,0.004254312997363741,0.0776691298611695,0.009489290253259241,0.02590823263162747,0.012601187126711011,0.02428958518703439,0.021752342661784496,0.0014735242133610883,0.007240740496490617,0.008821773239469621,0.02038027980197512,0.029405335799674505,0.012179210219619563,0.029620935177081264,0.006491946685127914,0.002073811527952785,0.0070440293289721016,0.07913922163861571,0.0014554899433278478,0.002049513833480887,0.001949907187372446,0.006151580718869809,0.029321821400662883,0.006948285368343932,0.010357764571381267,0.013086731708608568,0.0172035829986271,0.061823095953150185,0.0028794174577342346,,,,,,,,,,,,,,,,,,,,,,
class1,SLA-2*11:01:01,SLA-2,5,0.009502417495241389,0.0007912775501608849,0.01359997497056611,0.006566790019860491,0.0007537082266480865,0.0015382507714093662,0.001044707706751069,0.00044169122811581473,0.00014319628280645702,0.00047156685322988776,0.00037263998601702044,0.0005307255865773186,0.002127072503208183,0.001162256984389387,0.001073857232404407,0.19237558040767908,0.007920051552355289,0.08144308566988911,0.003305600702879019,0.021739264810457827,0.0007055730238789693,0.021822722593788056,0.0041827460401691495,0.012099670396128203,0.009165859845597878,0.0026194868318270893,0.003764666407369077,0.00928815400111489,0.042479633243056016,0.007556570568613097,0.007038311938958941,0.012499662500340491,0.12783676916733383,0.009424006470362655,0.0010339817614294588,0.00517680540215224,0.008640282979467884,0.0036815638435655274,0.009797618486845749,0.19824901330284775,0.006335510418284685,0.0034187621803539515,0.04478988403425319,0.006910635973326862,0.03689389098217362,0.0006682475453999359,0.003825988343305653,0.0317974856501678,0.0025256673476178547,0.011405978331822553,0.0022833676339359954,0.0013262209286494908,0.0007862990328703745,0.0030652222070784775,,,,,,,,,,,,,,,,,,,,,,
class1,SLA-2*11:01:02,SLA-2,5,0.009502417495241389,0.0007912775501608849,0.01359997497056611,0.006566790019860491,0.0007537082266480865,0.0015382507714093662,0.001044707706751069,0.00044169122811581473,0.00014319628280645702,0.00047156685322988776,0.00037263998601702044,0.0005307255865773186,0.002127072503208183,0.001162256984389387,0.001073857232404407,0.19237558040767908,0.007920051552355289,0.08144308566988911,0.003305600702879019,0.021739264810457827,0.0007055730238789693,0.021822722593788056,0.0041827460401691495,0.012099670396128203,0.009165859845597878,0.0026194868318270893,0.003764666407369077,0.00928815400111489,0.042479633243056016,0.007556570568613097,0.007038311938958941,0.012499662500340491,0.12783676916733383,0.009424006470362655,0.0010339817614294588,0.00517680540215224,0.008640282979467884,0.0036815638435655274,0.009797618486845749,0.19824901330284775,0.006335510418284685,0.0034187621803539515,0.04478988403425319,0.006910635973326862,0.03689389098217362,0.0006682475453999359,0.003825988343305653,0.0317974856501678,0.0025256673476178547,0.011405978331822553,0.0022833676339359954,0.0013262209286494908,0.0007862990328703745,0.0030652222070784775,,,,,,,,,,,,,,,,,,,,,,
class1,SLA-2*11:03,SLA-2,5,0.0020214198739267886,0.00032226373732555655,0.0031689055816968904,0.010485865222290159,0.0013483238028129563,0.0013851886033080518,0.005568006634712219,0.0005406356714956928,0.0006217163347173483,0.003790400050638709,0.00310201725224033,0.002273163900827058,0.006198486834182404,0.0017356440395815298,0.002419505687430501,0.016277859173715114,0.0285922484472394,0.0268901064991951,0.01641696272417903,0.0016987586801405995,0.0015184615826001392,0.024016357585787775,0.0009417796056368389,0.03240285615902394,0.033414370415266605,0.011817053658887744,0.00655554790282622,0.014152702409774065,0.0037489454756723718,0.00353403864428401,0.004989088210277259,0.01001212210394442,0.012472292507300153,0.018642811966128648,0.016540077730314805,0.1021505206823349,0.03044007522985339,0.0035684833070263266,0.028388337296200918,0.30909347757697103,0.013712340089841745,0.0018413409110507929,0.0024962278650491497,0.002154645317932591,0.07990386139135808,0.000957050925171643,0.0015828115778276698,0.040137116357800554,0.00344488213427212,0.014205554939690047,0.006552883263248077,0.022936942801607074,0.002633622783469036,0.004183817724697292,,,,,,,,,,,,,,,,,,,,,,
class1,SLA-2*12:01,SLA-2,5,0.01689857332094107,0.006532361179415603,0.07892144985380582,0.003118026867014123,0.013886523662949912,0.02920406200864818,0.024478797358460723,0.015754138282500208,0.039245248056249696,0.019767337781377136,0.008081228821538389,0.00725081420969218,0.008216573804384097,0.02635942492634058,0.07786571399192325,0.0049939417447603775,0.0021606869355309754,0.0038263217837084086,0.02298427540808916,0.004196558450348675,0.0034238315420225263,0.001229280311963521,0.0007490233532735146,0.010018808417225956,0.005465668388933409,0.0054762656014645476,0.039112236017535905,0.01948615584988147,0.0010928139265161008,0.0838105387520045,0.0073381499038077894,0.017004129069391638,0.0007541526654677,0.002819117874605581,0.009206983976764605,0.003923660889267921,0.016109307372244076,0.029999710235279052,0.018861433673009742,0.006414847966516391,0.03672942938283086,0.006458585243672132,0.0029924380010925232,0.004257275548434336,0.02542759496718645,0.0396660898841219,0.0017151272462797352,0.00953849933866877,0.024826935086457523,0.01766270712687401,0.0241890448727645,0.02002188712358475,0.0864003648632206,0.004075815435498953,,,,,,,,,,,,,,,,,,,,,,
class1,SLA-2*12:02,SLA-2,5,0.010576325561851263,0.006482581992895575,0.026639824036101344,0.002221839005324,0.013947899278718978,0.025154996693891006,0.032443299610167745,0.021281981380889194,0.02364985889871605,0.01269791265949607,0.0059554476785706354,0.009738844120875001,0.0055397358955815434,0.01847566766664386,0.07454765178263187,0.0012235642549057956,0.003140033996896818,0.004388370399829001,0.020615118788555264,0.0016939741908572614,0.0019974138704128563,0.0016464326734421774,0.0007188732895883731,0.01099637163861189,0.004905122312629828,0.005723957884765696,0.0538337935009622,0.02176136058405973,0.0007714480540016666,0.08311432376503944,0.01005836864351295,0.02024450043682009,0.0005198983242735266,0.0030288823516457343,0.009830860828515142,0.004996268684044481,0.013412695820443332,0.022910969401709735,0.011958153772866353,0.006568412703927606,0.027433205163106322,0.007747814257163555,0.002717291069711791,0.002200431905112055,0.016841542135807686,0.03068562786502298,0.0009668324855738319,0.013958660445496207,0.05726945820460969,0.015660534414928408,0.04083374867623206,0.018132689502090217,0.15285492925904692,0.003284202970098704,,,,,,,,,,,,,,,,,,,,,,
class1,SLA-2*17:01,SLA-2,5,0.06077607549377717,0.013590091727382968,0.030935041638440453,0.0042100692251551665,0.013361758325481787,0.011952611926244572,0.012335792509838938,0.002761163376271725,0.0029656981336302125,0.00231971126049757,0.00197379845121759,0.006447407195810229,0.006371937290532514,0.020483661763137206,0.002270043478347361,0.02828297697706148,0.07770388015778736,0.005069836732582189,0.1114885067101568,0.0012862887524534017,0.005432845887844451,0.0631284740898991,0.0006051154385204427,0.04770997419254854,0.014704230162897148,0.010030568827642129,0.04075550054840278,0.01953130862675607,0.000828377908328548,0.009409559075720608,0.02400602938432712,0.03076179515919648,0.0009731024212669582,0.014155785279581324,0.007434299858869053,0.028774053952656687,0.02938528615050018,0.009926392213674261,0.012838084551185602,0.013640562444925309,0.017150644585490225,0.021800071460893376,0.01679994688456645,0.004837589105591178,0.008260993604199029,0.01981940824916819,0.0039026020152959973,0.019818992371438072,0.0035932468686951323,0.014517316837736872,0.011762169178109617,0.020512122596846892,0.03043047497922089,0.006176727870479226,,,,,,,,,,,,,,,,,,,,,,
class1,SLA-2*11:04,SLA-2,5,0.0030130755782010964,0.01577187225484522,0.05651181598950643,0.0033803697559051217,0.001413791890081484,0.006058369087986648,0.003898297145497054,0.00347602633482893,0.00025998021446866916,0.0004550186364213005,0.0003096840839134529,0.0009211133670760319,0.002425808098632842,0.0032981675816699863,0.0019651104434160517,0.006181214604293927,0.0010345058064558544,0.25357472859323027,0.001979862863663584,0.17861166847869753,0.0029321234440431,0.004336989251896739,0.009185052913380787,0.0070440098876133565,0.0010352464887546375,0.001064397016307339,0.0788846715237014,0.005926890391856432,0.04940418165642768,0.02005646254401654,0.0393354743369855,0.013960585882887244,0.025599026418058203,0.025252609327435494,0.004282814002363011,0.006024598638759926,0.007639246730832383,0.010051344335079194,0.050908407056704165,0.04345777181442827,0.0005937196925515309,0.0036434351291973143,0.0026889263117482187,0.0018408897740300745,0.014101255326386309,0.001301197349675931,0.0010954266890621511,0.012357636016531615,0.004632207701070002,0.001209543051663786,0.0014368062446010299,0.0006466098187956959,0.0014928398428310174,0.0020371351623907686,,,,,,,,,,,,,,,,,,,,,,
class1,SLA-2*15:01,SLA-2,5,0.010225292266113684,0.06041427886957536,0.10410346077405848,0.010219774352299283,0.00464077815413475,0.006822133046807721,0.0034871539333835243,0.03352632145251846,0.11849444405379472,0.016915515973232688,0.002392335150943836,0.001298505578597542,0.0008143581333570182,0.014489114802563563,0.027083142011542806,0.008289751887787133,0.0010445896230521611,0.001244485384086147,0.0029686216395930385,0.05359534230083227,0.0010977755564454128,0.0008099277350993361,0.0008951913536293432,0.0006304830314547872,0.0008141105605318444,0.0003099473200563807,0.09610189443774289,0.0011529070092365147,0.008079202646331395,0.042744464374845845,0.00030145649980113377,0.0007939348681247794,0.0017484998352301773,0.0006174051261041314,0.00137808955842047,0.0005124219096614979,0.0012928368596476503,0.022331862401915713,0.017243605163821486,0.0012562428048113361,0.003908885993587319,0.011250655818730592,0.0704740747300093,0.0010108091169968247,0.12235649302601814,0.009040714713046327,0.0024877716223272728,0.034441651041470324,0.02360561869927551,0.010500416364811827,0.011125101003563032,0.002249672771722544,0.0144468447600957,0.000919600107590668,,,,,,,,,,,,,,,,,,,,,,
class1,SLA-2*16:02,SLA-2,5,0.01628397045424208,0.0028696901397779586,0.02329027239320567,0.003049597062636167,0.0016855781228514387,0.004601766397536266,0.005956848946516402,0.0015930529465549626,0.0015202384325675665,0.0021397059987066313,0.00653176565101603,0.0033530426444485784,0.01443904512852896,0.0040698089636862275,0.004125112242763862,0.13164603114128112,0.056076535023748875,0.004103626077994704,0.03918367718579248,0.01677301428571809,0.013546336069703102,0.00923413851414807,0.004895230836700648,0.006258811691077426,0.002459937022649683,0.013454011379508302,0.07344541545026004,0.014480607374571264,0.0031741297745611517,0.0031424747023265807,0.0025057317747268827,0.006445675931172445,0.0009430211386643351,0.0053911504204734225,0.0040250867707072755,0.10214795704814605,0.03294565780088306,0.0011478179367259145,0.012861014857480767,0.23057787045836448,0.003399940984672867,0.003483053349191323,0.006303588680748362,0.007883466811472317,0.0036597543628886344,0.004700886517821345,0.01632952946674777,0.025416743417736143,0.011857045293072587,0.0011895385658135637,0.010863798762511579,0.012851497491647023,0.002652807185950223,0.003033855906687677,,,,,,,,,,,,,,,,,,,,,,
class1,SLA-2*08:05,SLA-2,5,0.006819151772651822,0.004692893440369517,0.002531085646478459,0.007792976853670553,0.012370042153634131,0.006698698189575225,0.023797232634387912,0.0019528311560861767,0.011152492165274452,0.006167906624614261,0.0017118364572525024,0.0172153115097899,0.009028481028508395,0.011620986612979323,0.0035142202163115145,0.012843113165581599,0.15743687775102444,0.002778691724233795,0.039742943714372814,0.004110712540568784,0.017546919616870583,0.023499169654678555,0.0005662711162585765,0.018943747971206903,0.006790636919322424,0.0023097082739695907,0.15485050840943587,0.13658472937531768,0.0027619280270300807,0.005202369185280986,0.0076193255023099486,0.033084700704785065,0.0009558948106132448,0.005888630275148898,0.01086842191289179,0.020123618686920964,0.016469593756482936,0.011392032506410032,0.026523411346715875,0.012909837486222386,0.01045925384387374,0.00995678328035865,0.0036105504615989046,0.0033427973688958446,0.013799013086827471,0.0025782905839150773,0.0031460777623578905,0.01429537136136787,0.003099046420538798,0.009971296961884946,0.007939589268062264,0.023939725733362137,0.028795774636091665,0.006196490651927888,,,,,,,,,,,,,,,,,,,,,,
class1,SLA-2*08:02,SLA-2,5,0.011271108186338096,0.018407615053001793,0.1258988689747639,0.004148386971792206,0.011149549891706556,0.005078646788024344,0.03191818679915741,0.001754003536188975,0.005423993023578077,0.0017451999883633107,0.0018454758712323383,0.002982776233693585,0.02921715968986973,0.16538446692284198,0.003570677316747606,0.014156701113097369,0.03716958067234373,0.0020811925845919178,0.004028164735063911,0.0026276535957549642,0.022913686635729392,0.0845860416389769,0.000396365827327827,0.0140260040294379,0.0021242124916170725,0.00203352184034884,0.06380457950217533,0.13180573463905604,0.002611652521773067,0.003113031822795165,0.006146486944635399,0.013784202502574772,0.0009283216641051695,0.011056876674410887,0.015217483625019668,0.008786599316226783,0.005319359198620077,0.008072546889161458,0.01952097840185161,0.010494570399168878,0.00729290354065597,0.012632749596923532,0.0062692397063074164,0.0033984398003667595,0.008072330817230976,0.005180712763831252,0.0010656323837793026,0.018112245784141123,0.0009801174033782444,0.0022571874083951115,0.01094243610277772,0.007025406246248167,0.006498154325527139,0.003670771617908031,,,,,,,,,,,,,,,,,,,,,,
class1,SLA-2*09:01,SLA-2,5,0.0402545933611691,0.14854703967466776,0.07095300605869852,0.008571120223496109,0.015530184062663465,0.035104396572569384,0.005611775466240943,0.009108365874999436,0.1780833427896141,0.015507428694400005,0.003014698115293868,0.005258048084215261,0.004756123921833932,0.004049251132528298,0.06617985958000645,0.01060121938935481,0.002381911245174706,0.0003018023431650363,0.00048527085964451545,0.005839637842291268,0.0009534018339763861,0.030265960792894474,0.0007747317820758326,0.0010254743698169476,0.0003447725806836388,0.0006389330555066408,0.10344429285032675,0.004098455707571702,0.0020778855367098005,0.014612129208398984,0.0005995575344059034,0.0010601090903946896,0.00034317288373131305,0.0003641825114755193,0.0015746137512905988,0.0009293998645716784,0.0016329673131622257,0.012148657358193305,0.03312371916090342,0.00029491910827346147,0.003557235200423747,0.006070138310315087,0.0860724774764094,0.003298826751324668,0.0032091442291857673,0.0037493727810215204,0.01157207876094617,0.019641795593861387,0.0026700820308178663,0.00020786629975191317,0.007973409193800763,0.0027966975285380613,0.007578985564759932,0.0011555113043868915,,,,,,,,,,,,,,,,,,,,,,
class1,SLA-2*09:03,SLA-2,5,0.12417100146412849,0.08035354254534469,0.015061833104118705,0.024936214042827486,0.02674232517601922,0.006189586542313918,0.026293753867503256,0.012304606758698355,0.017189005577529316,0.002394571897457354,0.0032376482515246606,0.03112041117856279,0.004497422830900178,0.004961865028599277,0.008041672979015858,0.025739335466641932,0.052443784929346295,0.0014418003964237868,0.01579180584230926,0.013872969557996839,0.002772097894921899,0.033731224248185754,0.0018264559825183825,0.006443057477008551,0.007388220824577729,0.0031826798574911665,0.15795027715503238,0.03015691420296207,0.0067851528292521834,0.014412983413785696,0.012918663501477568,0.013861975405598059,0.00053764195763506,0.005499034267268143,0.008742080075899139,0.004493936724975356,0.005684363038744778,0.009036314646073152,0.014111755924386672,0.02160941590555012,0.0019029928604140877,0.0136163891031174,0.03323323692584381,0.0008490239371894859,0.004998184102441882,0.002851738967001438,0.003344091711915098,0.042196712993245455,0.0019071155620622449,0.004394592247263063,0.002913728561543394,0.002673484940896742,0.024941431800834836,0.002247878140769899,,,,,,,,,,,,,,,,,,,,,,
class1,SLA-2*09:02,SLA-2,5,0.0678007829003036,0.16040671816881513,0.09337635326664895,0.009633574861800298,0.018268948432523757,0.016316018532961607,0.0054188704758416865,0.009863092607338331,0.12175832221473684,0.017086958418076392,0.0018327078447327948,0.004052194213727489,0.002754751016254886,0.008666452637407928,0.05396951679140329,0.007975036703282968,0.0010609198885504155,0.0009056950191734358,0.0006736670591635629,0.009628126362804324,0.0006305889688519528,0.009289234473544638,0.0005707664524379652,0.0007483973404305289,0.0005198168581046047,0.0006450360518101661,0.13380753631936387,0.002899208433518652,0.0034700894844718277,0.028335913483169863,0.000681163942499552,0.0009244362074241508,0.0004653713971492834,0.0005508571844984545,0.0016347718952602007,0.0006971003666421894,0.001404673867727979,0.025033658927713986,0.04663978620601483,0.00026949264502036386,0.0027561009461351204,0.002680358634097502,0.06832373147371981,0.0014451545765041373,0.009168638239316351,0.0040307594375917685,0.017415276446263304,0.012596811217690629,0.0024195481048082,0.00023448520951205865,0.002795082045486197,0.0013952161669294582,0.003357231634436175,0.0007150087840273045,,,,,,,,,,,,,,,,,,,,,,
class1,SLA-2*13:01,SLA-2,5,0.06566029414534569,0.10340189561247826,0.23638989441096783,0.09537682337686419,0.004577555194555316,0.03943200279027224,0.005656815879046917,0.011442603851901368,0.01577752653101925,0.0025661709543783216,0.0017070174289983697,0.0015588652604492381,0.004540536738932133,0.13150997906923295,0.010662602726370096,0.007343560620211065,0.003431540155725088,0.002057899450301193,0.0004424538288731128,0.00927102579153143,0.002462741321141948,0.017004237495712005,0.0007256232493091375,0.0006724783015670255,0.0003016777653101599,0.0003870889506288222,0.094980794924777,0.002089976635761559,0.005136303104518447,0.0012835904744861182,0.0006755412556231022,0.0004337929669418372,0.001191849505994469,0.001034160968265496,0.0005522493331227452,0.0006501450843643397,0.0006294846018136014,0.008301754449348664,0.008434666215180187,0.0016372111160308123,0.0010535674635320901,0.001567079793312587,0.02525872615733533,0.031993979774415496,0.0034149251107010057,0.0023404770996421575,0.009813432787632336,0.002017027582587616,0.003077858651522547,0.001051833188830642,0.01096725839888677,0.000297272529132897,0.004614280315581709,0.001139843976125121,,,,,,,,,,,,,,,,,,,,,,
class1,SLA-2*14:01,SLA-2,5,0.001847225907840766,0.0007274364557815716,0.0030027524670003915,0.00036041904240846634,0.0039548406912217615,0.0007304853399546119,0.008110996284449357,0.003390922238395433,0.001612103862407821,0.0016990797739708796,0.0006273635992329219,0.005367749359356822,0.0024402730887231883,0.004662372509483248,0.003898697172098764,0.03397904541125172,0.0006139811332104728,0.013491875410545617,0.050387371657416226,0.14023887266521343,0.0008568199664296117,0.0037062654862893398,0.0008514325454598293,0.04672355942229842,0.005321294693567324,0.0017459308495745064,0.004494325109772035,0.03012436758726835,0.0008615097845904529,0.009304625121876598,0.12873977326016756,0.11778403393691406,0.0015166683340794406,0.01923179116274696,0.005937636201269925,0.030542448442429305,0.0281519127311185,0.002044783958262997,0.040830110790921026,0.03447726867161691,0.0576450657681562,0.0090634576510638,0.009482706839844469,0.000550751035916619,0.0035794862546026708,0.0021223158873908687,0.005246367602558167,0.01862679806072265,0.021961563479271716,0.00762769661960192,0.008910892374115065,0.03874806986568728,0.013989118288372992,0.008055286487797275,,,,,,,,,,,,,,,,,,,,,,
class1,SLA-3*01:01,SLA-3,5,0.03283894547494128,0.03345894200028852,0.059979286835005044,0.014240972354309633,0.0026161223358940333,0.003597312458441593,0.0017549257376231254,0.00035371863195905463,0.0027313522985423335,0.0005965517651929986,0.00035948404256487266,0.000604832665703725,0.0006197234768478665,0.005511552892858163,0.0007202866079751402,0.05177526735642459,0.02107545272447169,0.000775090660317801,0.007875895091274288,0.050963757536374034,0.0033305650809779762,0.005860629846574738,0.00155510796175804,0.0011774046637583525,0.0015060717465530614,0.0008470498287351802,0.19265499176108278,0.005778932641260326,0.00101638057094533,0.004292659492057283,0.0006951154646230862,0.004533888676087372,0.001907696078706067,0.0014121880900347604,0.0015388221654575318,0.00436004479888652,0.007489074664772488,0.009223633969668299,0.03585832493918133,0.01587847580885864,0.0063984710024669765,0.001715810233145021,0.011012386836227961,0.0027107804919069165,0.02323315050907695,0.04200987685471773,0.15083321710117162,0.11597337581079045,0.013700641658942914,0.015610222282703035,0.004699866723967716,0.008824403595644981,0.005482656168169342,0.004428609949536621,,,,,,,,,,,,,,,,,,,,,,
class1,SLA-3*01:04,SLA-3,5,0.03741925926296972,0.03908856853377074,0.05548840292176464,0.014385247102472931,0.002914845958002843,0.0041595416361815294,0.0019310009549371899,0.00034290463372599334,0.0029600785461298073,0.000647588763240492,0.00041792231058934703,0.0006224167940672487,0.0006808360578361317,0.004499143443536013,0.0007073867629515008,0.05933490445895586,0.021935189026407897,0.0007676329187233932,0.006461549580853898,0.06093608792871237,0.0032817526691360397,0.006093443557620049,0.0015752833176520653,0.0010253938671667129,0.0013699940711376258,0.0007169059796069633,0.19292077920399606,0.005479605426080525,0.0011009472684236244,0.004448562717880122,0.0005714468425139785,0.004089522658614442,0.0018515711613872553,0.001332212527631782,0.0015754448177176528,0.00403440244444937,0.006708789914046065,0.010092726600123569,0.03802435497746046,0.011921864225587341,0.007045995513908565,0.0017571679723914712,0.016582409792681573,0.003147007752704667,0.01825372615003289,0.03682677554897964,0.14863374176202343,0.1040823724693837,0.01603668323950842,0.012994572798197624,0.0040860523586161435,0.008233302913140506,0.004367848351830616,0.004036806337535381,,,,,,,,,,,,,,,,,,,,,,
class1,SLA-3*01:03,SLA-3,5,0.03078064449946396,0.018618779853568412,0.06968011503922752,0.0017411279783118515,0.00843255605432205,0.001505711002391763,0.0036469644226599486,0.002387015483691357,0.019491217398899606,0.010467751062242315,0.002084590628510341,0.0037248714186716827,0.0019098287128144875,0.017102794942911715,0.006341401091776788,0.02355747959227301,0.006928804749622941,0.004129744505917188,0.009660985716618598,0.02614862595219165,0.0021100293612107634,0.013873439465533011,0.0009129443242272828,0.003476625762414187,0.002250546947470866,0.0029613582737511024,0.13796287221484818,0.011635564267635345,0.00243756192503497,0.015828505635727196,0.0012365216301986949,0.00613610427826643,0.0026651452615624295,0.0015213444188702852,0.006080083480628673,0.011729638441465795,0.01367244187858887,0.01967882993631065,0.062382432785670974,0.07862364072352648,0.022671353677287696,0.011256291769677773,0.006445054165669717,0.0070706751626858026,0.0742058882737183,0.004562954849097878,0.0706200020344113,0.04784876128396718,0.0135503130075449,0.008362706197658554,0.01172641313751228,0.03793193392048124,0.013293509726645425,0.004937517736107111,,,,,,,,,,,,,,,,,,,,,,
class1,SLA-3*01:02,SLA-3,5,0.013719541003229096,0.021344285225495696,0.04662453386481502,0.004448926111217588,0.007697619363898412,0.002484375308267772,0.0026134432759135962,0.001503261484322138,0.011639639008353696,0.00958579711150378,0.0012219378317240626,0.0030397464259294795,0.0019359289639396594,0.025626360415481032,0.0019452040462056175,0.02428847661940381,0.006854491867125034,0.0012725947708531749,0.00612515693064779,0.01455554753774777,0.0036300798295997084,0.0203838694258593,0.0007716806285316125,0.002272713475394994,0.0022121694521047173,0.0018958505461341701,0.17007977427565493,0.011204477306455374,0.0018021424068138004,0.012113161210436374,0.0010471089190104976,0.0036203324736561624,0.004440574737964198,0.0013499270018655807,0.006997119005245622,0.009834325072006322,0.008880093197512906,0.021687644114717842,0.025500927095708902,0.01080271940882085,0.023125581676140428,0.014005000464385376,0.009665687385131605,0.026455331187025876,0.11669659372637398,0.007926981244236232,0.12617658892995678,0.056720326295908306,0.010528600438556168,0.006027990009170025,0.014426637609722093,0.04272808730602264,0.009538941190112383,0.006924078078009188,,,,,,,,,,,,,,,,,,,,,,
class1,SLA-3*03:01,SLA-3,5,0.027564219711348415,0.20209824166377074,0.06784012765274383,0.005454119498608634,0.041417956695659085,0.014339648047462105,0.019113938952796162,0.013102921145036816,0.1554959037632216,0.006485646011424251,0.0022498455131426454,0.01604131807689555,0.003885908593656495,0.01787941452348605,0.0448943447554484,0.02575659829308279,0.023303578211925923,0.000426903798688727,0.0018003179662628098,0.0033859918694361113,0.009871322091203182,0.004105281451484188,0.0005608324012428056,0.0008286503289127722,0.0011712669274857035,0.0009644888985349098,0.036469163387664594,0.0012400836334563793,0.002416881553654093,0.00978570969600696,0.0005400012669269927,0.0010187174237216822,0.0032608730645733884,0.0007717820451944135,0.005086009953811299,0.0010688236410715036,0.002644343320207554,0.009284297423437237,0.03290177570561355,0.002568794933904428,0.0029108601622283457,0.02867469168850221,0.02642442689539166,0.001274279714198201,0.0070212590620940315,0.023194436577614396,0.012146714096888899,0.03986617997161375,0.01014185959356837,0.0011391455351258627,0.002110449952306226,0.012261065162601881,0.01103348542819731,0.00270508608664386,,,,,,,,,,,,,,,,,,,,,,
class1,SLA-3*03:02,SLA-3,5,0.06360462562879547,0.0658485581905552,0.03492467302712612,0.0040234675543615595,0.010153322230326011,0.012864485173486173,0.014596551284193992,0.11707256633089855,0.05106424308214628,0.0038458244991488753,0.002255704483832233,0.0023369272821582854,0.0042087551841177625,0.006284136010799557,0.040236907568760215,0.023321221772494027,0.023358389668283054,0.0005337877148122061,0.00035340449321665803,0.011457648380019236,0.0014116371923591942,0.005691318219760433,0.0005381452676374466,0.0013879779842682182,0.00042844264899031257,0.0005137269859460502,0.14851312371902167,0.0024610680688056164,0.006302118729217909,0.008625950122950598,0.0004628158152627293,0.001361866085062502,0.0006601896704523825,0.0006956607176107354,0.004383780161879259,0.0005614433277514764,0.0014140980449155905,0.009848532191244885,0.058238544326923145,0.0008786822130787186,0.0033392511861165984,0.004839495525811799,0.07832846906130726,0.0020473176908126335,0.0026179625905569993,0.051513095712289216,0.08019515180494637,0.009811318897118327,0.005919402935978724,0.000383971375413239,0.0026128362049348654,0.005605572834610939,0.00375660044956021,0.0023052197240758686,,,,,,,,,,,,,,,,,,,,,,
class1,SLA-3*03:03,SLA-3,5,0.025914914906024933,0.20322912885021652,0.06636246798734646,0.005990305470186285,0.04391432738048025,0.014246996282599867,0.0240457525011152,0.006743630266282707,0.1457941256230697,0.004858739691553637,0.00174434173386544,0.012355561001459136,0.00351693281554617,0.022236451716162266,0.02086389883188531,0.052366442960919815,0.02574578080093488,0.0006111325228630449,0.003907543065724895,0.0060809992661233995,0.009289128020463977,0.00820555339450948,0.0006659163467702456,0.000984560331562534,0.0020520154990663285,0.0010724984291300642,0.03502799468988087,0.0011899060511495918,0.002855544954945799,0.006127985788043589,0.0007316543786146212,0.0014555389654560714,0.002917026716750115,0.0007556955213658511,0.0026232462070765903,0.0012417019994245492,0.003031034447303682,0.007638635879266076,0.030623168796773827,0.007405252666649176,0.0030038524884730576,0.003927535846014507,0.011411644733016146,0.002429314590335707,0.017873962456724256,0.025642956810770556,0.03289562717545778,0.03829432656316385,0.010383252246538178,0.0028208652598550542,0.0025710793619509787,0.005562685101176612,0.02406031063001137,0.00269907076144591,,,,,,,,,,,,,,,,,,,,,,
class1,SLA-3*03:04,SLA-3,5,0.0343904658104293,0.13121670418186113,0.08604972574539715,0.02001422317698598,0.006220937776379287,0.022904752130853013,0.008926355314906686,0.0008230119536165148,0.06199813523271587,0.0015270013740519063,0.0009250604722183198,0.0022106277028797194,0.0030647014209534973,0.019563966989517213,0.002434703358449042,0.07089458013651892,0.016785509936744346,0.0006534958014526637,0.004226234799716622,0.035521493566920984,0.010805933484516573,0.00813188476022333,0.0012341191875748336,0.001081127577344887,0.000950642082534614,0.0003874374839142547,0.06280157093133312,0.0017803890863433481,0.0021669171954272317,0.0037712350283982234,0.0008196130409487523,0.001805287504248554,0.003035594866378233,0.0007947810750920326,0.0021445676844450644,0.0015908234790913411,0.0033479980173069636,0.00794355723191984,0.05735139139978855,0.00613902095319645,0.003733854554593563,0.0021782889700261874,0.01203018637461355,0.007145708909229142,0.029110421360383044,0.05160734858363867,0.07781930344644934,0.05440375165617297,0.014698227884946392,0.009843027571332642,0.012538908878923394,0.005225284351035952,0.006584067377843894,0.004646056157071143,,,,,,,,,,,,,,,,,,,,,,
class1,SLA-3*03:05,SLA-3,5,0.05135784591548145,0.014788441243581474,0.11806618751143105,0.006623902141291183,0.022199052578071133,0.007921511388849467,0.021687789767747746,0.009395352809224277,0.03338871211799414,0.0026670530132832937,0.0036427529987122396,0.02215937207074603,0.0029107876271154964,0.007733833999373019,0.010420804267050698,0.033416766943992114,0.024632300855591892,0.002640480102854781,0.011829431777368882,0.08815084468806163,0.012711154329008423,0.0028910356777487323,0.0030028628592845053,0.006016970469499938,0.008675854001830885,0.002652122744211738,0.2277563826763071,0.021481614280492067,0.00839033858210314,0.015991939572268167,0.008784291069605387,0.014769668275403092,0.0005264385377813596,0.002530975717672845,0.010993100784980924,0.002558998413860536,0.0034844439887820045,0.00925488595094066,0.014655335763836774,0.021341515111271293,0.0037142142798984425,0.002879545820178464,0.00695402974888566,0.0010837993439054116,0.0033384399409442265,0.014374777599005028,0.019007570896064863,0.012372523580052076,0.001985350373433903,0.007883437370401225,0.0017993209301494062,0.0067380243744992185,0.02131738680182025,0.0024484222638420762,,,,,,,,,,,,,,,,,,,,,,
class1,SLA-3*03:08,SLA-3,5,0.02390032692346722,0.08491371409036219,0.09706838907695783,0.019665293148136698,0.004044491023523733,0.024092032003682106,0.0033369634998962282,0.0027611726327450015,0.14818477236258332,0.0012956026446772739,0.0007848039182135836,0.0012385072710458188,0.0018706267845118418,0.009338627522811293,0.0035281293647130953,0.13853812351590022,0.01774132867139997,0.0012649037535084062,0.00046445515181403607,0.14936366707843263,0.002407701170704968,0.010063288919627666,0.0039141397079220045,0.000396610121242702,0.00023828589728509543,0.0004832696184166707,0.06074440148076974,0.0014428312308155,0.013061154118986451,0.013052591402083636,0.00023848295386414976,0.0006377022393280641,0.0033610011734708676,0.0009217517195793335,0.002099891835678136,0.0008594180969339505,0.0016755638986978739,0.024880931235384197,0.022077507612448245,0.0038782966972576104,0.0009662238182500005,0.006008010002551601,0.023796939599560574,0.002590180738388881,0.0016622993636701722,0.010675383829220664,0.022457067674258722,0.020997525949496776,0.002903199599677464,0.0009433262490347261,0.0015789492870680987,0.002284547424642369,0.0011492616176838055,0.002156351529993117,,,,,,,,,,,,,,,,,,,,,,
class1,SLA-3*03:09,SLA-3,5,0.06262075272388756,0.06974532802123576,0.10424991460058664,0.01161703132383991,0.006636001812876202,0.03684630432690028,0.004684842011192814,0.0010816745532792992,0.11913877681363375,0.0009721167880343273,0.0008157379372278229,0.0012469260007492266,0.0025415911091840825,0.010372506186831743,0.0010271287726936861,0.14368521406140644,0.008820273214951158,0.00038900416584510824,0.0006604050766327418,0.08160221237340011,0.004409300029510632,0.00456656716123689,0.0010126075037987902,0.0005471784912515432,0.00015605600101480376,0.00022595577720494476,0.09617964602075517,0.0014088792580878363,0.00231329503149027,0.004858672124100849,0.00025858659428195095,0.0007204959652881371,0.001686918587074615,0.0003624648386903573,0.0011338205200445372,0.0007341181963965937,0.00131661792865998,0.0042460621596546845,0.029435216852198208,0.0027175870531209513,0.0022296952083706856,0.001616202571312897,0.02384320216260676,0.003638033747665759,0.0015011544805020095,0.022277191461762415,0.08462551918346435,0.01703961624452859,0.006628975715284468,0.0015710622148617404,0.0020420904620550573,0.0029844193712051494,0.0012238000053912401,0.0017352459894027562,,,,,,,,,,,,,,,,,,,,,,
class1,SLA-3*03:06,SLA-3,5,0.03504993394599296,0.028321916467393748,0.01871774975588778,0.026680780632887036,0.003644089339650236,0.01647400187794119,0.002486688282806426,0.001916729539516382,0.0015226476527459454,0.0013861124927643687,0.0008617346233222633,0.001994259498314932,0.002647880073345732,0.006332426448352635,0.0020073402003617955,0.029101040831301363,0.09553820712026209,0.05859891627042089,0.0020920803348417395,0.01657478083507158,0.08688758559874259,0.058835763373645024,0.004599621240049601,0.0073022085009142755,0.0021571939905697946,0.004112089439149713,0.17653303015977145,0.014648812217637896,0.011653919506352394,0.006677684467285871,0.005105457283207215,0.007668057293631137,0.002384614627226256,0.006710801877488848,0.009115513549477327,0.005379005887152744,0.007094262327154865,0.018738755927188322,0.011629709837507107,0.06519811465404927,0.003305953538801987,0.0031487016909522935,0.017853325635223884,0.003807566617615521,0.0029185785897425376,0.028451633649819997,0.04220075282501057,0.008454106985300313,0.002587135642534122,0.0029048111609881744,0.004290805706114042,0.005658061956637539,0.0035240053432062267,0.006513031665235758,,,,,,,,,,,,,,,,,,,,,,
class1,SLA-3*04:01,SLA-3,5,0.01736859247321263,0.08298786070663482,0.08680270548138651,0.00825958743225783,0.005984419846208766,0.008098658491508103,0.004050998145248741,0.0014721307659783633,0.10800555977220938,0.0016976368646282936,0.0021207578902249224,0.0038207824865821747,0.00472816420988238,0.005717561303754337,0.0020436584163689986,0.1673542173928581,0.050973018445074555,0.00034439320716046496,0.0012402891125020687,0.02589739976101555,0.004121048544766382,0.032121512515004724,0.0011190598015673459,0.0004680990765336901,0.0007377341462415643,0.0005504141148776398,0.12160291853360831,0.0031876769615337254,0.0014296649605967104,0.002670339256292209,0.0002495374312275089,0.0010339630549424327,0.0031172475457424296,0.0005205391920753754,0.002390637551434338,0.003742145174146572,0.0029862980311008867,0.004881641460815445,0.013139305734512163,0.014133499668241711,0.005626774148549884,0.0035076912463409826,0.015378548059379682,0.006823716579856409,0.004616125293250661,0.015980094208498486,0.05931738701183349,0.025538585689173488,0.014786431588436243,0.0066397976988810115,0.01079116289911326,0.018819820290082133,0.0030314231611555443,0.005970743286889046,,,,,,,,,,,,,,,,,,,,,,
class1,SLA-3*04:02,SLA-3,5,0.017041796690318734,0.07334673136938363,0.05058261042286176,0.004831170570105315,0.012643132993252948,0.009830460579541978,0.0029235857771709563,0.0004504009135416709,0.0742753044480196,0.0015257928942446596,0.0021478003327501938,0.0025197354290867223,0.002484353912586812,0.003883172874338925,0.0012067336472682654,0.13750735978246667,0.08089115312322974,0.0003933686537493486,0.0013197030231822283,0.02778311996080447,0.0029941947635961697,0.021136757102794945,0.0010441224032547325,0.0006795169552788139,0.000785342988820048,0.0005713050415579346,0.1696914309868589,0.002639219188131392,0.002122904104180634,0.005364630048279651,0.0002716082424740307,0.0008173792521120049,0.004017331918294076,0.0005172919190954417,0.0020299306903325486,0.0015772155335980643,0.0018963881861054689,0.008325977911590598,0.03171384590750677,0.010588547580846352,0.007188510878768284,0.004921186233696062,0.018185587722109632,0.012544865751806356,0.008267121387689258,0.03087095619412139,0.06140770777128637,0.03293359155595681,0.01351441797814914,0.004681710970180575,0.007344488485250622,0.01102357521886006,0.0036395841802004726,0.007104208576492965,,,,,,,,,,,,,,,,,,,,,,
class1,SLA-3*04:03,SLA-3,5,0.016759562090737746,0.07324316785670817,0.04901817176869372,0.004717467725276947,0.013164989853976294,0.009133590826240833,0.0029535303008742632,0.0004482372023630887,0.0773819268328225,0.0014966408831242005,0.0021848666918231176,0.0024426739662885668,0.0025053012515854787,0.0038910619914531708,0.0011769215285312383,0.13634025173960254,0.08356386963278055,0.0003779119233513484,0.001302749891692656,0.028278549297829157,0.0030280131933977826,0.01950811021379195,0.0010563492949586361,0.0006764679041225463,0.0007862687285523862,0.0005953595951723401,0.17045339117757977,0.0026120292488485573,0.002157839774736203,0.005421237475820817,0.0002714313959586434,0.0007921999160316773,0.004116517890361137,0.0005015203234506771,0.001963756122131599,0.0014673613705781462,0.001765835070364119,0.008039367661694996,0.03143799558274622,0.010399049191255472,0.00729181033821078,0.005328307642776054,0.017796973593067377,0.013110567903913762,0.008950573798574623,0.03122564950026572,0.05691640004515648,0.03574945572290744,0.012972709262976423,0.004616797724156641,0.006951860093977302,0.01083032320602797,0.0036606155917979777,0.007166421122383327,,,,,,,,,,,,,,,,,,,,,,
class1,SLA-3*05:01,SLA-3,5,0.0595468643005006,0.028401960129849614,0.06190682081214618,0.006777735712239519,0.001852482877438888,0.012546361234853975,0.0010845796321518719,0.0003795471551711671,0.00036390693894645666,0.00033660001245152673,0.00018963539478136226,0.0009678360816906207,0.0009473958507442148,0.0047840711253229525,0.0003737416642252356,0.029100570667651482,0.023669946007430553,0.03312771335040452,0.00803481140101212,0.019352217391133308,0.019302971323486417,0.010037391219520941,0.007872856257017702,0.018068313345429486,0.0022327959861286216,0.0052384299826371715,0.299297717330046,0.02699563675560057,0.007731658936245367,0.0042777549679158255,0.011650747682142536,0.030190137396857608,0.001031692286778707,0.005208253710588906,0.005024294629401993,0.025625267166105914,0.02685143401995447,0.0038802548559033314,0.028630073433760117,0.10350709222257137,0.001655389426741749,0.0005023875128244981,0.0034246959432493894,0.0016862880263943225,0.002661347298999317,0.014365698618348688,0.018383899435866623,0.010103977169274003,0.0004213107182295062,0.0009400723720318638,0.0010249885759549215,0.0014797777927014976,0.0016986965245450846,0.005251883517485112,,,,,,,,,,,,,,,,,,,,,,
class1,SLA-3*05:02,SLA-3,5,0.05950003667967394,0.0292691447888501,0.06224364248337224,0.006853785365819931,0.001919626528979279,0.012981895596021786,0.001132586010498926,0.0004495783199672587,0.000387801424767531,0.00037570706226688346,0.00022042296332074328,0.0010143434104975314,0.0011412820054829353,0.004689207411138341,0.00041127676086034627,0.029440322442678735,0.02931455001235008,0.031181330808612982,0.008554127297975356,0.015273047471418976,0.020428835522034207,0.011066773874335922,0.010375995544018224,0.01736326767131686,0.0023812099316273816,0.005361191302290536,0.27815866206074136,0.024683141196146608,0.007234723691362887,0.0035884438140783457,0.010806590129504912,0.029467221039521974,0.0010342687441152521,0.004465704184258357,0.005188149469177006,0.02657356089712266,0.027930375121468388,0.0031686424306826668,0.025575161222968747,0.12067971893120558,0.0018689545802772045,0.0004884510373813101,0.0034646357846213503,0.0019357402692548932,0.002672807404087507,0.015747461882710923,0.018196637311484666,0.012190881520837138,0.0004957194352755323,0.0010810264633619227,0.0010956205886031966,0.001667245349381119,0.001622055532061495,0.0055873936507850885,,,,,,,,,,,,,,,,,,,,,,
class1,SLA-3*05:03:01,SLA-3,5,0.056601627822965385,0.03183310067397542,0.060643438756233084,0.006622709915973246,0.001982535482966341,0.012994556306512094,0.0011674129229504616,0.00046113389980746434,0.00037434382229548644,0.0003905042412952753,0.00021996106515871362,0.0010908501310041175,0.0011910488534340401,0.004675486165797338,0.0004415068891830742,0.02718663449632004,0.03165896679274738,0.032081678556278345,0.00828332091732591,0.01909220227971673,0.03783180050377268,0.010182337334845215,0.01022635998087935,0.01683450774871744,0.002517364853338222,0.005428800352638064,0.2470440623466857,0.028363458579406142,0.010104323423001915,0.004093580599874258,0.010834960442298324,0.03137673924065894,0.0013174412277294322,0.00481088797096163,0.00670119930873625,0.027889904532548825,0.0294818156538895,0.003604004127555527,0.025996266603942785,0.11787602124968544,0.0018069431069307029,0.00047433930158149453,0.003815040287008742,0.002035938075277954,0.002806016454269411,0.01565482561418321,0.01949068355606869,0.010669484786740213,0.0004702011639892589,0.0012040618370519952,0.0011292965478787663,0.0015225956274662166,0.0018096690153470262,0.0056020579999312755,,,,,,,,,,,,,,,,,,,,,,
class1,SLA-3*05:05,SLA-3,5,0.05470318146981299,0.03192564436467364,0.060065735026728365,0.006669627339579165,0.0019718571624252946,0.013972117798402905,0.0012102338136173786,0.0004713469941634685,0.0003629295866630855,0.00038691149384249,0.00024081161973299459,0.0010072501769172958,0.0013521146338462131,0.004440274921944365,0.0004625019704690203,0.026956346770748495,0.03381839701905846,0.033091676990443374,0.007750694007336278,0.018392157973721623,0.03582506799721159,0.009332873567473143,0.010257863294100389,0.013244880473939702,0.0024735819704801544,0.00583222885734358,0.2455864388961345,0.029272931907325984,0.0099468675092794,0.004037125559989363,0.009121434371627402,0.02806009502528468,0.0013280865154229105,0.0047257425336283635,0.006892875932680909,0.029222976488381392,0.02993809644249268,0.003448179799306672,0.025434890056567384,0.13091463657328858,0.0017490068799816071,0.00046111985866446046,0.0037607687554555014,0.001945491717197001,0.002719425573013723,0.015357639588182792,0.01932687811786309,0.01026883124759479,0.00044603693604585717,0.0010699826525524259,0.00094918153990875,0.0014349387158290483,0.0014184679472236893,0.0049435304827056825,,,,,,,,,,,,,,,,,,,,,,
class1,SLA-3*06:01,SLA-3,5,0.024699365021660924,0.23406071341887583,0.14318324526539072,0.002411051536910236,0.029628017067443578,0.006009853654541075,0.006408956393715926,0.005453496155678294,0.13271825584888575,0.019277789822535852,0.0014981755492044612,0.007103690531221218,0.005021452299843077,0.033942990441573784,0.04184607954521198,0.016353757845354266,0.007337533036479727,0.000381842985007097,0.0010232795799311133,0.022800104821362764,0.0018248515330924419,0.0024231212162703743,0.0011693786473188084,0.000685885020357091,0.0004755544132422074,0.0004512626205723791,0.02134721582115162,0.001769517405773513,0.002202282517100684,0.004363947076490149,0.0005797811361844651,0.0010621483372233343,0.0026317510404624046,0.0009315446412074379,0.0011542122578248382,0.0008103090591248474,0.0011799846372014145,0.0034924363404570612,0.03216492702986216,0.0025212515276507473,0.0021700811863411217,0.0015592390554957092,0.02905507127579767,0.003388794379134197,0.003951767175021814,0.012226771743735298,0.04973029803368263,0.032750866933747604,0.028442481500678695,0.0009206584309140453,0.0035204221785534173,0.0034315278739086353,0.003023660447797738,0.001427407845039852,,,,,,,,,,,,,,,,,,,,,,
class1,SLA-3*06:02,SLA-3,5,0.01952284687431529,0.16474909804528579,0.06991861797869206,0.02262755348929204,0.01462956918985583,0.014407530543394387,0.016061034554149957,0.006857094175938982,0.1369590121510555,0.012572520173489466,0.0023900148313259705,0.00747968846699223,0.0037667728422093203,0.01653888786677271,0.005973935581278056,0.017934020538814367,0.009231167321559042,0.0007571986148832366,0.007338752666692016,0.008142426545964554,0.0027414491145464127,0.005715293061803095,0.0009829942631768064,0.001259653503075242,0.0019474816068395739,0.0008620434204203775,0.024681992328260093,0.0014300626819022,0.00126470086252084,0.0065888293145690115,0.0011061556346248836,0.002784644911662326,0.0029906376235885545,0.0016365710009267787,0.002880840896978043,0.0025405019341633306,0.00434542293951381,0.007906480424571783,0.0192991825111676,0.005476542781252647,0.008534754544962197,0.004462887410772965,0.008888310261681909,0.0020829177785344653,0.05008817014750093,0.06616203362937086,0.04835782203008421,0.03932088823030426,0.03254445378843229,0.015025480064650765,0.008087158878333866,0.016004824242554606,0.03996283363667317,0.004178253150894306,,,,,,,,,,,,,,,,,,,,,,
class1,SLA-3*07:01:01,SLA-3,5,0.036121312237810344,0.19123297863989136,0.1005303023266606,0.013768010036437772,0.005230157682672143,0.006566734102671034,0.004836805560626089,0.001435576235235203,0.07176671033521416,0.005506608335144847,0.0006399720325134695,0.0021871851742616853,0.0032676427908882033,0.01665882475208491,0.0020082056755200027,0.03628637675428763,0.011640857555903494,0.0002459301129420055,0.0059641182182531335,0.01137052602134645,0.002024081345734885,0.010556990317127202,0.0007719560817349702,0.0008362943204701878,0.001602244994319335,0.00045725983181910124,0.03579478928004391,0.0018782782135531306,0.0034500973153626545,0.0053188154590316115,0.0006227961574040819,0.001254178363160463,0.002332303542061709,0.0005312749970471486,0.0018658732922631315,0.0007945213734728895,0.002198589231375081,0.010745552991284057,0.04453759087173239,0.0009187391955492785,0.004627900116611272,0.007418933961889707,0.05496449296188075,0.004272288109859801,0.09541493401047774,0.013442702475003898,0.08035108504118398,0.028167826227854676,0.011204590240959078,0.012246320099075092,0.008044050034368411,0.005134467367315665,0.01595386189655983,0.002999468770576641,,,,,,,,,,,,,,,,,,,,,,
class1,SLA-3*07:01:02,SLA-3,5,0.036121312237810344,0.19123297863989136,0.1005303023266606,0.013768010036437772,0.005230157682672143,0.006566734102671034,0.004836805560626089,0.001435576235235203,0.07176671033521416,0.005506608335144847,0.0006399720325134695,0.0021871851742616853,0.0032676427908882033,0.01665882475208491,0.0020082056755200027,0.03628637675428763,0.011640857555903494,0.0002459301129420055,0.0059641182182531335,0.01137052602134645,0.002024081345734885,0.010556990317127202,0.0007719560817349702,0.0008362943204701878,0.001602244994319335,0.00045725983181910124,0.03579478928004391,0.0018782782135531306,0.0034500973153626545,0.0053188154590316115,0.0006227961574040819,0.001254178363160463,0.002332303542061709,0.0005312749970471486,0.0018658732922631315,0.0007945213734728895,0.002198589231375081,0.010745552991284057,0.04453759087173239,0.0009187391955492785,0.004627900116611272,0.007418933961889707,0.05496449296188075,0.004272288109859801,0.09541493401047774,0.013442702475003898,0.08035108504118398,0.028167826227854676,0.011204590240959078,0.012246320099075092,0.008044050034368411,0.005134467367315665,0.01595386189655983,0.002999468770576641,,,,,,,,,,,,,,,,,,,,,,
class1,SLA-3*07:02,SLA-3,5,0.03755564505700022,0.19123576245619917,0.10101480291341432,0.014043954391672742,0.00580859231413342,0.006586356554180384,0.004682432132540271,0.0014576289147953502,0.0770170493866317,0.0129125650269998,0.0009002659819088877,0.0032244682981399818,0.003887805200793082,0.019519498891895637,0.00289200289407745,0.031225951144006104,0.011406125803478061,0.00029151419694244395,0.004475915578768763,0.00880966468830593,0.0020599694835254923,0.022426907188491895,0.0008306856150738895,0.0007370172475930304,0.0010628324029312354,0.0005178190549486317,0.03570690134656616,0.0018235131516121327,0.0017606687208171934,0.00413366014836356,0.0005046403253800236,0.0011854074014991055,0.0027103233995148914,0.0005136378284078091,0.0022164352471008898,0.001413940871907471,0.0026483957456548525,0.007869431222206912,0.04311994863601285,0.0017315022316324758,0.004979072464630007,0.004584585204429459,0.02382583918661112,0.00996175300097093,0.10439082873599545,0.014942695363424718,0.07962836141232402,0.027056895874920883,0.019501294882502407,0.006641622458118945,0.009080736123723909,0.007111336116213352,0.009585379448981256,0.004787979583488778,,,,,,,,,,,,,,,,,,,,,,
class1,SLA-3*07:03,SLA-3,5,0.031177507736720143,0.19906175704672932,0.13391010652994736,0.003182802256196737,0.03338410325814038,0.008336038811830804,0.007404887827578932,0.003975876467302441,0.09086747182300314,0.023487272091733756,0.004342523662489839,0.00932600133746746,0.008862902576220221,0.021925413212738932,0.07190025326563046,0.008685141763999127,0.007402478001313284,0.00042216886213282124,0.0012546066638606135,0.003333923462014354,0.0011318727934849448,0.06223687279780279,0.0005760746360465418,0.002354059266508557,0.0022236778037040494,0.002163341784671502,0.04599297896493226,0.006239453703165055,0.0010744893574155868,0.009470918352599255,0.0009979546561226017,0.0018618297261127736,0.001188114072283497,0.0007090767612680793,0.004710040015925188,0.004448037885686063,0.004168420384303317,0.018907513024169022,0.02990128168348747,0.0017271282689762303,0.014290972903836519,0.023523085270426236,0.0057316422724397855,0.0013059209826678853,0.0031521660421276465,0.002838409197283909,0.01947312779375352,0.006507646017280422,0.002669752332440112,0.001374372670034063,0.0077927078411448745,0.02303773404128151,0.010428794252220541,0.0035472563322400674,,,,,,,,,,,,,,,,,,,,,,
class1,SLA-3*08:01,SLA-3,5,0.02593088906724006,0.24780349102220497,0.02521770129969809,0.0015999327457393519,0.00488333068205975,0.0845787073718384,0.0036329206777736545,0.0009251386676623951,0.004473854218667838,0.012019436581613262,0.0002278430423757527,0.0009026808475027792,0.0008328217547386885,0.008292781026102602,0.0020241193036781625,0.02699520067544654,0.025274248256755526,0.0017410538963304133,0.0027115942316413566,0.018468776333611457,0.010286069886933546,0.009542350022820755,0.001971558982040733,0.002571464073844254,0.0011280296537734102,0.00034132049895561065,0.06309591088211164,0.02032930358836893,0.0017792621816624886,0.0014842348609818146,0.0007651264344531228,0.0022907872938958463,0.0016786854772362857,0.0010514869834878481,0.002147174641140737,0.0008102574822260067,0.002213281641161302,0.009533710991672707,0.0054360691692636465,0.0010105748333444353,0.008049921412020922,0.005391725425397453,0.022330770632834174,0.01142900995691889,0.13417758455675538,0.004736350261373446,0.0060758449486456815,0.02734357346616889,0.002999014873057604,0.010819331575680735,0.015651819796767087,0.0028446047261240894,0.10613742631248897,0.004009865468106,,,,,,,,,,,,,,,,,,,,,,
class1,SLA-6*01:01,SLA-6,5,0.00539355501823593,0.0020006212842417883,0.0011031126996385865,0.0016020800845581106,0.011734206398250535,0.030373276548925788,0.009097370412200689,0.009292477171402424,0.0022596067952690645,0.0017883609281852842,0.003143242734950036,0.004629679652862251,0.002722332779376302,0.0013986762962304056,0.007366009126417339,0.0035417396458797155,0.01126803676597774,0.03197278167353943,0.03077054849709384,0.0005326529739249963,0.002052109948999714,0.12749771976377816,0.000510921617387794,0.07504091095179319,0.015906687488313764,0.013591272131452569,0.1390078234137036,0.013294609729200602,0.003983664128463715,0.0017934336035978049,0.02689174299594015,0.02364680524915457,0.0019215601270843763,0.01214827474905178,0.005980104372429196,0.01734304671990685,0.025785017665475606,0.008301320008467884,0.007271605552523397,0.12140329694375396,0.02114400709979236,0.007910656472085975,0.0024155971346772275,0.009713044296950102,0.004490130637714173,0.0009109307937251287,0.02625700235221302,0.004672283797117416,0.0015165735563641646,0.033961338852532205,0.008753384326701053,0.009490402461960912,0.04354851637035608,0.009853830607607961,,,,,,,,,,,,,,,,,,,,,,
class1,SLA-6*02:01,SLA-6,5,0.005477677349699661,0.0018084442855979433,0.0010676639882149174,0.0016202737140702083,0.01238246714347042,0.02955849741701968,0.009297355264425277,0.009506021079141646,0.0022971190395765007,0.0017733668209984899,0.002958294638665393,0.004855505796149373,0.002661298688326497,0.0014172239578329026,0.007440974586643279,0.0035120132146403194,0.010843017377192154,0.03107221968239173,0.030065101801301352,0.0005660614086082205,0.0023122065453208052,0.1262735513970256,0.0005984338786220178,0.07570867985486984,0.015992610855028032,0.011913534887571586,0.13650834244326687,0.013192283920943737,0.004409888223744929,0.0018375962972640991,0.028370057605206965,0.024582348437979816,0.0018694381977184093,0.012556132790632547,0.00625773458450567,0.01678642360493541,0.026214774849358947,0.008357104810420424,0.007656156038865447,0.12084507057443261,0.022133748070336877,0.007371250691358,0.0021441498884087196,0.00956200239015743,0.00420202416862594,0.0009321180077677127,0.027275467287836364,0.004326562517962884,0.0014172825971400017,0.035244670766405764,0.008587087181513197,0.00973971396451816,0.04467777423560619,0.009963186690583825,,,,,,,,,,,,,,,,,,,,,,
class1,SLA-6*03:01,SLA-6,5,0.0054606346413493155,0.0017999222673097393,0.0010593794388114475,0.0015889237067312934,0.012206343194702641,0.029253791712108068,0.009078906336799263,0.00927027123980224,0.0022774490411393345,0.001752558205043897,0.0029733079951256513,0.004760074894875288,0.0026629263928043658,0.001405072843772359,0.007277177856303751,0.0035786772263236345,0.010757635370828212,0.0309699880075641,0.029979535785969347,0.0005622081473120489,0.002314502780791372,0.12692920174449682,0.0005952027946477756,0.07592366579920054,0.01589655107818544,0.0118651509652409,0.13860270607983693,0.013201993331313134,0.004418596741743386,0.0018420548149151728,0.028644048888236285,0.0246650870423764,0.0018626601096912055,0.01278171616140753,0.00630911754706176,0.016970712534384803,0.02627685903571546,0.008312066283542663,0.007745420056744478,0.11958338394761085,0.02156229524407536,0.007432923154556193,0.0022118914377642794,0.009561358625069261,0.004188374592922628,0.000926988422361319,0.027407415942070655,0.004418946420992142,0.0014507588819469674,0.03510384019464254,0.00860795479384251,0.009833886136766523,0.0439199578948319,0.009957896452397108,,,,,,,,,,,,,,,,,,,,,,
class1,SLA-6*04:01,SLA-6,5,0.005366475830669515,0.0018295494910489651,0.0010815603673108853,0.001627637361525558,0.012376207177294419,0.0310342207638314,0.009434574889019132,0.009685708931647241,0.002291779202641919,0.0017704914149362593,0.002963433420518413,0.004846670990809798,0.0026350192303652873,0.0014183199411490933,0.007572092534974218,0.0034575236728414892,0.011179729708237574,0.03111601827549748,0.030586384146590716,0.0005712037265766412,0.002433108552941121,0.12270591063424945,0.0006187931809108705,0.0742715135216713,0.01625451078871265,0.011955775453316164,0.13588032572879455,0.013480217289179563,0.0044778779963962735,0.0018556752853328361,0.028148234239779413,0.02463270300067961,0.0018551748962636339,0.012221049971412868,0.006184034400212113,0.016689266689354554,0.02649556309916079,0.008352669375017285,0.007646885918802582,0.12201773589476943,0.022514131595380606,0.0073988920164993035,0.0021340397235690032,0.009554220375139266,0.004296998253266793,0.0009254362972569652,0.02699773909698706,0.00441703230026178,0.0014131790263490983,0.034998086863197386,0.008635996776865796,0.009872401005122811,0.045818482106551525,0.010001748614013196,,,,,,,,,,,,,,,,,,,,,,
class1,SLA-6*05:01,SLA-6,5,0.005487423972226679,0.0018135885209630942,0.0010687611589673906,0.0016231247849646025,0.012356765189906582,0.029751806519925594,0.009318660665303468,0.009534463612362742,0.002285216767631937,0.001767695602029562,0.0029564898635726423,0.004829848883673549,0.002649463106354233,0.0014193906681612134,0.007458479690831155,0.0034599031088873742,0.010829911986365914,0.03110925209475681,0.030072982286219484,0.0005659482711052987,0.0023311700293561443,0.1259991009021178,0.00059919886989519,0.07549138180911541,0.01597237482201308,0.011899595995419076,0.136468076845631,0.013193503394722939,0.004442575038410723,0.0018326427496504038,0.028410054720006885,0.02461819020099938,0.0018579860017780448,0.012538256333209574,0.00625456799461972,0.01677045046235435,0.02624101082328707,0.008334563404787332,0.00763997609319631,0.12084077084437013,0.022187982802279294,0.007365384217700921,0.0021235321239146286,0.009571242926176638,0.004216580413049087,0.0009300445286498871,0.02721524977205263,0.0043297380474541566,0.001410416000544501,0.03521594094345346,0.008595369811519048,0.009752684622071683,0.045037205796688795,0.009953989228233696,,,,,,,,,,,,,,,,,,,,,,
class1,SLA-6*06:01,SLA-6,5,0.005482578463852405,0.0018192605093645398,0.0010611637539113873,0.0016264796679024585,0.012276443385053426,0.029852232482517137,0.009347970830276608,0.009506975038675591,0.002289225491404068,0.0017866824578959494,0.0029978920007124542,0.00486271739937365,0.0026947647391352804,0.0014140551968012006,0.007445987197570503,0.0034870991366915405,0.011070284730521962,0.03098560100188479,0.030450006868341005,0.0005626949772704392,0.0023176687129307537,0.12529940891545266,0.0005904387158807367,0.07606399971991777,0.015931913582608103,0.012232507504813838,0.136548691598,0.013519456423819066,0.004182110645342618,0.0018518635886721313,0.02868460745085031,0.024874658836051822,0.0018675097539016861,0.012703006982337683,0.006348131658160128,0.016988699801731854,0.02625351643655449,0.008355029276572168,0.007700066763209179,0.11836979053914547,0.022344298521056773,0.007416003971593454,0.0021603780809527962,0.009537521586753427,0.004252897102560382,0.0009371772575832438,0.027200127032847375,0.004374226964864647,0.001427262842116761,0.03547356362687424,0.008583677926799283,0.009827619465067983,0.044747208477929235,0.010014853626489639,,,,,,,,,,,,,,,,,,,,,,
class1,SLA-6*07:01,SLA-6,5,0.0054701616987586025,0.0018379846756943151,0.0010684031163691542,0.0016176936725969427,0.012368318974040449,0.0294519082759507,0.009350200043991208,0.009685508674010634,0.0023180902513558975,0.0017963479913305491,0.0029796629678457975,0.004912462644279003,0.0026522023079451175,0.0014305743243312463,0.007471665181219578,0.003517422766890377,0.010847824736265466,0.03088280791998841,0.03084085194277577,0.0005675472362781875,0.0023452491048374215,0.12523272414691747,0.0006016944185830653,0.07524814028292895,0.01611710499273613,0.01201980134646874,0.135675666667521,0.013206999283283949,0.004362579388543964,0.0018486059037968517,0.028369288239628077,0.02477790485136211,0.0018652422942977865,0.012404884886927902,0.006200452793564182,0.01686762163299136,0.02635351092321798,0.008283101674169301,0.007570382178528234,0.12065232452005148,0.022319416236132383,0.007339730858802795,0.002177097094136116,0.009585443581454457,0.004265774725354277,0.0009381096668221289,0.028298912501850283,0.004346598579650163,0.0014571849807907711,0.03488889744039625,0.00865977824141737,0.009604654170107096,0.04511318528093398,0.009934299439191819,,,,,,,,,,,,,,,,,,,,,,
class1,SLA-6*08:01,SLA-6,5,0.0043618110910756515,0.0018367909664448235,0.001098823331994936,0.001471266035514418,0.014179475215496496,0.033912385860458014,0.00797040006145835,0.006970021792221814,0.0024535050280974245,0.0016415170044638216,0.0029448355140630155,0.004378715716302395,0.0027546610093850178,0.0014062677510082722,0.007334263576194644,0.0028546572662889957,0.009418535692384466,0.03329859531950206,0.030846668357844463,0.000625706440769136,0.0027297811597236433,0.11003227862529456,0.0006497752445284277,0.06748083271086217,0.016851553693413734,0.011316124492441303,0.15677161116036586,0.014603545237332583,0.005608865560498088,0.001903640423552133,0.03201948858331889,0.025504564214497805,0.001776246317604091,0.014160328451544047,0.0071756451085093435,0.016913383940118366,0.02812759327935055,0.008362831664271653,0.007132261380320415,0.11068533379584551,0.018271472514607014,0.006250445314799435,0.0017628994513870567,0.009078041044995188,0.003925589243590366,0.0007573097800559481,0.030199973699927794,0.0038429151474701937,0.0013265711275380454,0.03558785214554518,0.009214425340178422,0.01008883852045983,0.04858565642498434,0.009543456416577101,,,,,,,,,,,,,,,,,,,,,,
class1,SLA-6*09:01,SLA-6,5,0.005122378093074076,0.0017680879333056509,0.0010615707069518976,0.001475658749404829,0.012511476827785372,0.03296368140145205,0.008831328758969904,0.008921282272785902,0.0023750021486193874,0.0018249246932100505,0.0031619345652870836,0.004713074117898941,0.002645543652761262,0.0013869780275854282,0.007691163534764201,0.003050313121639192,0.010834153287578373,0.031026421126443892,0.030525686295004562,0.0005446180963190273,0.0022457334634964354,0.12081988495774568,0.0005612003995338454,0.07636856753379107,0.01618544782977551,0.012576485753015731,0.14112019517924637,0.013048406131565571,0.0039014752372168006,0.0017496469634352251,0.028604906192049383,0.02474604044109583,0.0018152480821299831,0.012476030050311237,0.006212470491300337,0.017194493929855524,0.02597599573782645,0.00820712068816647,0.007391830655978993,0.11677191630005837,0.021372277941554784,0.006950800109189003,0.0019037358622881583,0.009925308509264142,0.004306090397585649,0.00087715597001079,0.029745821745382272,0.003963923812989378,0.001409420703930664,0.03559033144265413,0.008561573710176162,0.009571836388204247,0.04554230966605246,0.009871028969064355,,,,,,,,,,,,,,,,,,,,,,
class1,SLA-2*16:01,SLA-2,5,0.015877096228359734,0.00598907373205293,0.03522022013203241,0.002166917330760043,0.005307063850341365,0.0011595048650633543,0.004868587138480507,0.005254579609027132,0.0017561691791343037,0.0014429182861931621,0.0022041194562916642,0.0036927768349414693,0.00659681359102251,0.003700760318315588,0.005869569067726843,0.12254774766042828,0.01275933055439964,0.011325637751724571,0.030680950684472918,0.030175496981246396,0.0004201804258627817,0.007226899910892826,0.004732009280996863,0.02558092829422094,0.006213150358234998,0.003280668595107272,0.08849618057865882,0.013518725091125816,0.004546297749038785,0.005223459447734058,0.023126229389890795,0.03765772864862811,0.001384068730112631,0.010671876916603651,0.004987681102647912,0.040652886766474695,0.02655921156401746,0.003592600337287877,0.017314341712881286,0.19362642671912908,0.0025077146594412623,0.006737069974769838,0.07922451337581152,0.002177488335291855,0.002261138619360281,0.0010702450510507334,0.007804336327535566,0.03507384872646071,0.009740821592731663,0.0034463406598661097,0.0049436485569458455,0.0035312233623699283,0.00986090022342978,0.004213853209512309,,,,,,,,,,,,,,,,,,,,,,
class1,SLA-2*08:03,SLA-2,5,0.01138772543054074,0.01805845182389021,0.1276826144370716,0.00419201172189787,0.011276184965390712,0.005097622427274473,0.03241313151083887,0.0017446402722271158,0.005454044666839764,0.0017500410613138229,0.0018765061045996844,0.002976524323457852,0.02884379050228745,0.16512341583147644,0.0036024655448272823,0.014291392173618078,0.03584983673208626,0.002081821794854477,0.003983182017691433,0.002670922314064228,0.02315616255509667,0.085192947689211,0.00039764492576068735,0.013707442692248151,0.002138004014705075,0.0020230879075825215,0.06495457524433731,0.13127867302391677,0.002658820399847173,0.003115026771774865,0.005871779276640154,0.013508246521814727,0.0009262671897886321,0.010760664388362784,0.015216660010628403,0.008931422207388096,0.00539090749953175,0.008213224221981364,0.019508605584269388,0.010312298848293721,0.007298939954489469,0.012400231922583771,0.00625763714670029,0.0034237042480526727,0.0078994770286954,0.00506389594374923,0.0010858441748496262,0.01800133406504756,0.0009706931989057921,0.0022370389429852366,0.010679497744422405,0.006933204116648994,0.006480936397565529,0.003648770973086357,,,,,,,,,,,,,,,,,,,,,,
class1,SLA-1*04:01:02,SLA-1,5,0.019897458562627434,0.029977979697287084,0.16994872863342608,0.006073919706977904,0.009388352584210224,0.016922197490930557,0.009413977000804152,0.006681333607775741,0.06132176714581874,0.0020381248585181313,0.005028607253552764,0.001227913247566903,0.02335639638477005,0.004725989047437906,0.00613677069050027,0.02782057336298749,0.0026086391997523608,0.0009727152850246057,0.0009269373826100491,0.1411218301334884,0.0043199235056818,0.00876528799017251,0.0015042655839351937,0.0016453797619760736,0.000350734389758145,0.0001932424012920819,0.14798752265633083,0.005504069197922945,0.0023917761398479344,0.011630572460126132,0.0013426204379356932,0.0016236059273069259,0.001387376239290461,0.00098707809811458,0.003183265470579499,0.0008476788338157348,0.0009969072438252625,0.012387517241586465,0.03960831795175181,0.0012983177439309657,0.02114222936797887,0.0067443220526911315,0.02320961984441965,0.013815878927562152,0.018323313706059708,0.004830290708923712,0.015990478810999777,0.023220465228223474,0.009898662869818508,0.004160377416701522,0.03764492147020064,0.005238504495719098,0.019820511052239455,0.0024147792981239037,,,,,,,,,,,,,,,,,,,,,,
class1,SLA-1*04:02,SLA-1,5,0.008362265257164835,0.046296709865055165,0.1420782477594912,0.019276569141220536,0.01241433871909976,0.010990450880490244,0.008588693011552096,0.008879711205372587,0.1423269636972691,0.047571733104996385,0.005449469774612225,0.009577777329832315,0.009210673905909062,0.14350851867347955,0.062236537132412194,0.003291467818780802,0.019982830896333327,0.00889796031988226,0.002481299119608593,0.032657191452381086,0.014544414494594093,0.0014733932533999906,0.001590208220659406,0.0029165062180254607,0.002530769561417401,0.0013981080162466242,0.03634371171356179,0.03678670996159781,0.006268452531367074,0.0012150202848715708,0.0024914685942349023,0.002361038605158683,0.0013175826890801546,0.006275203429686372,0.0007491170574212447,0.0016882389492820949,0.0008427470005699433,0.01005132554564625,0.00209252777567599,0.006480051827384159,0.004943166088196449,0.00104321280377917,0.0015462333656614646,0.014403711828344967,0.014294232409156393,0.002331126289209351,0.0015234782127663492,0.014354730564082274,0.00826475838839542,0.01075393040482595,0.028208219062071292,0.0014329126686789095,0.009891242663434241,0.003513051644404186,,,,,,,,,,,,,,,,,,,,,,
class1,SLA-1*07:04,SLA-1,5,0.004305680521065369,0.00399051670829067,0.009403831978852395,0.001812056412018137,0.0004937157089671019,0.0036248806747607885,0.00043182338777114637,0.0004109460009203758,0.00020668451852543513,0.000782946590334177,0.0003717337574926205,0.0003993456572061405,0.0023023611080134287,0.0009422267612535506,0.0005476479240314802,0.06285141604021191,0.00691948706516996,0.04377120179124176,0.0034682980040088296,0.10292797028960195,0.0012871950631961227,0.014091575663769618,0.004647177067454322,0.020037631681043423,0.002269335271557793,0.0023101300233975054,0.008157558320090175,0.016620557033456863,0.01815808312385343,0.0034284325021872062,0.004237639725397457,0.010066507081501187,0.003630691194848623,0.003931204159744084,0.0012195854360470548,0.011511180899105966,0.00697676558047533,0.0008521294283127645,0.024909991628283022,0.4587756896391511,0.0053216052270727236,0.004506124573526904,0.01004253947385223,0.002371654013404623,0.003575656656175852,0.0016037513645642321,0.0010949111064292084,0.07310105360811577,0.00438675976038212,0.002453778561903164,0.013517693276662612,0.006770694614715467,0.0011077574819864822,0.0030621992773376405,,,,,,,,,,,,,,,,,,,,,,
class1,SLA-1*07:06,SLA-1,5,0.011041186575312167,0.002551110847343807,0.00982775183438207,0.001441036630421877,0.00016554884368815692,0.00041814661599346434,0.0005262931750621647,0.00040143486257875337,0.00029880902820877964,0.0012433972493454347,0.00043834042007802055,0.00032557907688897104,0.0010312904400052504,0.0027606162140727973,0.0006302202396909707,0.20949624702334405,0.04000247232615948,0.0029804644043906594,0.005049017042620107,0.04117196567240171,0.0014777544012758881,0.008431377704255283,0.003895116818603128,0.06025107798341196,0.0016317335888743401,0.002977026207372546,0.005516311118844897,0.005677275755442679,0.0048423536820337175,0.004009081835647521,0.0009453439255594276,0.0020472843782044945,0.004139470733935014,0.0008183542609913275,0.0007039464384433813,0.0073458116967231035,0.0028564813314005733,0.0007386986206256551,0.0035699154261692456,0.42167390063405036,0.004942154321179259,0.0122872785468644,0.005519964363884355,0.002689936073147692,0.014701543017872609,0.002863210120085569,0.0005214233691731351,0.04285680783796124,0.003890828739667995,0.0027545130025828255,0.022023106859796825,0.006575113909639186,0.0004235492539010011,0.0026013164439063984,,,,,,,,,,,,,,,,,,,,,,
class1,SLA-1*08:04,SLA-1,5,0.008537761529441922,0.020081687020137906,0.021052149025490508,0.0015888832975178957,0.004220020733191632,0.005024430620323983,0.0038652719696983693,0.0022287631407380106,0.0008397826211876235,0.0014699928578920662,0.0008243456541094929,0.0025606845621950923,0.0037975941551849244,0.018172814656281844,0.004592666635289788,0.012076124417944811,0.024268718075472862,0.12058553769020364,0.015782032813876867,0.025690207886509598,0.007351748790824786,0.0064387675141915676,0.001910170225892216,0.03810028835432604,0.004130977558088489,0.007519054302247241,0.052797954576089975,0.11879441067576409,0.0033042744093108923,0.005361175909638405,0.021323670510901137,0.04215710456483066,0.00241670734831132,0.02298883869079873,0.007223750988487154,0.03353323584888131,0.01696300463518128,0.007008644542656839,0.01788599989376962,0.09482349455356598,0.009716465673409402,0.0056975222323671915,0.0024095224012853577,0.004566545388661325,0.03292520678660367,0.010197987313767953,0.0004976006544893608,0.021444504597457125,0.020894948644854593,0.0027375119389034808,0.005373054189840331,0.06182575720013119,0.006571331096347421,0.00584926859010011,,,,,,,,,,,,,,,,,,,,,,
class1,SLA-1*08:06,SLA-1,5,0.01310325541999191,0.049809993605595085,0.004644444976293016,0.004924070590641349,0.0004268139840860385,0.00687433228304144,0.0016575505389482715,0.0007452840014593676,0.0003012031433172524,0.00016016187000786886,0.00048026793519966303,0.0005208775866776705,0.001627433521207422,0.004784182214643806,0.00032827311915752946,0.020754963834770025,0.04021159170661122,0.012202526570763438,0.0008002267437404953,0.3122936881147325,0.013063787901774048,0.024603954667691143,0.01864702287130058,0.0015009822192951106,0.0006593253179744352,0.0019440369273070247,0.22422557324171066,0.01530819028557744,0.03792969430796802,0.0028946473728865387,0.0010183853537455434,0.002606371237197891,0.002927129692398012,0.0019146941165672615,0.001228947656636592,0.0007588422540720785,0.0013712893225601875,0.003187534012249671,0.00966721567347122,0.09439825834706425,0.0017889740887767403,0.0012235643400344998,0.015159997405135073,0.0033658934553386644,0.0018059515947243198,0.0014141294712317176,0.010002127243205905,0.023046946881368057,0.002395936718676239,0.0004979213495971635,0.0003005707141710445,0.0010299798668711446,0.00020593096196535042,0.0012549889448564499,,,,,,,,,,,,,,,,,,,,,,
class1,SLA-1*08:09,SLA-1,5,0.001054753441712819,0.03940134314470924,0.0028922038822202013,0.0018699221334827598,0.002436475339345634,0.0017930949543369934,0.0035206406872021036,0.0036764997705176937,0.000830396538367495,0.00041466588445473465,0.0004971750808181241,0.0014281720243161545,0.001936471596127376,0.00465034757507965,0.007211062801434309,0.0027662120992317796,0.0029876926157157866,0.06160093735670671,0.0072153770131990315,0.2285912035033107,0.005404771910980344,0.00282766718773928,0.008772248099558056,0.020317044143303063,0.002090777226840146,0.010668843029998243,0.1404088216717355,0.04380142545560375,0.0020724415953736752,0.005445795366540551,0.008406833998651563,0.028075725185044576,0.0015235078753903508,0.012255183979868889,0.004500398744130507,0.03340053866559174,0.03687999257235788,0.010083772533107549,0.03161365973610373,0.03925893297418952,0.003959682225831785,0.006682490390085149,0.004554007295519113,0.0009136978156675468,0.0031119996376219204,0.0015422472919453868,0.0014394923877262046,0.06830929194984492,0.04105046096665319,0.001207366187009029,0.002191772824153304,0.0321087674528826,0.0035251252855232453,0.004820578924409347,,,,,,,,,,,,,,,,,,,,,,
class1,SLA-1*08:10,SLA-1,5,0.00489185145997908,0.03772894757566973,0.004877763511467492,0.0016696643273462542,0.0003034020352060907,0.0024796973491902465,0.001272142199013615,0.001536450189541938,0.00036916101098540823,0.0001903410389786586,0.000259028012806084,0.0003933729873097036,0.0012550427514725015,0.0028067762119462713,0.0004049820749060018,0.024780980247305705,0.0031507281586527825,0.013565040385583416,0.002590175683872076,0.20967647135257722,0.008829396241344512,0.01283023168289219,0.015380707214353606,0.002527034633749281,0.0007484573940018891,0.001653348858053505,0.2718772242311388,0.027976554608903824,0.007210983941331506,0.004459002194926143,0.005413791350565589,0.017676603363361208,0.002715740657004062,0.003847306634997949,0.0029238528572022916,0.01207844155269413,0.013865568512119352,0.007416558050317689,0.03252389737408521,0.11910014632157981,0.0011004142899764702,0.0027588569500949234,0.03260421596496599,0.001533341727918014,0.002052151725911244,0.001879828394157812,0.0046778283198364076,0.05362574293540092,0.005731428930448601,0.0009426823467947543,0.0007406553981127217,0.004250154086912516,0.0006175995775265619,0.002228226418083068,,,,,,,,,,,,,,,,,,,,,,
class1,SLA-1*08:11,SLA-1,5,0.008887844567652792,0.08654378155479207,0.0215396239887923,0.0013002089341171085,0.013655098178423941,0.0037797169094119453,0.016121791000477968,0.013739692524541169,0.019232265837490558,0.001498635660391301,0.0027200106589589266,0.0031492726178839804,0.02010577794862911,0.02304428961360827,0.014617763782734983,0.018389323860174046,0.015331157168839126,0.002322077826829627,0.004132644296623767,0.09247008189558983,0.06680146907456219,0.015519674726238008,0.0033580416929908097,0.004149881861667382,0.003159006607165793,0.00718908951675985,0.07225648718012963,0.05211724661057815,0.013765759649686515,0.03496870573144406,0.002148853762082581,0.003752634035481606,0.00250532568898052,0.009085175063228234,0.007067605410702527,0.009531426697503776,0.011696829825814348,0.04566178315872094,0.02634489320553257,0.005033027043100447,0.0039840490790084004,0.029175720526836812,0.04466888998867944,0.006732741647283547,0.011470353289041668,0.008427339821355417,0.0017188864760100842,0.015984557938645595,0.008909309830050916,0.009275512205203996,0.01762170100118965,0.026285438376362436,0.031774687513825485,0.005276862671598792,,,,,,,,,,,,,,,,,,,,,,
class1,SLA-1*08:14,SLA-1,5,0.0017552908982906956,0.028071854123845698,0.016707519607734866,0.001838417863473296,0.004301974648842588,0.0010097876627696678,0.0032577180565567685,0.0010076440418288258,0.002337611873008427,0.00026214399604214124,0.00023631815784028732,0.0017133031971752644,0.001230991122429259,0.003799348438042216,0.0004713145877758507,0.009141571203508647,0.0005872521462151781,0.015253768669208512,0.013152296000771457,0.30800789191853256,0.001234867371385917,0.0025838093453785403,0.0020815091265831143,0.030735572448247695,0.0069998417506212714,0.0026011940077296457,0.15299157195840962,0.023400552093517036,0.0024318927666172386,0.013106888439506293,0.026161482340921794,0.038134033983806145,0.0017093951915740035,0.009352623842278262,0.004786026124929776,0.014373936535071153,0.018662419804604723,0.00581006032298319,0.04928274740732377,0.00965019913710421,0.0011367048267857172,0.005694589170161635,0.06979216439940501,0.00038196984169189816,0.0015044588786622625,0.0007935570793051738,0.0031959278567228466,0.06126150468999185,0.005829017755604582,0.002285330921586137,0.0012666566828556825,0.003315604535600869,0.010170196359831607,0.0031376537299365737,,,,,,,,,,,,,,,,,,,,,,
class1,SLA-1*09:01,SLA-1,5,0.024158182146493345,0.011341407604049891,0.060422488510084804,0.001793244935834082,0.008165668912261026,0.0021503289841348304,0.007354134495108156,0.002014439430968196,0.006351264517070377,0.00468862639136205,0.0009120001112023601,0.014474201920529594,0.0018934013809484896,0.004549956395931076,0.0020093685896426907,0.07720744647085667,0.007005565939471126,0.0024259023091872224,0.03829443681406701,0.05395139466272667,0.0009254547192540485,0.0021956626915198285,0.002035532088484615,0.0057203295838917255,0.0074226214434474965,0.0018463219887053129,0.16376250081520993,0.005683822010178119,0.030530506931245326,0.008781072974670678,0.007494492911064299,0.010608848692208994,0.001253235904732719,0.00412298893352272,0.0038855815007991625,0.006103511197579792,0.007665290734439623,0.0040677540830074575,0.005011703933678291,0.14246399226831272,0.004159594924749399,0.004986699322762434,0.1507573785020213,0.0021830120647791775,0.00887076570870704,0.0022058472382923354,0.003314711958228145,0.015189718900364824,0.0014429853970796102,0.012065597956643614,0.004116802012140397,0.002031437865298358,0.0332113255339209,0.0027194598224014044,,,,,,,,,,,,,,,,,,,,,,
class1,SLA-1*11:01:02,SLA-1,5,0.0018700703629292547,0.0015994615881936626,0.0012750728492392227,0.0014685944751363423,0.03659393174748402,0.03590075336760492,0.011190639476990328,0.000440882942348253,0.010329457221087069,0.0021273983409628274,0.00272182306216564,0.0040430618595564734,0.002074786824232433,0.005494132544845343,0.0010514296358451248,0.003844220918836072,0.00674853625241667,0.0022315356618491933,0.03386255018413067,0.0039688977063633505,0.016655181988608093,0.0035411353106610476,0.0007055472342472058,0.009111549193039536,0.005759316316107288,0.0028228165290784092,0.015964561509463238,0.05164237790741026,0.0005909897496167105,0.012188059522304683,0.0046815760317258535,0.020661775674670934,0.0024145763309206814,0.0035249420907348394,0.00732708242139779,0.012989302363712341,0.015511462738504633,0.02417551833204925,0.01738466566603165,0.01078589364187792,0.09172498844563962,0.00202396284439601,0.0019118515963782556,0.005568052581656957,0.10011375912290532,0.020481198141351343,0.016347882912668865,0.08453946753870696,0.028487180778756737,0.12852705493569375,0.006741555908229202,0.07161707803606987,0.027053396473638712,0.0075870053842663765,,,,,,,,,,,,,,,,,,,,,,
class1,SLA-1*11:05,SLA-1,5,0.015662005584454165,0.007881868118420243,0.027665976231219247,0.00483002303953981,0.07706011330301407,0.004626563051715493,0.013341347553068771,0.00798510515014641,0.03609596285386942,0.004359820741228759,0.00372096715727821,0.005693311826325953,0.001933218672638759,0.010804464831016958,0.009152375836856663,0.0590793274299358,0.009339628124143929,0.006749482222949155,0.039515724894590674,0.005580762407043948,0.0035933858685893937,0.03186260801448952,0.0006659203296294436,0.027385949561721645,0.011868589994628564,0.002771679699071683,0.04208222430897877,0.02169560792390257,0.0013009741785936057,0.02210136125795543,0.011715318210190163,0.01803143703727983,0.0030326216176035812,0.004036853395518847,0.00547074117930606,0.005759729043347761,0.015722665330395104,0.02628230988048017,0.03772473834178527,0.010615528118796647,0.03575023002922535,0.010388552490621806,0.03497040485381149,0.007013241413005744,0.02885276394226821,0.033994230662938205,0.039963952609105034,0.024379250989295543,0.010792201271397062,0.024844522576313467,0.021421655733138322,0.012901490088552237,0.04388160631642677,0.016047574626281858,,,,,,,,,,,,,,,,,,,,,,
class1,SLA-1*11:07,SLA-1,5,0.010306526452768593,0.013957674952689559,0.0722548073346843,0.003094112663529813,0.034997312678024174,0.00576496256981045,0.011241712543414906,0.004751558769203257,0.010571137684746646,0.002649598056450486,0.0011347354127792641,0.006128142314264551,0.0018825902632670477,0.02465166031033732,0.005974516138667241,0.06013631278183311,0.0054482142906636,0.006124918040586636,0.00992433100618655,0.014132967160549015,0.0020722931556520054,0.010982253460679204,0.0006200809642905369,0.006004773313179612,0.004482649761484936,0.0014518931464408524,0.1461218254582491,0.010924496105872095,0.003052467544330284,0.01961874096887186,0.005021793971536681,0.005455177801195532,0.0015731344501546118,0.0022325250320136547,0.002191156268236227,0.0022919978015124797,0.005219825764652341,0.02433430257369764,0.0411270191470976,0.009084375082056794,0.015210318565368652,0.0061193675821414216,0.06595888107513019,0.004293317722840584,0.04971114932977798,0.020777348312549293,0.12671506860060616,0.03581978932852507,0.00371334020201175,0.006992529123090207,0.015965795243391766,0.004261260852217674,0.028910183953121303,0.006561077060177922,,,,,,,,,,,,,,,,,,,,,,
class1,SLA-1*11:08,SLA-1,5,0.010476587346056476,0.014233567262999713,0.0729155626395368,0.0031301637762226166,0.03624934155959636,0.005930491187609732,0.011686197860399261,0.005161574232624843,0.011098376414156518,0.0027545830642338844,0.001176304132968653,0.006344656931469217,0.001920760900247842,0.02485850012744777,0.006483912389376201,0.05935740677814465,0.0054726818110793825,0.00631144079779915,0.009849909783224576,0.014333967585116625,0.0022434913800680077,0.010982102924026549,0.0006217877788003534,0.0062127509794663634,0.004399549141089665,0.001429152641503606,0.14097563700634055,0.01169943914283067,0.003132151297177188,0.01975449317833409,0.005007601410034113,0.0054963589063845575,0.001547235093312338,0.0022783296764828263,0.0021972654067212716,0.002254851581528783,0.005135135853197426,0.024792450258973985,0.04186075194447767,0.00961919033088634,0.015616573032457382,0.006127190004917793,0.06654469092973159,0.004340411808880162,0.04948212688250351,0.021027788636274636,0.1237394803087227,0.03543899639480515,0.0037845023107365705,0.006861570954788477,0.015944444062188267,0.004306905460543931,0.02870190846733749,0.006697719404473901,,,,,,,,,,,,,,,,,,,,,,
class1,SLA-1*11:09,SLA-1,5,0.010254873242229224,0.03582421985338442,0.02762571710627526,0.0026358971823356113,0.020225478050997482,0.1626000491596642,0.006374235462862999,0.0017499819601653143,0.005573424749309197,0.006124167866073549,0.0006154781673103571,0.005753798541263677,0.001553794462233782,0.007024908647872507,0.0024102663388475775,0.01011513189296238,0.027680186909856276,0.0012444409891031682,0.005441582330968231,0.0018890171719249337,0.0027504197089001535,0.01674142438569106,0.00040525549702579154,0.00403102797572501,0.001640665794548113,0.0006220125374966301,0.012228585328557529,0.009093009075149894,0.0012699087703367696,0.0042087043053470555,0.0009272076247725635,0.0020499064004980026,0.0012682057424171945,0.0011332006135489792,0.0020408604555996134,0.0010742432990809903,0.0028159755675005727,0.022554166766349228,0.014558547609340167,0.0015433571097673848,0.11011916249990464,0.008400347549468279,0.005901168605942075,0.09411254288279451,0.1160198422432586,0.04378924639895558,0.004557126099825837,0.019890218411455864,0.009698369706165976,0.042703854362480344,0.02895150361582637,0.00574638454709202,0.06034517504740507,0.0040917455218732355,,,,,,,,,,,,,,,,,,,,,,
class1,SLA-1*11:10,SLA-1,5,0.03611620308365673,0.13731713574379684,0.008946845825994388,0.04350760306697339,0.001431988607509993,0.02057935296470532,0.0022872927074786276,0.0006035288737621158,0.005397315681875625,0.0005256996657408309,0.0007638873197720386,0.0005758968560257927,0.00103608769713901,0.008281184372026473,0.0009456578685785644,0.13847529471386225,0.13158953687525354,0.000305499464229797,0.0017870645808216068,0.0474395394558087,0.01110117213393096,0.0034250801778398453,0.0018828206229954958,0.0005357131420169025,0.0005886549668502993,0.0004676270562413265,0.11023215758614242,0.00758376429148484,0.0034795929968822747,0.002888976881513372,0.000353079751948826,0.0006860117166070268,0.00507404919480905,0.0006022383633535356,0.0012774190778145566,0.0013596043518191436,0.0016247046274656895,0.004346448031719774,0.015085689398256363,0.013463451441202779,0.007325408706674352,0.008208587288390846,0.0229547724724398,0.0034535573846369515,0.008418326166065526,0.014724762260448188,0.05849805953912437,0.07994648184139805,0.01108075100928545,0.0021635394332406577,0.0011636023118626326,0.004409022792242467,0.0010131264250958338,0.0026691365317674355,,,,,,,,,,,,,,,,,,,,,,
class1,SLA-1*14:03,SLA-1,5,0.0146305839298293,0.006044337926141452,0.02263077296083793,0.005219262389255163,0.08439490170567296,0.06926224989001639,0.020923441974446177,0.001789703348185867,0.036390627780929205,0.03145864470861852,0.005977524991612882,0.015462025883607566,0.0030952118104323745,0.013792764768004418,0.015931049687787892,0.009040299193293322,0.027942887297831474,0.0014276403526309878,0.0220054371166043,0.0018816249998053537,0.00580743245081976,0.0037211182236205785,0.0003777383783017285,0.006534159369766712,0.008235280949156732,0.0022008139072568155,0.00527231832529651,0.007785162702202797,0.0006303057496552355,0.012025784549769014,0.004329444549512118,0.004991722840350122,0.0011887749562447425,0.0020654934458434583,0.004986875533359125,0.0047664722660556436,0.006107221552520059,0.023091126000508666,0.020474312349688262,0.0017295003694016487,0.10869195200502872,0.004059765237616375,0.002893407765805023,0.013665776490233839,0.04532640344914398,0.021862756309565155,0.003047100816911552,0.033453249250305815,0.011994407445308752,0.08039829242043198,0.022088523476850242,0.012052534241229295,0.10042221869807691,0.004421537229791284,,,,,,,,,,,,,,,,,,,,,,
class1,SLA-1*15:01,SLA-1,5,0.00641326371114701,0.019415551153724665,0.012524500687140972,0.0030086459693848154,0.03197227595373988,0.180247810453875,0.007330686476780102,0.00929300177431287,0.11084324285911862,0.008678073753253556,0.0023459343559807167,0.0037220606522168965,0.0021377174412918975,0.007148766925092786,0.043229862645966934,0.00991341185872443,0.000922450446523726,0.0003632914551417343,0.0011983409716776806,0.003121520165586844,0.0013556747697293758,0.022371488422504627,0.00041894623900589066,0.0012900281988549977,0.0011531915719388054,0.0007613408844576952,0.10283107178402133,0.003425180744670797,0.0020601200638338925,0.009704621066339314,0.0011450877173047047,0.002196402504341677,0.0023638377680981646,0.0009822620904742507,0.003851610877609346,0.0015318583572479839,0.0026242772052682993,0.017648223278229125,0.0826763550612668,0.001606077617907431,0.010510518960654736,0.01723237819969654,0.06733933754867394,0.02075297652536392,0.01767632368973864,0.0035917209926992653,0.02014828238170594,0.05527036458047405,0.007883493038389134,0.006240208679810166,0.013905869732843712,0.014612658652913524,0.013348448154283687,0.005659348220797255,,,,,,,,,,,,,,,,,,,,,,
class1,SLA-1*15:02,SLA-1,5,0.006449426128529012,0.02021435570950416,0.011998033139389009,0.002940767866675742,0.024461636459454893,0.17558028191851918,0.006875090301036835,0.0117402739143472,0.12671510477975972,0.008700405337731355,0.002398945088498294,0.0035473383890348487,0.002041274312068708,0.00444888525235001,0.040478413671371526,0.010877898533362896,0.0009241231949999928,0.00031398422725033016,0.001142940930367331,0.0031899338187940884,0.0013157807057723402,0.020534825083450413,0.00042991337650164494,0.0012160065991338343,0.0010829149769961076,0.0006882702210532443,0.10316649817978032,0.003427021100651473,0.002122225810308009,0.009936159692006185,0.0010446892272739205,0.0021475774206919595,0.0024242119696282318,0.0009120604041527258,0.0037353896943386642,0.001466786414221133,0.0025737721674886417,0.01696798138145823,0.08221170600663755,0.0017748640922945925,0.010188157111406327,0.018535893977968954,0.06877087375160044,0.020273771319807565,0.01644790470454609,0.0036910040536895393,0.02013054194394499,0.060469827875067494,0.008017976080736844,0.0056487616035155955,0.011891985175316222,0.014439025719184428,0.011912042944459245,0.005364503967575729,,,,,,,,,,,,,,,,,,,,,,
class1,SLA-1*16:03,SLA-1,5,0.003401018588920124,0.10914812241971958,0.027517859369982033,0.001775318558793515,0.00664690369303571,0.004359959538851399,0.0028034600894898177,0.0014514594615320676,0.0009618656778002333,0.00026144961775571575,0.0003083185576542746,0.001825222559273243,0.0013079916840069926,0.003087586104811635,0.0010122431383933872,0.0017176181001559599,0.009282988618360832,0.030893441347870976,0.012583629308937815,0.0796689160168171,0.024527042428962885,0.00992300532234367,0.0009323996637249365,0.020339624519692734,0.006542972655734047,0.014824786609096918,0.2040853382961359,0.03475957699120045,0.00545744558039587,0.014210990810533985,0.022129454478272238,0.033757156156934795,0.001025892518373439,0.0058662252718932,0.010293677273512002,0.04035084754050331,0.07060183491594216,0.017205185804050414,0.05364790222665761,0.009602449764497579,0.0009466593153774738,0.0028036053205141797,0.014113863962484175,0.0006232567451661452,0.0027350669707630003,0.0012900424015242606,0.003293181664776057,0.028060488600522147,0.0029501309689749177,0.0018590964424220146,0.004601944936439395,0.019410731141397262,0.013259042354184203,0.003953746886691078,,,,,,,,,,,,,,,,,,,,,,
class1,SLA-1*17:02,SLA-1,5,0.006050113029778004,0.13025687096669572,0.12245962144806981,0.013017943780869245,0.018269381171558054,0.023462090524844825,0.004685949580743909,0.012728837994654896,0.1360789496655343,0.015266103041358291,0.0022470380572485738,0.006196196089149453,0.003844681184273213,0.03401070567779243,0.050375053426250815,0.006520664320123615,0.002796927291637985,0.00957188807806233,0.001812584514482296,0.030986757725986535,0.007482796460499231,0.010811500095587689,0.00193557274142222,0.002518133797639166,0.0012475013034418225,0.0005720849865610944,0.02164520031074062,0.03774176888764487,0.0027276087901555003,0.0034149590763263406,0.001212103199941339,0.004190561686118599,0.0012634904160222504,0.008784850239317165,0.0024609096959466114,0.00261543032611371,0.0037276493923855012,0.011339183157542721,0.005452324461657554,0.0028782770423276816,0.0075927682686597105,0.004648171557346359,0.020165435390663334,0.023178179176466075,0.01904659533101949,0.004178602708270774,0.003974279867543373,0.034702909561019624,0.01512831998988986,0.0059996095133101335,0.03702160082757473,0.007504866609815508,0.04474645339214476,0.00745191986206919,,,,,,,,,,,,,,,,,,,,,,
class1,SLA-1*19:01,SLA-1,5,0.004215026344172657,0.006572360266000032,0.4842939192429185,0.009936078591272235,0.016982049931539223,0.0070596591802313926,0.006355244293808937,0.012623739842092618,0.02791653666936327,0.020327218883903698,0.041769083867256994,0.0029843699507182465,0.010436791542451829,0.0339071910828352,0.0758329915581271,0.0014449827383941738,0.0028793097531888633,0.001627711071341764,0.0038246448239078745,0.0016721836763281318,0.0078768710202894,0.0025816756522544894,0.001068187308828783,0.002284513005724875,0.0011835415180030395,0.0008554670668672771,0.018296502654266078,0.007575983378046658,0.012473735192543245,0.007882147879718105,0.00332455638126703,0.00233064841650048,0.000798210283392109,0.0023597443239850692,0.002842718282772694,0.0037092475144163473,0.0013455007358061267,0.006896802506344102,0.0015088483933141106,0.0064237080776365476,0.018080996361095458,0.0010152407903660787,0.0014560424984665587,0.003003057013847865,0.008072159846778958,0.0013068891683360561,0.00843072917095924,0.04886254310331424,0.014910821717785438,0.010574752998400072,0.005338519980432466,0.007404979626517161,0.003990932457963936,0.0012727016757708043,,,,,,,,,,,,,,,,,,,,,,
class1,SLA-1*20:01,SLA-1,5,0.0021722552643041126,0.0448744670713495,0.03327780336185242,0.0028202738583786415,0.0047788128955289725,0.006176296513876878,0.008636928955093026,0.005634557447774568,0.002573443143046461,0.0004911380092380568,0.0008170817571226507,0.00130733615369536,0.0019810640420473646,0.001092667321790941,0.0016487268352648244,0.004743831336782023,0.0006534092441143003,0.023439756687730552,0.0022395552427042277,0.06296147853136062,0.001973272470058873,0.0059523896430619064,0.0007538835110608488,0.003238432976650074,0.001567191813956015,0.0017590229759662178,0.11325712636462412,0.0036751280538737776,0.003994368435814977,0.10486037284135818,0.0034503162460168824,0.005874561937525868,0.02341784889140399,0.005057164677418768,0.012509818395483308,0.00300864995806478,0.009283970764954574,0.16762112360447645,0.0953053610632196,0.003386818505532574,0.0037516143289394676,0.03041766637470573,0.06749559323652647,0.00130627315993479,0.01639722091786098,0.002739534236025065,0.010030314576579259,0.028366584537434392,0.011462459452741314,0.00529318061308004,0.0033582079107873143,0.019563919911161066,0.014223217719700188,0.0033264934434555473,,,,,,,,,,,,,,,,,,,,,,
class1,SLA-1*22:01,SLA-1,5,0.038022913900204,0.050943879134138115,0.3559004180133343,0.019358672993257643,0.015299433135078288,0.016449869162170217,0.0063894892577081915,0.017744439019588755,0.07713292833359446,0.010617289051879197,0.006780269521914306,0.0025265827862313017,0.007953813974745571,0.15628146049566566,0.017558730178279802,0.002037559360906016,0.0009992638057156,0.0005647207202855497,0.0007480923741240986,0.0010817867099603973,0.0026532889751251787,0.0035431515439995564,0.00019901657178706956,0.0014772182667002198,0.0005682110131601803,0.0006860909512397484,0.03242596517447964,0.00153655827161856,0.0023301165170778403,0.0025241212351829745,0.000829917065857444,0.0005157475570740644,0.000546479516196996,0.0004789516820892459,0.0007025938903097995,0.0009017747594043613,0.0005975242758722743,0.002544487158957054,0.0022950081396629685,0.0014808947787969373,0.0026609158812789246,0.012810334920504828,0.007633711475864402,0.0036475149616308046,0.02192573163920315,0.007553828373056603,0.0003290088282483339,0.002887090265721781,0.003719122050824808,0.0008173197389623965,0.031915851699886845,0.0023007518881058785,0.037085131951607765,0.001484967253054492,,,,,,,,,,,,,,,,,,,,,,
class1,SLA-2*01:01,SLA-2,5,0.08075958653353155,0.02651231547279167,0.20391230714740233,0.0061265166295925155,0.004189167893491686,0.02354482276714407,0.006255553825758398,0.015359097180771641,0.19489593764919846,0.14495978495106102,0.0069838617637287825,0.0047065103368368,0.008631213096668944,0.027968067675828934,0.03867579661309719,0.0012024151248624549,0.007066535494232085,0.0007693671723245643,0.0005068580503575504,0.0011611423520662355,0.0010868035038583911,0.0009561014056089334,0.0010545842815190554,0.0008265039272373542,0.0004940652535879054,0.0001987599142921681,0.09779352603654842,0.0016047898083343171,0.0013900937614380383,0.003698986909148516,0.0010519322255277074,0.000586948060663417,0.0010764070211735088,0.00041414083680137994,0.00034110019259969704,0.00022850741133879638,0.000287820589801413,0.001058526086853817,0.006275706610904308,0.0009646651251387084,0.0026091164443641903,0.000999122392386198,0.011925319987494732,0.018711387266012024,0.009896432012101285,0.004460015194490552,0.0018739565159194172,0.004860092923900083,0.005583210435861474,0.003413701993122231,0.005677794641815126,0.0007253518124343827,0.0028231280739419162,0.0008644904184620828,,,,,,,,,,,,,,,,,,,,,,
class1,SLA-2*01:02,SLA-2,5,0.030172973312437533,0.015214538101645303,0.22570179216563702,0.008375278453968349,0.011497038335073739,0.012899653427302838,0.007785492192488164,0.007596550154266879,0.23465494874399156,0.09068278087070211,0.015006919114966877,0.0033279326919000594,0.004629702353850007,0.13970986269414426,0.06965002911165356,0.0016773306022514589,0.0115177064697491,0.0015081390214618296,0.0016913480329094454,0.0015861101423070068,0.00439990350860171,0.0004039806037326343,0.0007637418823833286,0.0009724062110763043,0.0015374182381492573,0.00033751855153241195,0.010735100924648577,0.0030024720581423026,0.005933723383350298,0.0018002388009335847,0.0011901678779395297,0.000620474640163593,0.0010755563678685575,0.0010678703474695794,0.0004431751469383016,0.00048782125159050336,0.0002510823218472069,0.004546756061608903,0.006258183522731997,0.003100970669765957,0.004440132214222103,0.0010711491064284927,0.0011880020203534514,0.013357159061706625,0.010150880008586683,0.004799142805859446,0.0005587198269495275,0.0031627898053557145,0.004237550880134222,0.006086561951087787,0.0035633152700029315,0.0005641733383527026,0.002058957639383152,0.0009467595838941634,,,,,,,,,,,,,,,,,,,,,,
class1,SLA-2*02:01,SLA-2,5,0.027863631487707607,0.033829075400717556,0.03085030915972311,0.003419465781189501,0.006385244836565107,0.021443317539524286,0.03356736128916964,0.0010933165045571513,0.00174031638634915,0.000978375255363062,0.0014215450879419222,0.0025685229775262997,0.006752838246029569,0.004890663642436266,0.0015324559644795954,0.02951554339379072,0.08698900396411773,0.06737797202949877,0.006544470792869106,0.004787330608814954,0.0042550918238703165,0.027074893924873323,0.001949394287657924,0.049711036821827294,0.009207129424612503,0.008293748083815444,0.19172282258514314,0.011376359965652227,0.005671647796407342,0.002634936336835381,0.017601994662254584,0.015960984106641263,0.004865032540692482,0.024716941952647176,0.01910584456491051,0.0068755367065023165,0.009609515452029881,0.01007055834052153,0.013773157082687249,0.01985234096646309,0.005344171961769462,0.011302511655958369,0.02298566879690043,0.010161030408926307,0.007252339645492612,0.003462166577082826,0.006966912833740934,0.046074356643657666,0.01724436222066288,0.004049334896262735,0.006125038466416299,0.00705047352676047,0.015394086747255642,0.008707820519339294,,,,,,,,,,,,,,,,,,,,,,
class1,SLA-2*02:03,SLA-2,5,0.0426567648188211,0.02377577922306955,0.014649100965471007,0.0027728226908948273,0.007806842250283807,0.010627938737161457,0.017196311059524304,0.0012426841742126272,0.0007587935817355174,0.0008316439285408706,0.0032074121103505605,0.003841882856795564,0.005962780892514274,0.0031529956322629005,0.0013407236838247627,0.0361764719011262,0.13000118447234854,0.03393267330393428,0.023048616346204653,0.0025174208742100744,0.002389835426583886,0.09961114377365447,0.0008538766647689045,0.02994446865050122,0.014418021340679843,0.027734996247454548,0.13182331069838255,0.009843887411989272,0.0062774833990260955,0.010703571587509942,0.011009603659476851,0.012333732067781966,0.0015949865337461233,0.047421415761345995,0.012648689526395173,0.015240358104347252,0.0228952538309386,0.030429018590075428,0.013156553470616927,0.05952557865530252,0.0030204145645257086,0.008157769707031548,0.017910535388546124,0.002265520370565355,0.0012743003957439215,0.0035854977257258726,0.011415435068192892,0.004555110998626333,0.00047916018884279764,0.00482991230674088,0.003671875967120286,0.0035672492609592154,0.005752277803549077,0.004158306296449155,,,,,,,,,,,,,,,,,,,,,,
class1,SLA-2*02:04,SLA-2,5,0.01506060110841645,0.0015765540876600426,0.004411057053948753,0.05129752114298754,0.007012377395585645,0.0037019590265117584,0.07561327435832936,0.001532047218643129,0.0017656268675636966,0.0007577086274977773,0.0018156198086217046,0.003405203192960471,0.01462911163980607,0.006871011422481388,0.002041910879779607,0.0761009662412107,0.03602363392128609,0.032258794677909465,0.016417772322893143,0.0012965369620360433,0.0018497425102395938,0.019059473532252014,0.0005520766746485606,0.09645662568509579,0.007741381229425315,0.005958603147882968,0.0199405047489563,0.027635695692151786,0.001527633822115604,0.003031381289474666,0.0379118948825635,0.05918955996166915,0.0015383125020889566,0.021553649846464396,0.02830400759848999,0.025558274221839383,0.02796422430546954,0.009167197125498206,0.04040139106291463,0.07872926611453294,0.010380038688890637,0.0037135194637812675,0.0041744070353161074,0.0019035084042116068,0.016343759934534317,0.006590921248607629,0.004386494214850245,0.010387301954324357,0.0056689211007324046,0.004918594006448984,0.006712023669388145,0.03904429931426421,0.008018898736918346,0.010097106732428075,,,,,,,,,,,,,,,,,,,,,,
class1,SLA-2*02:05,SLA-2,5,0.007823246868792922,0.008103806374128908,0.1213920340698678,0.003676035633543506,0.00816628645407036,0.004102111927932128,0.015725127421319485,0.0019996409537270665,0.0033040892769349737,0.0019757448812015356,0.01040291611570865,0.005733669083565473,0.03409138119313866,0.006663944135652855,0.004883814498316497,0.015644700871780513,0.05095008102944121,0.010661041215644217,0.03298368144314736,0.0026830526938283585,0.005934852458449313,0.08785317294532433,0.0006809029524447397,0.04990987136261538,0.011913544923299924,0.009691864368505776,0.008088706192211248,0.11631059339269996,0.0021185191697441043,0.004309999122051522,0.020698775089113042,0.03644270990625955,0.0015655236202292144,0.030973262632323896,0.010449502727715299,0.047070758113113696,0.02422024036204675,0.014507386460900306,0.01551266800815938,0.02877924358472228,0.004422823851928115,0.017851254230481572,0.008438206519713276,0.0036651506925409194,0.002991571684833616,0.002095798171649221,0.0015183173061814159,0.01768978318432346,0.0024838819721480832,0.005101196217583493,0.011921787611208856,0.02016235885603237,0.01519595788558945,0.008463411941193044,,,,,,,,,,,,,,,,,,,,,,
class1,SLA-2*04:03,SLA-2,5,0.0031090522184967994,0.033413980214390904,0.06267239345179405,0.004884882154874504,0.03160831799032167,0.10129221191164106,0.009954435238614678,0.0005753133431426249,0.006256570087862201,0.002145869319792837,0.0013820719090290368,0.002490022184792906,0.0017727098311297596,0.006691232183948159,0.002965268411207944,0.034287696453975516,0.015423001800081692,0.01047620090248529,0.005331403863965534,0.0964128082152456,0.007630488082941156,0.012577029259409756,0.004438984268927015,0.007441370701417327,0.0023024520283797755,0.0006180726370075718,0.05701004929142073,0.06622212830698118,0.004583212919533253,0.004501050064573064,0.0029670705727767198,0.00679843122488819,0.007961723807966337,0.008331273717340082,0.003777676896424964,0.0028017769953294193,0.0040400299782049846,0.038313643308356404,0.08583175280655268,0.01849669591902057,0.008686968428082763,0.001753727305913344,0.009989788215898443,0.0075782799845910635,0.018548703637679863,0.020340254879556596,0.01772823790088296,0.09465639224799816,0.012476137540943455,0.007671007281169295,0.00548798234667629,0.004405201855115592,0.004079126776196063,0.0068078418262302876,,,,,,,,,,,,,,,,,,,,,,
class1,SLA-2*04:04,SLA-2,5,0.002776982891373336,0.03150845667696558,0.07077007935731672,0.0038026962545700373,0.03664040534058586,0.06786389916669577,0.010976344347000122,0.0005455602760775947,0.006254509571590461,0.002128772030118853,0.0013046095264144242,0.0028911144472658634,0.0017038529738783836,0.0067462353501468895,0.002635676448699087,0.02226715874276124,0.01654264531971421,0.012344168953131885,0.005809360166313127,0.09498080562334507,0.008436590906057972,0.013103004801087082,0.005135285497817677,0.007282429677434266,0.0025892912468407302,0.0007480932981707156,0.04580121727194637,0.08360813691979274,0.004316754569299519,0.0055143287871032955,0.0031687921728007495,0.007397115137428046,0.00842015478410758,0.010598636977374554,0.00360281725297682,0.002579992356186267,0.0042762707467773,0.04390534088015556,0.09237317699589767,0.020329133055201964,0.008138421666808426,0.002009302776423283,0.008041641140880528,0.006728486315114424,0.022792123490580705,0.027285854564979672,0.017026453342987226,0.0939151328537264,0.010552811677916907,0.008249815320596099,0.005629660573322326,0.0038413328060414643,0.005545487813651562,0.006563580385409296,,,,,,,,,,,,,,,,,,,,,,
class1,SLA-2*04:05,SLA-2,5,0.01628331607207656,0.019915808108635247,0.028315688075963408,0.012793054676149041,0.01810123483883217,0.014356576604768634,0.04712901278398931,0.016033264226280153,0.00887073550838977,0.033507156278938056,0.019088441878557204,0.02808261360041797,0.020807535387575626,0.1973154293373227,0.021755547914654016,0.014161077508470043,0.02791055734269321,0.01165289266500622,0.012462291307747364,0.007502377248601988,0.00701580751920119,0.009810283611295744,0.0028250270144781096,0.012033756729215384,0.0036694919617730193,0.0026566710672341286,0.01160910819307901,0.0073984381451737136,0.021730185020714998,0.014793741308676545,0.008066838985541835,0.00786487123623374,0.013396709220251069,0.005780666736245621,0.009448136889841408,0.006969944265438244,0.007510983340034727,0.038837273977696894,0.01338811768218875,0.008825730183161795,0.019104346376843752,0.014282098418334499,0.011495151616691146,0.005556357369641773,0.011461106885690242,0.010475291660986841,0.009991677360085304,0.0407002989857574,0.031191913333896083,0.01270403424714459,0.004567050514742732,0.010266542015597225,0.024125027284026147,0.004402669926639647,,,,,,,,,,,,,,,,,,,,,,
class1,SLA-2*04:06,SLA-2,5,0.009769447706639766,0.04200558927841484,0.03534169901977293,0.0036844062153249977,0.012448040826711804,0.011396419501397758,0.045490810018964115,0.025914288638159633,0.08995581602212041,0.028069190261885524,0.004157239315100014,0.01765866973437369,0.032711934950202706,0.22265590969473123,0.018488717544823886,0.020276360635762103,0.02678604591055773,0.014070334803545848,0.008133886207360774,0.014847665280103683,0.011583482741843908,0.010521544617949985,0.0013966483384137973,0.013116282247938215,0.004412486005458049,0.0016458719881484285,0.003149837366072461,0.004581848299130798,0.009201732865767554,0.005691065362771042,0.0063203350058756765,0.006467132170655532,0.018263991521962453,0.004176310496404767,0.004697447374928743,0.0027594140643486752,0.0062457984371576455,0.03718689661473036,0.013729361776495353,0.0036837465304415673,0.005681914696469903,0.013610303224413655,0.00794822288735304,0.006591243706498062,0.01584139313781634,0.021056486241286622,0.003158009831531672,0.014439187243988271,0.016769820425543,0.006429413268051576,0.005181525985244661,0.005265276017598808,0.020199581841006876,0.005133899918291718,,,,,,,,,,,,,,,,,,,,,,
class1,SLA-2*04:07,SLA-2,5,0.009671668289229274,0.05364888503681868,0.043944473456940615,0.009872558154165744,0.01252538813278079,0.036261092545464634,0.11370005861390382,0.013863311489694751,0.014669822101859608,0.0016633515362627805,0.0031983568449504675,0.005700720206368715,0.034201480902265755,0.012601272179745137,0.011899897968396545,0.009239227819489316,0.04772264796774835,0.04794333801837638,0.0028412729676347225,0.0833449007710442,0.00551785274874419,0.02996323986153584,0.004390484932810068,0.014636905817314982,0.003951061959378421,0.0017466692544985563,0.02580313408980146,0.009446214325726033,0.04618248352780938,0.004834039451088757,0.009805047721602022,0.006227587425382808,0.013515001069754362,0.01920800340594724,0.01030758349224925,0.001728228374122409,0.0037933463318040594,0.09415694600902498,0.021182935137767346,0.007458680239506066,0.00156298836809583,0.012864656356396154,0.006593377608805895,0.00355573655833723,0.009296424866624875,0.0010038927488494665,0.002266632369719446,0.015759513100783808,0.0033704017114359885,0.002710298215970397,0.0034745315730106085,0.004247352038510144,0.025768658478045835,0.005156366527080536,,,,,,,,,,,,,,,,,,,,,,
class1,SLA-2*04:08,SLA-2,5,0.01026542936451733,0.019479110627435146,0.11863812798401341,0.011897765658795833,0.020495343510992824,0.033158813649788496,0.09788345515262335,0.016859738473431207,0.018121547983901108,0.002844590914901346,0.003935127204749733,0.006953838255139999,0.03859065638389438,0.01634344714693725,0.016151184355840086,0.01585123557597399,0.021213704952970147,0.040710521233268085,0.0069940458750352265,0.041517005825880915,0.010976778311305679,0.01605449146591127,0.001979360866243951,0.021955176012124867,0.0059312527067959305,0.0017242815461941063,0.03700365978293121,0.01738350496161729,0.017935759935062377,0.005466061679180711,0.02544514400069602,0.011597807664657012,0.013730479008518159,0.029701722710160538,0.008199049509130418,0.003591669412708143,0.005989578067237744,0.0672771173529327,0.023183124591014348,0.006691101042088121,0.003286813443992287,0.012744500389089808,0.009205273425322957,0.006981223209004383,0.013973386952420697,0.002699766820296645,0.002287853305460885,0.011235225069685838,0.0044490244647022335,0.004682002088520676,0.005022885429207235,0.0033450241142418237,0.02335527038667351,0.00700993174687028,,,,,,,,,,,,,,,,,,,,,,
class1,SLA-2*04:09,SLA-2,5,0.017016894090920685,0.02096114798914641,0.04592273843591101,0.00476121575338766,0.005535596230765804,0.005005079242982902,0.007618096133228391,0.1377209811937064,0.017969989601988347,0.019458449794910848,0.0015363117068773135,0.00665842704474926,0.010373904346488416,0.20740229394286872,0.013516449183225632,0.009710195695515723,0.02769945424515754,0.0007630282721947879,0.005613348912447691,0.005459129047812894,0.05299476541113109,0.008066693871660391,0.0008717408054508269,0.0024303979938849808,0.0016892124540390796,0.00098929380037589,0.00504249545338098,0.007306268933461979,0.0075872825662372636,0.010582589710247703,0.001289704628288746,0.0016516204697836657,0.006919505330733955,0.001581905150669627,0.0031764663901412858,0.0011283076571999117,0.002181968547665747,0.03911660923622549,0.0040569264543592,0.0018016392481513322,0.004404606680327561,0.050565848153200935,0.013748834826401435,0.006226467317901552,0.08728636947344057,0.027133975920150988,0.0025403935214853846,0.019705293950391934,0.008196060257614591,0.011325282342295396,0.009393727337010205,0.0046396559453569354,0.0201914161501918,0.0034739536116831005,,,,,,,,,,,,,,,,,,,,,,
class1,SLA-2*05:07,SLA-2,5,0.002323859941679984,0.03305016529047862,0.07438075870741159,0.0026149721234105527,0.03919515297748148,0.036962540727108716,0.009189976472407579,0.001390086055471329,0.0055980673594604015,0.0043531214032555,0.003395779186394066,0.005379804916447029,0.0019379821009351873,0.016461931820958852,0.0020450092502869665,0.0038617161713773384,0.003162076693843119,0.03596431049518287,0.0072879517450928685,0.022096221055835485,0.0025462963414611293,0.008693730435334146,0.0029858122506993823,0.022259363357443364,0.0033099636901170017,0.0015833269528229721,0.1531486594118178,0.009720900282263755,0.002209002885501832,0.03676100558368489,0.03803735333494842,0.02148910330142826,0.007708783682755893,0.02609166569309309,0.005956022000464145,0.009428858399041928,0.009161267949821195,0.05770820882171392,0.04906697816040832,0.009580705140251666,0.005180290923453868,0.0016409025149187074,0.01155078338488238,0.006069340679096058,0.010812596463074442,0.021497448868467474,0.02314619461831171,0.06771826695148775,0.018263854699580407,0.011581832042429597,0.006308377836830914,0.005444344438728876,0.0157058322802186,0.006981433765031397,,,,,,,,,,,,,,,,,,,,,,
class1,SLA-2*06:02:02,SLA-2,5,0.0011928494437597691,0.0032165024895220995,0.001238676930370275,0.0006133904331363738,0.009256407642351406,0.008129530011501629,0.0019741052718018183,0.00021039006969658658,0.0005281451935843506,0.00025421616301173343,0.0002135384376742877,0.0010356236824009101,0.0007351398648552277,0.03482284161218559,0.0002826516967616044,0.0036923194731571128,0.0007565633713966236,0.009070603456348181,0.012020155960635747,0.0033680790453217923,0.002142887416994199,0.010504298837622628,0.0013202969694248168,0.017713070730678737,0.005970122260532662,0.0019742518865257354,0.5088953975893673,0.028558842511847614,0.026528116583358498,0.0013913019156461814,0.036244826991605805,0.051340916886329066,0.001863082701629537,0.010049921403333429,0.0035339803958777337,0.015155289232461655,0.009074620274986955,0.003157099385862239,0.018452088449703297,0.017860287416260688,0.00657942877151072,0.00395596620037395,0.0060896660010712365,0.003614217166978051,0.003934552222813181,0.0032557886148424585,0.0016494923249410931,0.07633498411234996,0.0030916731883053215,0.004468981462196098,0.003659694516136369,0.0048498602693143765,0.009539507933004643,0.004633777632261626,,,,,,,,,,,,,,,,,,,,,,
class1,SLA-2*06:04,SLA-2,5,0.03593339759245282,0.014543881034478545,0.014412182310479693,0.0035380399902351202,0.0038815176172647624,0.06788998459596769,0.0036028089351020755,0.0006685631931759417,0.0006477738621470053,0.000352814607322216,0.0002621459600050002,0.0022274592949543147,0.0009704565774882213,0.008106153504922987,0.00036350503214634957,0.06322788757970557,0.028676987759536133,0.030083359469426797,0.005812481581233442,0.015863180882297455,0.00600091180531308,0.010498909140005707,0.0018257253104820848,0.05486729257972911,0.0031599688983988015,0.0019533360755303875,0.23233402623445726,0.022695601452142,0.013311560405418277,0.0031076464569196106,0.03545546165987616,0.037687878613360225,0.002090999924985226,0.009134686866309494,0.004049877499346622,0.012227338997035986,0.014013751022866927,0.00486534732626751,0.03954931985899748,0.020312377158552407,0.016338238073512912,0.0058376590925036,0.022231069417466644,0.005638857663143426,0.008092217046942097,0.006996263834662386,0.0075918130605714396,0.06047804726986215,0.00634920647717081,0.0022860617085825653,0.003970631473930552,0.014140661642886698,0.004385808766528498,0.005456856137607246,,,,,,,,,,,,,,,,,,,,,,
class1,SLA-2*06:05,SLA-2,5,0.0019226491334848107,0.009414013751666062,0.002751088533841539,0.0009279499674448744,0.00044817020316259006,0.001363341098476667,0.00041142882691929116,0.00021328674120013602,0.0001555128550990048,0.0001063912539393641,0.00023213258464238606,0.0001259524742636131,0.0011152759108654208,0.0011234847843297757,0.0001268926851480501,0.014822673637900153,0.002013070631073788,0.01600913873699028,0.0016558404837269335,0.15733422294724733,0.0031936256025801414,0.004040734191949014,0.004706384122982854,0.0021573900448856875,0.0010771346589535824,0.009297774185642992,0.4168183863162994,0.010476643592119217,0.004722480906639248,0.002630942476389464,0.0014252324610424694,0.007257175439735875,0.0023589484779222404,0.002167682386789238,0.0008524751013283093,0.007528079788426112,0.008201400064717746,0.0012487428495660425,0.014455415746124346,0.19660950982943176,0.0007728701893938705,0.0029978361944813514,0.0090042813173568,0.0006377756362780929,0.005192566057439762,0.0018944071962323505,0.0010451144189573824,0.05778482844625614,0.004737580747223547,0.00027231516542087776,0.0006871150349979871,0.00045594606053782626,0.0002575866232291446,0.0007611016702867346,,,,,,,,,,,,,,,,,,,,,,
class1,SLA-2*06:07,SLA-2,5,0.0041235555341700095,0.0010732806636951863,0.00037819042045157404,0.0009628758562030271,0.004357989423442632,0.004027819477778393,0.005410131579264998,0.0012434907344868406,0.0019372274589841254,0.0007016410469077528,0.0007929033105028793,0.0025992606359068306,0.0021030920062912626,0.002815522253513336,0.0013410530751571058,0.0025124324500211516,0.0030861137056490406,0.009634108957834541,0.030196557100862265,0.002291055372916162,0.007157173576706555,0.0139179460296873,0.0005141079120221548,0.0996571782976389,0.010989688127301634,0.00541035707865376,0.1811611950979568,0.14524452844634653,0.004903948404535186,0.005316565081011504,0.06074276338331401,0.09671359527856112,0.002195472341190907,0.01147917308844626,0.008412245471845381,0.03150713945506141,0.025431162968743593,0.004815849987789988,0.01340946857817471,0.03319818507879972,0.03438213169574737,0.00230001789459493,0.0009076659533093334,0.0005318242598150391,0.008537776832235977,0.005367871859380102,0.0014575073902960867,0.02004602467350196,0.0034063581129885278,0.01229067426174879,0.009736949323269073,0.04378560381010175,0.006504797679372132,0.006978765781968832,,,,,,,,,,,,,,,,,,,,,,
class1,SLA-2*06:09,SLA-2,5,0.01757542103587184,0.011324439747841097,0.0964518363107345,0.0017962646001251415,0.013111500718514435,0.015476843863143585,0.005944057286251336,0.0014169238740578294,0.0034686753191635945,0.0016207241322263144,0.0007134445942938328,0.004734685289440677,0.0011967744678258896,0.03342138095758855,0.0013588747591711582,0.018408661034482066,0.01213450082577765,0.0027503486664500086,0.02837448731297627,0.011995184514671565,0.014179224579129368,0.01629005112044979,0.0008246757992310449,0.015338684828020633,0.01117243238404626,0.0024181007684092037,0.26678343169332946,0.038014798797667025,0.006241726310690865,0.0042114407464396205,0.018117829074617474,0.03674242215929553,0.0017800987639930098,0.004491626351955347,0.00654208540217951,0.0156830835447181,0.008041856069758069,0.006698150944430381,0.007692487606982467,0.015870269807055592,0.013529414334334433,0.011693603836465626,0.005648982730781427,0.006428378373311716,0.02771776222216431,0.008863575439318084,0.002068781296839006,0.06251423293288098,0.007262244068988366,0.010578837015782484,0.016207374399891707,0.014394007774535566,0.026722649912699126,0.005960665317252279,,,,,,,,,,,,,,,,,,,,,,
class1,SLA-2*06:10,SLA-2,5,0.0011581406652112491,0.0017841309683717555,0.0012189191533252598,0.0006426541716791689,0.01130741141296312,0.015688257645524572,0.0028103829215979205,0.0004156340948611614,0.0006758713761882973,0.0002768913607724244,0.00025398480065632614,0.001862423904822208,0.000635037500251201,0.016975004756386625,0.00035251037043053656,0.00396438267925987,0.0011085904494393616,0.008529520538286307,0.017763874648881028,0.0025313500431366266,0.003388163886847906,0.0062299389799591156,0.0016874765595275675,0.023714734730310737,0.0077145259105236615,0.0026620124308465165,0.3933887650957331,0.02373485192656517,0.12209115602599922,0.005791146255796775,0.03072656595686567,0.06892767405734049,0.0017015950505992806,0.012756355527744744,0.007102987958114681,0.01775983952761635,0.017361555716888688,0.008479973045177757,0.06118502908502706,0.01717247583437711,0.002304368413751945,0.006854638070581132,0.004133105480059384,0.004152220094692893,0.002134643425279137,0.0005050096784543712,0.0012913288082927465,0.022657654734530297,0.0007142344536532619,0.0050058979682944486,0.0016906562124404446,0.004967035695153754,0.016176603883650387,0.0038807890014140867,,,,,,,,,,,,,,,,,,,,,,
class1,SLA-2*06:11,SLA-2,5,0.08350533875636756,0.025397672692633932,0.07285932477097959,0.008776496164500713,0.007835022639483213,0.023367128890822642,0.003790337941609323,0.0012987449874344748,0.0006279083812842145,0.0008126448927214369,0.001326237854664214,0.0013214149803388864,0.0020879767602309585,0.0853511999710463,0.0016378665226511658,0.06093763902317732,0.0789976357249543,0.002498220675624907,0.0066700825234875085,0.007273148989770562,0.0018298768351087346,0.01085873319534585,0.0022831518552266063,0.003232177469180897,0.0024191966975195102,0.003059939435661363,0.15193542793858797,0.008089522219961509,0.05398455381509848,0.0011720378854079172,0.007270111935213208,0.003414306923514232,0.0015039901525597088,0.006905589303642046,0.006415662862855243,0.003289781985949958,0.0011766868992708623,0.001967218518257141,0.0022987815289525317,0.09367052270099521,0.003411494067404419,0.0061667236965149645,0.0897385518590454,0.006044834171188995,0.0036483761556155513,0.00177682683133753,0.0055478700218372975,0.020717962808339506,0.003836865390621824,0.0033486589643871413,0.008022594622161705,0.0013314329677086788,0.001644975581439212,0.0016135303070768715,,,,,,,,,,,,,,,,,,,,,,
class1,SLA-2*06:12,SLA-2,5,0.15118930866010488,0.03033255947375437,0.12193571644602344,0.012387998052872717,0.0051164526143111285,0.025194214843213558,0.008311260805930943,0.0013799825515889096,0.001079952081272495,0.0008742384845390916,0.002242419176036492,0.0016198949771933258,0.003184796700952575,0.05738254815223627,0.003157319108140655,0.06761239094194024,0.04905891946982592,0.0017819039814639837,0.00871422232594341,0.010367071523796767,0.0016768751418567262,0.038791964878328145,0.0011118203547084704,0.003063954348908737,0.0019207207747967913,0.0032146732324690674,0.16271581381442957,0.0067368494113907215,0.038195277398335746,0.005033150862436742,0.009106355786934727,0.0050486356791225265,0.0007091980700351996,0.009329398993577343,0.010166224974091165,0.00237563641203451,0.001400564218783984,0.003788276379054878,0.004923313869221601,0.06566855204291641,0.003811966406647116,0.003999317830312066,0.020200994784136127,0.003191677841823548,0.0016440334329672623,0.002589376695686951,0.0035924313619034366,0.010555955562085727,0.0005973651779640932,0.0042448950596735814,0.004729241004679352,0.0011660254465823527,0.0007254060939885676,0.0010508636594749987,,,,,,,,,,,,,,,,,,,,,,
class1,SLA-2*06:13,SLA-2,5,0.14552847603335978,0.02280098155606538,0.10683006054023281,0.011346041748765856,0.010226746794069186,0.02820043723913841,0.009565696778008715,0.0015714594206656328,0.001391034454718465,0.0012060293229296803,0.00312730836449191,0.0020190622482914476,0.004359608844606555,0.06380020335782319,0.003980313343345187,0.03248268500901759,0.059672278782818465,0.0020192486539599487,0.010693091136636213,0.0036551959114149214,0.0011266158777289092,0.02035276647657156,0.0011768068492528983,0.002952486489084549,0.002561896276893094,0.002893820374083589,0.13770155872916803,0.005758836562745273,0.03310608484898694,0.0008985264095827006,0.009402383320775698,0.004208965487487148,0.000941742325812811,0.01255295632436173,0.008854992416672758,0.0025977816672821063,0.0009724703653773758,0.0020698935841210186,0.0020638507427065632,0.06765709074679763,0.0040519025409594175,0.005996572697767988,0.0978372172960917,0.006210795976221562,0.0024533666211937087,0.0022021490352926777,0.006126568157924339,0.012967178858889383,0.0037819799739736482,0.0032972413377137856,0.006959900874062441,0.0013708397309528664,0.0012686911562923343,0.00114816123386845,,,,,,,,,,,,,,,,,,,,,,
class1,SLA-2*06:14,SLA-2,5,0.0025506245699943976,0.0750457041489426,0.013769046300149057,0.0005798029640573076,0.005767378254677169,0.01634766225251951,0.003118156525306404,0.0012450196605641394,0.001544688340254652,0.0003839276367216371,0.0005863948637852446,0.0022308872488792987,0.002344209052171209,0.0030068936801399106,0.0012819654541090131,0.0026249587535858154,0.06187519379745936,0.023281537753064185,0.009730366076109932,0.0023496069537941367,0.004248431144515052,0.006416206230642274,0.004170678732043598,0.04931522489059716,0.004155120140057989,0.005325979425833793,0.3075279569995473,0.027008656319230794,0.01352892448194325,0.004120608599623665,0.03513660604658071,0.052020776108838616,0.0008898158819647505,0.008894630876602605,0.010229796634666855,0.046738044201629234,0.041237589647062124,0.004887332732323557,0.04594078619265929,0.04083594623953104,0.0029866437893360854,0.0029355391176068223,0.003361549480177928,0.0004777849360834807,0.0021961682406981707,0.0010605523479171098,0.0011573296098504216,0.008294194874179085,0.0013051452042418532,0.0018366985343163833,0.003327859926503152,0.01585609379108064,0.008869020390557125,0.004042243579169736,,,,,,,,,,,,,,,,,,,,,,
class1,SLA-2*06:15,SLA-2,5,0.00435109349200502,0.005151269852649421,0.0008841364928230177,0.0007169053962570616,0.007709071552380919,0.041203069280891215,0.01045265381981153,0.0006791522522689774,0.002516409251256846,0.00041875769093167035,0.0010075823578517885,0.0011815747770015151,0.0084923708694987,0.003130986203905195,0.001117487612646073,0.00295406980876578,0.03302320417715236,0.028275096975266933,0.011615726433228701,0.002511183702154085,0.014232171553885564,0.012234552146401257,0.0005979623441817239,0.1568233348429203,0.009508813614957035,0.012348959525115787,0.13635011749574916,0.2487387515604496,0.0037240337231196465,0.002755328596686013,0.023152386583387852,0.055662123998627064,0.0016592833562754095,0.01305718906223774,0.008128604403464124,0.015284332766896114,0.012248431105399504,0.007652715517906472,0.020799964555772023,0.012779145734384656,0.015228120144456625,0.002181454875972122,0.0015262202883604913,0.002470539027126506,0.0035127920447848736,0.0024616509217594285,0.004743089692055946,0.006236230826471001,0.000614120231330162,0.0038728838320821525,0.0039916145615279675,0.006084288551937789,0.006884328572778031,0.0050626132171601055,,,,,,,,,,,,,,,,,,,,,,
class1,SLA-2*07:04,SLA-2,5,0.24824819278437643,0.007386202603811398,0.26576844522496684,0.023989957058802247,0.009194627606484573,0.01625953216571361,0.00785391330718994,0.003663956734817475,0.1392733335003868,0.012756294012069702,0.0027524191315023926,0.0008120151323964819,0.006414839774515712,0.100373787432909,0.018597342167049648,0.0022659063062747007,0.0008710114532732404,0.0005186646929359994,0.0006263125891564414,0.0012070604658219962,0.0008823233234124927,0.0006596182269277051,0.0012368463801976759,0.0007942075273604133,0.0003981413732617511,0.00023837797980377217,0.03672536346566631,0.001400794117944315,0.001065093088982394,0.004127972939750179,0.0009475430473685264,0.0007402965988148935,0.0010502686054678634,0.00046518395974999295,0.0005593428504653275,0.00021782466792501508,0.00020897203794447705,0.002083284271793673,0.020653417659195837,0.0007790871779434383,0.0031399276806041597,0.00035187115718144925,0.0006334578632959164,0.017369297929963067,0.011549182149246917,0.002515431297069881,0.0014399071274965535,0.0021445480075271916,0.0028141912045612115,0.0027051010918512476,0.0077681195747572925,0.0008931179705541581,0.001861915155313909,0.0007461344997864216,,,,,,,,,,,,,,,,,,,,,,
class1,SLA-2*07:05,SLA-2,5,0.023319891226128674,0.0030468537799606564,0.13964107795618474,0.009209810802713037,0.05837112861336209,0.091261487925658,0.009882199298590421,0.019663132703863086,0.008132296660915018,0.008125021250452846,0.002382989617763087,0.008343791280640288,0.036567472666501996,0.41132260113954544,0.03697996949777007,0.005274184272275306,0.035390412906417625,0.001821707224007696,0.0024896907969377937,0.0013048477481788722,0.005250835428887513,0.00022731287899659946,0.0011842879930554773,0.00300258431234397,0.0009310704219387845,0.0012242365184647497,0.013750797134707681,0.005304863596393261,0.0035149481453117916,0.0006055979625671171,0.0014017095614690333,0.0019434719608398155,0.00068795575061813,0.0012948523130035029,0.0005838160868734121,0.00046217246854212134,0.00027751965681090953,0.0030328687746077774,0.00039075653039617465,0.0036814293925999664,0.007029422714549582,0.0004119410201383289,0.0007689302910875995,0.013813495654903817,0.002643413667101413,0.0025728618078574073,0.0004960160924383672,0.0019290821321192198,0.0008744066552026197,0.0010066663613542914,0.0042536397697404025,0.0006034684236510656,0.0012227463827002793,0.0010902268724748865,,,,,,,,,,,,,,,,,,,,,,
class1,SLA-2*08:01,SLA-2,5,0.008256752768647856,0.011799598776269704,0.0057752004155190665,0.0012097320141037926,0.008624695026082919,0.006771351944189518,0.01122212404734455,0.001195014250697568,0.0021159620198886843,0.0010419815604109316,0.0011742534639779477,0.00303156059817411,0.008733435848262161,0.005062616034410894,0.0028406296158209445,0.0042146509687881915,0.15685911621621926,0.016386475143372083,0.017741915513761343,0.002538705477491021,0.018649065122008323,0.04057878948515281,0.0006699663965264336,0.07917054183781147,0.007597185927443207,0.00576240886002779,0.11524299056327436,0.17036789134144784,0.0044107504596468065,0.0032262646069284528,0.025008369122224393,0.04107282001641579,0.000937563885236159,0.014191180025227368,0.012770131896832026,0.03547732664446812,0.027265532038290984,0.00744396461523138,0.013861833470582497,0.018162077479064464,0.01107516756746918,0.00548333534388803,0.0023696614902291913,0.002182590960001107,0.004124330589547753,0.0013859141537977849,0.0008502549870172515,0.007712667039595544,0.000976702122716233,0.0030311166541650892,0.013080070313299075,0.0128437603241764,0.011240572461974806,0.005181400559376925,,,,,,,,,,,,,,,,,,,,,,
class1,SLA-2*08:04,SLA-2,5,0.003083496647013817,0.01579999418463558,0.004926363297272474,0.002011085797130363,0.013673565315548331,0.008162959729088471,0.0076265341835096475,0.0008810921426629648,0.002562299204146257,0.0012018288252875209,0.0008005658746697009,0.00287522537400946,0.005015467049088329,0.004651408654171974,0.002544805034995079,0.00994664035970345,0.0506715495561366,0.01107005042140372,0.018485743482597173,0.0037284816760802643,0.011756006418727339,0.0668713559396565,0.0006904370355186984,0.060749311838299035,0.009583452192600816,0.007222822960466146,0.1998237525956938,0.15071126045659183,0.0024448086565826087,0.002074500371236354,0.022838395729195327,0.033377209980972114,0.0011889163055457176,0.007138462946750223,0.008234110818011686,0.01933191983262077,0.019474290215293878,0.00648676793789491,0.008310341638571117,0.00960807865485549,0.017829542979598045,0.005188235711830203,0.00422450517580728,0.004244420837494545,0.036132198804989454,0.004200071034210851,0.0018972952166222967,0.038835838800878264,0.0013821589353028684,0.007335895160213113,0.019238814091659152,0.006536784628406167,0.028179280855692924,0.007139585609547794,,,,,,,,,,,,,,,,,,,,,,
class1,SLA-2*08:06,SLA-2,5,0.006589254467689898,0.035555005678907035,0.014596929546678438,0.0019138617295539006,0.006019990739878267,0.01170663486700505,0.0035377798310946675,0.0008457751508103683,0.0010333508412259107,0.00043829053720401134,0.0010314378021575976,0.002402512043772731,0.003173774524566397,0.003959179652156308,0.0007359163893852383,0.015308008238207549,0.06055801382899517,0.0031651705910917373,0.02024374210050155,0.001927925442578271,0.0007630837702890858,0.10760621899389662,0.0021656120949046453,0.021191180168534628,0.008237009846834554,0.002495481928372101,0.3344117374144844,0.018130127672338858,0.012402402254519985,0.002648082455561962,0.0309937814832665,0.039493967499947755,0.0009335421923424292,0.01084161336766556,0.01022612014767219,0.031721300362437435,0.013833992909576409,0.003909855306847021,0.007689557968114968,0.021297846722882242,0.003109781807870604,0.00613577540134429,0.03374134891391804,0.0014547143102390692,0.0029270413350218406,0.0018090550573106156,0.002415611134711071,0.02404354741570387,0.001240547646534651,0.006006340761268802,0.011939442199945915,0.004070887931447942,0.022046167192456778,0.003324656147742644,,,,,,,,,,,,,,,,,,,,,,
class1,SLA-2*09:04,SLA-2,5,0.03448491999879479,0.1805498592231743,0.07720758329960517,0.010246908653061836,0.013323097908869385,0.02672907145752106,0.004937115125358105,0.018680299507104793,0.21033981176442468,0.014613034718786366,0.0033940916269784792,0.009577804830041715,0.004019425131264143,0.003422195662278682,0.09781267757061869,0.003326351914438419,0.0015917706805339549,0.0003885112302668858,0.00029623176305904053,0.004788892867145478,0.0007268619487149408,0.005164893215987831,0.0005184533572901273,0.0005440148350317031,0.00022441712590079988,0.0004378013627956534,0.11708618822740391,0.0015402556851768167,0.002435918496485101,0.010842800285900012,0.0003746853424672736,0.00039979565917747095,0.0002566407863923814,0.00019521068716130686,0.0007437648975610501,0.0002512558842681756,0.0004871596862358274,0.013281514633854385,0.010491129221918527,0.000123533346777549,0.0016542946104891598,0.006167816583183594,0.06730115937243682,0.0021318832256838503,0.0012752401049510808,0.0027965556750132237,0.002555279107764363,0.019660354495363207,0.002191320734709734,0.00010269487611367368,0.0032753201929153876,0.0010289055826433469,0.0035567211918532847,0.0004464883881155401,,,,,,,,,,,,,,,,,,,,,,
class1,SLA-2*09:06,SLA-2,5,0.010968385823071003,0.06200583809986711,0.1441147083445685,0.012031197845499265,0.0030745468960958534,0.018269353568030056,0.004660441708983854,0.010548419610131532,0.10811319781350903,0.002951266670424957,0.002809751460881671,0.0006460815289756283,0.007184560077985225,0.0030629677974502558,0.004552156099816784,0.02642385839135386,0.0022424445458455013,0.0006649277369433548,0.0007072009982948657,0.04426373040769249,0.0008668183887493797,0.0039637196285184475,0.0011825902241980658,0.0018170963521697558,0.00016820030978124124,0.00038276924915408016,0.1374908775818767,0.005493304532137699,0.008304317516740411,0.05256167426123284,0.001484838728356408,0.0011339126544044121,0.0006275796564295888,0.0010496387229068204,0.0012044265589793214,0.0006921419961145147,0.0011408388150812242,0.02153810284071369,0.02325690101206419,0.0004244723793817684,0.00211041289876448,0.036250402679434045,0.15621903125793324,0.0017066601210899534,0.00266735486984544,0.012119207943760557,0.0049715516739524904,0.022690214632689276,0.0017260162914681132,0.005389243043100578,0.013361043197801337,0.0029876987653551625,0.0029400254075881093,0.0007819088903488591,,,,,,,,,,,,,,,,,,,,,,
class1,SLA-2*10:06,SLA-2,5,0.004925185418687761,0.05933151706121862,0.01762564423843287,0.002094338813913055,0.004764592391438782,0.013230286640464328,0.006089072092436254,0.0010656991507858038,0.0017304294255154674,0.0005354909517336637,0.0006532351719215513,0.0017573914141394199,0.0029257403453812002,0.007328809623140841,0.00223961504525505,0.005879454949172214,0.06644433827968896,0.038502536504529415,0.005346246046246961,0.04675620847847313,0.014582983427681028,0.012215095129795373,0.0017821504356106744,0.06834388044662773,0.0036351836170069873,0.00343630587158259,0.19433437184925423,0.05021022642031312,0.0023309773619985207,0.004327310668304563,0.03475781411398202,0.043819750321563336,0.0016815882991068065,0.010922373842913658,0.006149654957698658,0.030880551059090065,0.029385565730626693,0.009202669467777013,0.038673623802606014,0.004924002627376467,0.005347983655519783,0.002727808177587576,0.007362058345461264,0.006046200889977626,0.01589757583278697,0.006839834978381987,0.018666408117860557,0.016297436834429392,0.005453642239444889,0.001845663259155117,0.011297149839811027,0.02852948314975947,0.012680220347829164,0.006186606641858816,,,,,,,,,,,,,,,,,,,,,,
class1,SLA-2*10:07,SLA-2,5,0.003564109152648598,0.11419645482674241,0.031621481315050916,0.0018659838955500164,0.005042660230537876,0.0047911523564835076,0.003289251041132957,0.002168232268013526,0.0008164438571839127,0.000417438401018444,0.00030674922745674846,0.0035619582398794592,0.002454822222352959,0.0048489289387362074,0.0010456911608343945,0.0022777956328354776,0.021488759497879074,0.01251774353440851,0.01942613167775562,0.1206033950089477,0.0056393689708784224,0.0016671439545461908,0.006905897601973266,0.026237989793298767,0.005094012659537839,0.0043251859280644565,0.11515687860664911,0.03308252722490579,0.004896028606162872,0.0033970865653827785,0.02429248793705483,0.0796131232913467,0.0012280026072403415,0.0134403728225152,0.008634546550456434,0.04081409775490101,0.04684793227861519,0.0038291559554636478,0.07480770991096505,0.08664729117881506,0.001439266186207533,0.0009283167135436087,0.005854702771466691,0.0005167641225853004,0.0018650913872988895,0.0016020189708797262,0.0026849681831663474,0.014512456680495233,0.002150409747264348,0.002787856976647163,0.0017838288913480937,0.0068798992841038855,0.010867215937469154,0.003265156113775447,,,,,,,,,,,,,,,,,,,,,,
class1,SLA-2*10:08,SLA-2,5,0.0037062682225950994,0.038953737061819996,0.04171213714289479,0.0015350308211054652,0.005936682454193942,0.0018645595511770808,0.0030772955098655073,0.005146080382110086,0.0009092638898437144,0.00036584597246474003,0.0003701966430526227,0.00172902814229019,0.0025185836595483123,0.0024625733225548175,0.0010110277798958123,0.034846967947669324,0.00849564779200591,0.02277340440778062,0.021169955812001717,0.21428165293764323,0.014307475357782096,0.004693936843250412,0.0062590093701146545,0.01682120069381199,0.01016195637275814,0.008090509654721245,0.017528834094991907,0.02624769527465105,0.007316802197601646,0.013929892983287572,0.03855236666713609,0.03484626009303611,0.0014749366790056228,0.01319708291994175,0.005283965630223974,0.024857704562327852,0.016208945246762595,0.007581214280799031,0.010291037069328013,0.08238581856712698,0.000756846769945696,0.054620370268821716,0.10324968784552765,0.0008952666743425652,0.004802868693514028,0.0018002711534791161,0.0012315071620832897,0.026744507412786334,0.0033233145950362086,0.004468889749841764,0.009320385612227255,0.003106770184240304,0.010220929204660934,0.002555822895374149,,,,,,,,,,,,,,,,,,,,,,
class1,SLA-2*11:02,SLA-2,5,0.016779658233281224,0.035940024547744545,0.02434726799838245,0.01847903891466558,0.026452277228236197,0.039655832876451316,0.029424317041411997,0.0006304751994321122,0.0145242662896635,0.02039794997544959,0.010638346697669476,0.01798899914720096,0.0036272463970817626,0.020797311805654316,0.003443481121212244,0.007815452036447823,0.015618633828125894,0.02733301265980117,0.008707846351899206,0.025541921757394448,0.004175757139455527,0.02578282877802849,0.0013163575298676734,0.02521614006254822,0.010742477304302157,0.002493115677498281,0.0312754548562225,0.016834685322828592,0.003142181923612952,0.006983583813416771,0.019246562547050417,0.008914957928936929,0.00879376968368888,0.010447523335460573,0.008915991376852617,0.010568991821492091,0.008498548562056386,0.023279770044609904,0.03624612287385389,0.09192718502599746,0.021355792018584906,0.002064490463817492,0.0019567394658224655,0.021155615063617007,0.058974688046691884,0.007872553588822485,0.008851014029642102,0.025515887868823483,0.035471527260233414,0.029165822910727,0.03251819807337597,0.007281244266778231,0.014247500780038535,0.010623559402301908,,,,,,,,,,,,,,,,,,,,,,
class1,SLA-2*11:05,SLA-2,5,0.0029576608329080047,0.015680774800421203,0.052287657707347536,0.003317072382196784,0.0014424609929847066,0.006023831860511563,0.0038891549222171305,0.003514140877086902,0.00028176458727102727,0.00044230915664229543,0.0003068237827392295,0.0009138032939517871,0.0024279993172967806,0.003548443759791553,0.0019076344557106494,0.006013925949810072,0.0010512013221159577,0.25525029338896277,0.001951674435986206,0.18558659059926869,0.0031191114569082854,0.004420540522551164,0.009068585088243708,0.007172760018147528,0.0010776432696729898,0.0010999484275089344,0.07822205655975267,0.00609460030682385,0.04643607796169817,0.02017789811361581,0.037789943016832694,0.014343703165650368,0.026377389067783953,0.02508903215639293,0.004231418436393142,0.006569915423460771,0.008171929756645113,0.010289440862834454,0.0500115912000183,0.04364484259858727,0.0005909103645535651,0.003658384594018571,0.002600485394941643,0.001891439181054011,0.013284149159881053,0.0012865006479842122,0.0010328147171094315,0.01204787866663537,0.00466908337912173,0.0010984031192492693,0.0014013328938744963,0.0006792719359509647,0.0014897441884386352,0.002065959223546088,,,,,,,,,,,,,,,,,,,,,,
class1,SLA-2*13:02,SLA-2,5,0.06273824747186155,0.008728901896574826,0.19531055660918356,0.002352452336344868,0.008689093438442796,0.04603816384478705,0.00680066600907594,0.007869608839973808,0.26794825970428066,0.06521925188135355,0.010302683059126138,0.006582399923354387,0.010147702146787197,0.094263902772218,0.053778557712212204,0.0010031686142610852,0.0017604275213670916,0.0006487964797997847,0.0027614313061349095,0.0014206062525772723,0.0025718973811308388,0.000541374820022611,0.0006099292360886466,0.0015533358513494023,0.0007360432549830875,0.00036997571842221075,0.012541365221841261,0.0024830614922393577,0.0011737019201973453,0.016550612760329386,0.00240992496983381,0.0008411644630541559,0.0007555355485237669,0.0005405604635598138,0.0004970412090187892,0.0006358270300552249,0.000373399187810719,0.001746413198998198,0.011364573819446378,0.0007968296278704657,0.003790613368619233,0.0011007297202013434,0.0012733663083054126,0.005511657927308988,0.01703070591611322,0.015032316182623618,0.0007087863436026964,0.005690060598863056,0.013446105342700321,0.0034455450673704035,0.013049302794388495,0.0015763482166221364,0.004175273841246963,0.000711775483796373,,,,,,,,,,,,,,,,,,,,,,
class1,SLA-2*16:03,SLA-2,5,0.01565956842387095,0.0021788417478092017,0.02271094877505675,0.0035158669692464174,0.0016358522596419788,0.004130273332702927,0.006331691489322111,0.0015996591439034092,0.00155716234294232,0.0017993711815506685,0.006576099153608084,0.0032972630579024553,0.015430650470079854,0.004499999468680471,0.00409153823275119,0.15211473926901817,0.052302851853892204,0.0035895691718906162,0.03828813083237037,0.01599488713691244,0.01390536010148935,0.009902196429902688,0.002607071923557669,0.005839849513722584,0.0022545898755197413,0.01236146774608642,0.06904664202593266,0.014481921610422433,0.0030712702282471582,0.003428535093553364,0.0022901130549144,0.0058142481138929725,0.0010139053221791983,0.005452161330322269,0.004163961902668234,0.09721657507470809,0.029891086311545224,0.0011373508168617263,0.012976300629816251,0.2344901107251644,0.0034035911419778133,0.0031022173156088685,0.005646517971763387,0.007869058406504337,0.005511676985770464,0.0048809138488650206,0.016952840667363488,0.024196838721400125,0.010233123228681506,0.0011117872287286445,0.010164763022658008,0.012644929123052862,0.002676229600911029,0.0029558264883235096,,,,,,,,,,,,,,,,,,,,,,
class1,SLA-2*18:01,SLA-2,5,0.001348902790050488,0.10580672152209444,0.003825859579956159,0.0027607602525677065,0.01725616678595543,0.012325149500975385,0.005967158311977983,0.0007551240825705464,0.003491967833178933,0.0005523533234736532,0.0021062603540485726,0.003071326739154756,0.0008888340758858249,0.0006274442333960905,0.0006214306078618393,0.004222445275081555,0.014475952903740107,0.0027847802150063215,0.010536181718998705,0.015104705502744764,0.00404115526471287,0.05403184437309392,0.001032201506313868,0.006792305773706176,0.005779371754033491,0.008259695869310236,0.06582046688708942,0.0038215174106881024,0.008451913547469303,0.04192315922118724,0.004717948640609393,0.00954609881300712,0.0015016166144050658,0.0038455460518889593,0.02092056290784967,0.0126002739993055,0.02417706243832072,0.08186270215956029,0.04588776625896571,0.005848494151723571,0.0169377114798408,0.0028882314451038837,0.041225637306342836,0.0026687169743127015,0.0015471020684344693,0.01224905772251077,0.13177698939689436,0.05459230560445576,0.0053111756162252275,0.028928458190057425,0.007521961619204376,0.030305016320198774,0.03910136077320203,0.005555085369269364,,,,,,,,,,,,,,,,,,,,,,
class1,SLA-2*18:02,SLA-2,5,0.0560811891744379,0.06973063539480791,0.030461122692213394,0.006483172703883611,0.021660901163704692,0.015567686373833567,0.04016674241865985,0.027893126352864783,0.08133358885534107,0.0021223885210929438,0.016386716649139998,0.0074065929977223275,0.009632702334056376,0.0025845286028925328,0.004546775297785644,0.07521326346177375,0.014995165914297105,0.003156184174440568,0.005411350641224999,0.01706104191034683,0.0009085884481464746,0.018241662997752428,0.0011059988959459589,0.006890100045711734,0.0015930648740322794,0.0011599894278333522,0.07279953346005641,0.0032679075171472504,0.006840609741630033,0.009528316842624918,0.004140635835938156,0.004279618948930875,0.0015797778138221473,0.002694305389013607,0.006221073630149477,0.0014458865945925937,0.0038166620797710493,0.016815759323071687,0.0246249467250891,0.003438026807270944,0.012635310817859135,0.023882257426157592,0.08647791497223807,0.003568704721510585,0.009516978938336251,0.0031364661481347866,0.010969370318343863,0.059682026452355784,0.0036631964614571187,0.02484902321593836,0.013530606217682362,0.009167319437256082,0.03650005254894495,0.0031334539409726856,,,,,,,,,,,,,,,,,,,,,,
class1,SLA-2*18:03,SLA-2,5,0.003304052638122812,0.012685592455090955,0.03191744892101269,0.0028639512544032185,0.010398076265119016,0.0968879843770992,0.00684843601193279,0.0006255032538319937,0.0023210077997646295,0.0019370712630916386,0.0011790691351052374,0.006803550862241536,0.0023950000817421825,0.004502851131837815,0.0030765043251449243,0.004960905067855492,0.01784079757053405,0.01080833121377509,0.013298938004299998,0.003084246045909822,0.00336975771933794,0.014555023750290275,0.0005620021926006302,0.017083208449184893,0.005905523122055456,0.0012693561177002266,0.035960607821471056,0.04064622889272869,0.02150162754696794,0.00785704841837287,0.007214113173540681,0.011869534151628613,0.003178300893341657,0.0033937794156372546,0.008806858427124097,0.0053692233632318676,0.009216658270452172,0.07503957832232118,0.02919521280564368,0.011966779106296599,0.05755155347287655,0.006214289006311447,0.011935152764635859,0.005441980107570998,0.02570812044577906,0.009541552001610398,0.05651466720737517,0.09456292029935867,0.01812696494453121,0.03833217276260257,0.01938160077406792,0.033287466375622896,0.06237809098674916,0.00932373683899641,,,,,,,,,,,,,,,,,,,,,,
class1,SLA-3*03:07,SLA-3,5,0.051685099489986897,0.2044194387835887,0.026878466067137195,0.002396007179049775,0.0056500596227124335,0.03041017318610102,0.005988706718198955,0.08725397766393143,0.07607662220761995,0.0039037640468450262,0.0025820278737228365,0.002791616483591497,0.0027368363244022476,0.0065573520609177646,0.07327207215712406,0.011025669625814772,0.007702543525374495,0.0003103916060354095,0.00023564229995827192,0.004709607056429377,0.0015501269270316697,0.005941723486466799,0.0004352127041784115,0.0005729365344450344,0.0002700191145777353,0.00029989020317771063,0.10411278762621805,0.0011208445932425093,0.0029479213582817463,0.004772444130503572,0.00021722282053815434,0.000669115628261352,0.0011334177150274626,0.000523077093930624,0.0020677468532085187,0.0004237587434545276,0.0012005339030110918,0.006548239616677165,0.04510104542232511,0.0007362119788012933,0.0016521922836545855,0.0035118840110953896,0.06953018850763329,0.0017268568473809865,0.0013877284072805196,0.02525322596775368,0.07120432583615184,0.016143057550561935,0.01292918173930957,0.00043284962957841345,0.001970075338613242,0.0038627799338428305,0.001781146938446909,0.0013841456064255908,,,,,,,,,,,,,,,,,,,,,,
class1,SLA-3*03:10,SLA-3,5,0.03776589425979182,0.10336949592456221,0.08393273796827998,0.011045551259303465,0.01440077202860266,0.01829945216886699,0.006436207774095237,0.00103612013917882,0.0626333838503342,0.0016023389995098113,0.0018586353573482484,0.0025429883447941394,0.0030091135122347623,0.01750977758783847,0.0035396489780396222,0.08856772715807892,0.04201764604076743,0.00032402041724708395,0.0038842452137032523,0.04065360546228476,0.0032604847030597737,0.03738593182642944,0.0007099540467606858,0.001526161067886278,0.0010504000394575997,0.0005610886988506536,0.08500017216720153,0.002361799223581329,0.0017283103428781033,0.007037455066165421,0.0006283616065047681,0.0015369149623438716,0.0031602645642124115,0.00047043382000993005,0.002488464418274816,0.0020260193745343714,0.0038903288485016676,0.01005726916482672,0.04461660558481526,0.003951024954585591,0.0057977462420240045,0.00338244942977326,0.012520554829097818,0.011118676729529398,0.022228983476816212,0.016994050098583104,0.06594985638512299,0.04509932218334143,0.01238616941627697,0.011207775355433113,0.01090502591105178,0.010172323475126177,0.008374877285677939,0.0059854207909666,,,,,,,,,,,,,,,,,,,,,,
class1,SLA-3*04:04,SLA-3,5,0.029240245302207767,0.07700087394041474,0.10770759662846104,0.0022911075182491915,0.019923228479456156,0.06741782957687974,0.011020685767289252,0.006915534152358305,0.19771377188080805,0.028022330728708765,0.0033028109930455683,0.008619889186229556,0.011774849791254382,0.011884026695042849,0.014624524652026594,0.0034771531674778087,0.013029960246058181,0.0004256554369931109,0.0027947140770265833,0.0015580652485368772,0.002360402068734402,0.020129981695208698,0.00022800790538894943,0.001556632504798472,0.0016673129373884876,0.0005050780966939783,0.1143010299972957,0.0019087087945081293,0.0012107218164601364,0.0038939168429351413,0.0008961024263044237,0.0009735007062772639,0.001961679683881812,0.0005312439188855933,0.0016829994579893536,0.0009975020172532823,0.0014405505442482535,0.007308331152307801,0.014501775363714841,0.00028941041236976164,0.004887403303291649,0.009433731643366628,0.014944584894874425,0.006791261871967436,0.06603378617292037,0.004869424321805127,0.004361427179537714,0.005393428137540468,0.012609742946006008,0.005842541060701478,0.034236585546750575,0.008829601616889704,0.021101066650589927,0.0035757002100581304,,,,,,,,,,,,,,,,,,,,,,
class1,SLA-3*04:05,SLA-3,5,0.017388680623844265,0.08291786182671786,0.08703177616698668,0.008303820574656128,0.0060343075601849705,0.008077907533152028,0.0040501311887055635,0.0014664131442259532,0.1079809383423708,0.0017040574559359812,0.002132673961750697,0.0038500683091115206,0.004726349742486491,0.005707854116917588,0.0020492315816227347,0.16765311518684028,0.05066702652256936,0.00034274104127689496,0.0012435969705620665,0.02601171668502502,0.004097081279905978,0.03199255905346945,0.0011108834820333867,0.00046687491703778505,0.0007439496304868954,0.0005538976876778179,0.1224919373053126,0.0031642622780054808,0.00141587979887845,0.002641883894102648,0.000249278217961546,0.0010322045578504912,0.0031223696802044286,0.0005201576088438742,0.002393124251102563,0.00375614621952991,0.002980622969153046,0.004840482404688373,0.013066310986687313,0.013727532880875516,0.005687238460814115,0.0035262984078144655,0.015248206103569828,0.006802069259902055,0.004662188207294094,0.016038166065118275,0.05838973420904949,0.02556324548804696,0.01472504811026738,0.006728833680972457,0.010853452858282254,0.01902442793652881,0.0030413468368351458,0.006002011417876929,,,,,,,,,,,,,,,,,,,,,,
class1,SLA-3*04:06,SLA-3,5,0.01737373328069225,0.0836089459946379,0.08659784429401043,0.008234835579060018,0.005908614149666392,0.008090471316245384,0.003959031135309488,0.0015139825765800197,0.1092962097209238,0.0016995068412143156,0.002106063593237195,0.003851107452646829,0.004688345256727189,0.0056952672341139985,0.002055487982579507,0.1671404209220782,0.05156532182591036,0.000353357702078938,0.0012400167826854159,0.025600398489041255,0.004121765219315421,0.032724416226847096,0.0011232153454329818,0.0004655867698602378,0.0007443676433467772,0.0005677721539541381,0.12067509369226173,0.003160805511288345,0.0014317256056529005,0.0026925556594505906,0.0002515537766157649,0.001039438383304514,0.003010965118301101,0.0005199948587687686,0.002419431800080929,0.003869122038668138,0.0030712934201801547,0.00496969596715644,0.013063061790671782,0.014645000925520435,0.0054548310770769605,0.0035270508902613073,0.015403839688224253,0.006574946265027392,0.0045200451986602275,0.015838203084422277,0.05939125821460038,0.025416171023243804,0.014126829889573856,0.006303800766181667,0.010664711389108562,0.018672129459446296,0.00299183142487891,0.00596854982431978,,,,,,,,,,,,,,,,,,,,,,
class1,SLA-3*04:07,SLA-3,5,0.02233063000603579,0.05732383114518598,0.03917021221059258,0.005370372196193784,0.00997235647519119,0.0067879626119975,0.0026524815242737533,0.0006301045184955,0.04413625322195003,0.0010475510091055185,0.0013665268663316966,0.0014946223236620426,0.001374574506371573,0.004083918669493869,0.0010193817259278148,0.18542181436787358,0.06139419585233554,0.00040759184394119076,0.0009026639854710083,0.016366034775273874,0.0017913856747327373,0.015410427079768852,0.00073429420881439,0.0006651683157542721,0.00039623928714718206,0.00034278566326975126,0.17258377948310227,0.00210832740413025,0.0033062540518585593,0.007518687804986257,0.0002230846424936317,0.000781681788066635,0.0032908130655414426,0.0006033583042153623,0.002384108627302339,0.0011701684125910105,0.0016707331376892398,0.019552705090609378,0.04368067347822944,0.009275814972716035,0.007977535433019512,0.005965257488423958,0.03998374898728798,0.0025356582401400373,0.003458143685202231,0.029854770470410585,0.10985232777893543,0.022485565311490062,0.008465363973664352,0.0010444696948979982,0.0034793637925758956,0.009282028133748099,0.0018921883631264791,0.002980036096414551,,,,,,,,,,,,,,,,,,,,,,
class1,SLA-3*05:04,SLA-3,5,0.05672318626893684,0.030702459177700803,0.06166277794691268,0.006607898836955428,0.0019795361149590462,0.012463317179935984,0.00114796751877293,0.0004620688414433971,0.00037730289877799803,0.0003907878079189686,0.00021144022030057387,0.0010978932201396673,0.0011320345442072722,0.004825412621721625,0.00043772945064119996,0.026629627880174665,0.030628667492419482,0.03077754084370099,0.008594497536250856,0.019914805656298995,0.03601547579455655,0.01057189263519831,0.010291031625820323,0.017952253259136342,0.0025437006734136958,0.005275947483278287,0.258513967692852,0.02769395858049393,0.009517006686655805,0.0040850574936484915,0.011417785518278833,0.0322343544830801,0.001294669325579889,0.004825481321313418,0.0061376078570901885,0.02721222113686963,0.0287459898772795,0.003661356835800689,0.026234902622854862,0.11205334949772805,0.001743443834129721,0.0004613025652361102,0.0037811704838532022,0.002097576472442597,0.00263250872703793,0.01530839100596495,0.018219931120984256,0.010691328764187347,0.0004662437342631165,0.001210489869117737,0.0011640385120699648,0.001495266708661802,0.0019179785609594545,0.005765393434558064,,,,,,,,,,,,,,,,,,,,,,
class1,SLA-3*05:06,SLA-3,5,0.03368882514187135,0.01992965040553827,0.07176248325122288,0.007749572320608422,0.0017429227867978626,0.008025681291474029,0.0009600406454410404,0.0007394544780254364,0.0005975234035759059,0.00030926936415198725,0.00017503673734609038,0.0010138144949451088,0.0010515824917092687,0.0052603520103730265,0.0003595422167563811,0.059979959110205525,0.021065519750118257,0.02116332856239751,0.007843916441925104,0.10679382355883718,0.03576986852858681,0.007877588988048956,0.005117472205893136,0.016250224062241615,0.0021947681700112296,0.0030935257842429563,0.28049709158949554,0.023829588294029237,0.0147764393419493,0.01270659436704591,0.011749036618857645,0.026730516710085795,0.0012795276998076588,0.0031684461297118104,0.006471588483691448,0.030903841659346655,0.021117280758517154,0.00477009889727924,0.011793748685522586,0.03743104874156415,0.0016814264934509992,0.0013229051750386135,0.008822907481226138,0.0017198207206092775,0.00567463465831679,0.01029399753169855,0.01559653093572706,0.016720362564592507,0.0006942934971448267,0.001123419745999854,0.001426100459866575,0.0011376686015864834,0.0015681970689911395,0.004477142635732889,,,,,,,,,,,,,,,,,,,,,,
class1,SLA-7*01:01,SLA-7,5,0.007824307272676379,0.0008005934148968663,0.005628389655612409,0.0034113568195607512,0.003658380933484295,0.008991387259629845,0.0052295481786131855,0.004726312495768071,0.0019246394338551908,0.002133800182491541,0.002004904682689812,0.004104145267046988,0.00453124517807737,0.010466672340407967,0.0043614254333078865,0.06507212898577563,0.015019274083897471,0.00908755473792553,0.09340115236118436,0.005711727921152487,0.0023377927020192145,0.014308428909862414,0.002489546674769372,0.053506740182638166,0.014795419393340125,0.011672868998721242,0.006235267466399819,0.017566506308503448,0.004059941100422293,0.0077482163673266765,0.00833298796787858,0.015421410393901169,0.009929733030367061,0.004330049350392074,0.008782916085328907,0.04025720995850861,0.03102641678415239,0.014001836991519667,0.010848712876031641,0.17656707353889942,0.06702231778763235,0.05829634153051302,0.01698961271558801,0.0016749138594605029,0.029777472466230394,0.0018998336809090688,0.002481067900953349,0.030314084782730788,0.01148050323681673,0.010831078456249088,0.013020583073375747,0.02199842390837148,0.01434742558049038,0.007558332162443548,,,,,,,,,,,,,,,,,,,,,,
class1,SLA-7*02:01,SLA-7,5,0.007623944582883268,0.0006206558311532718,0.004268019777373411,0.0032531105651287364,0.00319290623156121,0.008232521364516288,0.004353906732285395,0.0038874634890817108,0.0024088106700219216,0.0021167359780520202,0.0020137449988396837,0.004068214865401387,0.003803681890713051,0.009555098111741244,0.003470554656814784,0.06606038308818825,0.017937097791582347,0.007522535050520673,0.09272503084503114,0.007369795021077152,0.0023875670740380883,0.014284527755808085,0.0017641527287196369,0.0569586104596965,0.01643819995224476,0.015477551647927612,0.0062132862978614865,0.013593654171563685,0.0029490167973563073,0.007288853437057696,0.005656096374150365,0.011662680003792048,0.012056595088506584,0.0028404713375493884,0.0062922674405854195,0.03221354060806334,0.02866067993454635,0.0164228003086464,0.008872113887264277,0.16816734252497553,0.06631533422041684,0.07122310514969285,0.013422467919735937,0.0018515197647502647,0.04225195487961173,0.002234672353188216,0.0014375973806636465,0.0420610256085638,0.008970033415243961,0.012998836627230049,0.010966462342184968,0.01921790954656899,0.014373722206801175,0.007991128950379789,,,,,,,,,,,,,,,,,,,,,,
class1,SLA-7*03:01,SLA-7,5,0.005328267114236951,0.00021565672832366545,0.002589838075437001,0.0028619020391488447,0.004544411633833079,0.008119073127636512,0.003865166479954496,0.0024389057303778826,0.0009986062039388343,0.0020369290956296026,0.001187854121963028,0.003740433615166694,0.0031079155451152474,0.008171400526771322,0.0033230906527023764,0.05157735546818003,0.010796978953294456,0.009684925712645055,0.11702520102262497,0.0035552173940232024,0.0021443906938657165,0.00915389473666437,0.0016852031811140477,0.04851912809535861,0.014467974478611723,0.017356968706008048,0.0052229832392185925,0.01500038867816329,0.002180307479648036,0.0035627037985250356,0.006853392464108765,0.016559786233119666,0.004826634834171273,0.0037214857526123523,0.006657930486835539,0.06287142201326787,0.046759517304599284,0.0046991685332613995,0.017808461020467802,0.2658730782568455,0.08084073457866907,0.010640120564494282,0.00039843188187660417,0.0008785828729742206,0.02834104899666272,0.0031624691283468564,0.0011918837977646034,0.011003695236286148,0.0038055946322856473,0.00929890836123377,0.009101228357758373,0.03022018085466698,0.004362659645266831,0.005660538049414754,,,,,,,,,,,,,,,,,,,,,,
class1,SLA-8*01:01,SLA-8,5,0.0011032019596314059,0.0068270026298705485,0.0009328959175036288,0.0006461412223870866,0.0727902370505035,0.013646150256681722,0.008594172820448876,0.0027036867977585644,0.033454744657501576,0.01684295616578311,0.0047246340836863965,0.017973597953096034,0.00456007377943024,0.00534415288711898,0.00843954561278224,0.002058545111503918,0.02030125549645163,0.0026937138973153196,0.00988459165673703,0.004077008329477394,0.034797882864950225,0.07082069701864384,0.0003403459195396863,0.015036806650459766,0.007979151625477243,0.03141263601137325,0.0226470633468125,0.07154642287641763,0.0014419258244743106,0.020567410346120595,0.003605828294530511,0.003771293186582625,0.002637102302105632,0.002714961959281936,0.0038216715853195637,0.0065285017539281395,0.007846198411425576,0.03149434793740511,0.04093817113898694,0.005389840772841126,0.024641400948166848,0.01169012553873472,0.0018610103375976904,0.0037516689646508892,0.050059749800129796,0.00279909927630797,0.020134500187123195,0.03318357999087311,0.00463285714504309,0.0489453318528831,0.03530909944092855,0.05097880219109356,0.08195334179326892,0.007122873840853572,,,,,,,,,,,,,,,,,,,,,,
class1,SLA-8*02:01,SLA-8,5,0.0013439060421660542,0.013097005539748352,0.0010479930868314113,0.0005744763511756901,0.08729907715460286,0.026066049535074853,0.006771908747032285,0.002565247754682787,0.028196342923911287,0.026496549148578196,0.004756736577837728,0.017104147921781988,0.005131694370356854,0.005454143433598802,0.007640884956344962,0.0012290487851714716,0.02140064487757627,0.002016343074501492,0.005452774884179235,0.004913998923439067,0.032472939195577054,0.06002751082996838,0.00046576808381360024,0.01490505230613053,0.0053716804133728145,0.03300052916747518,0.025291213090531527,0.04806754698511213,0.0012747670931275933,0.024061532306950538,0.0024011862580664454,0.0024998705368489025,0.004021355706208851,0.0016634947096463293,0.0032790044322609903,0.004556276972289197,0.0042779691095347515,0.029145948030054568,0.032273436582181604,0.0040357794990995895,0.024816519441083075,0.011222367972368374,0.0020368157463963145,0.003925293039537791,0.048093102531856856,0.0038211534731090067,0.02711265964899212,0.07131690242531477,0.004902260011294857,0.04118916224688292,0.04887471477268264,0.04182084142230451,0.06352077848277986,0.005695575405843556,,,,,,,,,,,,,,,,,,,,,,
class1,SLA-8*04:01,SLA-8,5,0.001078606273222249,0.0063475935545284305,0.0009065909776836634,0.0006626192756812088,0.07005740106105804,0.012644439102587057,0.008099135337397456,0.00262438299250789,0.03156488706008531,0.016622563474811614,0.004383139591664076,0.01683037413749844,0.004509534954559058,0.005267083109356463,0.007914547983091325,0.002091084135463461,0.018973558710422368,0.00282992835418554,0.010441981791518628,0.004307335836347193,0.035275608679512516,0.0673584182281047,0.0003238755009078886,0.015221661422401667,0.008239322410372552,0.037940196262206884,0.021641990903299303,0.07366083802189678,0.0014310486949398182,0.02114171606954187,0.0036985594779253006,0.003816493903286755,0.002620249618485104,0.0027660307998303322,0.004002869460964576,0.007593956327764317,0.007956554781412706,0.03316008858382702,0.042688517831265926,0.006459136996272719,0.0241448225453496,0.011815809208201244,0.0018335103726712988,0.003709349465680134,0.049597626911418044,0.0027293153805658223,0.020782963064266368,0.03518285021127667,0.004762306145858019,0.04931806647218764,0.035273848893120886,0.04956058133393526,0.0790398926474154,0.007095162943005562,,,,,,,,,,,,,,,,,,,,,,
class1,SLA-8*05:01,SLA-8,5,0.001047912122157868,0.007640548766357824,0.0007990052057721186,0.0006213211279828101,0.0569710117764771,0.013812929814594099,0.007963774329982697,0.0026091384002938866,0.027346495963865892,0.016033333423547447,0.003634983440861106,0.01626969410572201,0.004115080100018531,0.006396946904715151,0.0073938334244303405,0.00245799464682932,0.020929083964438176,0.002062404315074673,0.012390054063871503,0.002740534406621009,0.03974053175188601,0.07390189684228972,0.0003031712294614408,0.017827688669785857,0.009127412573434412,0.04072663964470848,0.019503405055729672,0.0746934592956677,0.0012484725986723789,0.030544007231947036,0.0037970488192513585,0.004268650081939995,0.0022145302849821747,0.0023593139834702016,0.004275203333236277,0.00841141619021073,0.007423352595651522,0.03071486372500658,0.049006373540032656,0.006109310688771075,0.020505624543875455,0.010671362973516807,0.0022689845034619795,0.003168570832531259,0.057628159619343935,0.00314031079178676,0.023763082828372716,0.02795912970905192,0.004223930789157749,0.05105258296243846,0.027656775928335264,0.045752573665231465,0.07581905396655202,0.006956999422982335,,,,,,,,,,,,,,,,,,,,,,
class1,SLA-12*02:01,SLA-12,5,0.0022416816442273556,0.007833191903773695,0.06816336910123937,0.0025602864858228712,0.03233076555188745,0.036991518671857196,0.113703780004289,0.005885899608256295,0.03057408818276599,0.004363759350962937,0.003759193659061566,0.019467503554187714,0.012554649775847793,0.01629636415746063,0.016644550673663615,0.0069126777816563845,0.013020827260334045,0.00842648824909702,0.00932831815443933,0.009246174340660218,0.02054618970141746,0.009093454250250942,0.0008332422061357647,0.0105283681768924,0.00902756726136431,0.0021449611871503294,0.011072600012994371,0.04748692880384624,0.007992644696787465,0.011231611191760749,0.00796215538866818,0.01125108054256998,0.01081938433344476,0.013394835311919451,0.012389506574254482,0.004941038409015164,0.006341072113718838,0.04210154861211777,0.026740731531754137,0.003993337554857135,0.008866828074678779,0.014269546198192984,0.0018898432121204679,0.01592016284866986,0.03782501470850548,0.0023780507443007083,0.0012773874172125944,0.05340558023308404,0.008138333816896192,0.0175863501150161,0.013898267259355635,0.06268137955339625,0.06576715609990061,0.005898772575892508,,,,,,,,,,,,,,,,,,,,,,
class1,SLA-12*04:01,SLA-12,5,0.003212505322881043,0.011790028618997894,0.05434603058965877,0.003096947865560651,0.03139885780401528,0.036076129629509526,0.11839204113930464,0.0074329627212136986,0.020978453764109874,0.006144652678631246,0.003164918045513332,0.02726743803359568,0.010592277580872177,0.04054643369745463,0.0164200646802783,0.005650919958134182,0.012902462563943118,0.013810686068609357,0.013026019465178252,0.0054278060735668985,0.0065181024838238955,0.010695868846960365,0.0011101968644652515,0.022296771639958024,0.011852502124384046,0.002670855016913265,0.021244724206189856,0.03472712398506701,0.004872807208448649,0.008588695025537163,0.005915802391245961,0.011755998060107232,0.01287179822102189,0.008349216147325932,0.01114214163972065,0.005504542007111013,0.005951991130132228,0.029693719744682313,0.018745054979808627,0.006784088118001819,0.02012147638015449,0.014530955668305978,0.0019966820189438296,0.008189733329345472,0.036439134916872715,0.002327328990213573,0.0014318812143756076,0.0526186509654508,0.010604881891049444,0.0235119657125324,0.017613866203464567,0.05851618782617152,0.06227286532521248,0.006854750146158039,,,,,,,,,,,,,,,,,,,,,,
class1,SLA-12*05:01,SLA-12,5,0.0023585105780512096,0.018531590851489456,0.03005768553703092,0.002858136466238648,0.02395377717912197,0.03930489018093795,0.09322273115394637,0.007090539019554853,0.018853341293288396,0.004089299333281815,0.0029022972565144302,0.01588107319548726,0.009477547276765108,0.030152561562135815,0.015191794279962778,0.005171071918448433,0.03485546451993286,0.008800229907501489,0.008195719122886658,0.010979730499093421,0.0203744301921688,0.015341781335882843,0.001400362110871356,0.012179553369060158,0.008986477472353727,0.006095523975091055,0.033621371160552374,0.053516356041654944,0.014517734582477715,0.0090513605508022,0.00837368993088603,0.009747875481843948,0.009817669517360628,0.015765903634019196,0.012270290579181165,0.005535400123335421,0.0064736436528619375,0.04585585072636604,0.03035010480089113,0.004875723156146705,0.00779562396928668,0.01805670737521723,0.002283371661906131,0.016288182530843187,0.023766466038068756,0.0019918888516258447,0.0013513020472601055,0.03783273624721915,0.011034211772494019,0.020916083361953497,0.01526802354492247,0.07055619528982789,0.0606597680831328,0.006120306998491287,,,,,,,,,,,,,,,,,,,,,,
class1,SLA-12*06:01,SLA-12,5,0.001908062188886106,0.012253812671406194,0.06432005682145245,0.0018468754075001924,0.02667048331350088,0.005192609818186611,0.10109422085806727,0.006333997152978554,0.027943584672175347,0.005370885622687638,0.0034730072948150337,0.0163671035785228,0.01470045386813581,0.03630666751414537,0.020225316286087036,0.004720505073782988,0.01178002487285994,0.009153263922780753,0.010389399528503419,0.006136260043422226,0.012459739844780415,0.010642511921469122,0.0007555612362921238,0.016788937256205828,0.02535866271937266,0.0032875031465664506,0.017720557538996217,0.05738859507255256,0.005076498181733768,0.009655972861219197,0.006080240663141012,0.009429580077994614,0.009880685224197805,0.013048167375382036,0.009578009287361055,0.006353370065335184,0.006133838219102472,0.03085779845714569,0.022806337010115384,0.01164774534991011,0.010017943009734154,0.013834455201867967,0.0026369246537797154,0.015033954382670345,0.03303360716381576,0.002563388558337465,0.000983408954925835,0.06345292375481222,0.010698088770732283,0.022370615508407354,0.01895685602212325,0.06449983923230321,0.0639813187532127,0.00679977738764137,,,,,,,,,,,,,,,,,,,,,,
class1,SLA-8*03:01,SLA-8,5,0.001349377764563542,0.006199542712420225,0.0010020605914178304,0.0006524557102238759,0.07590295504778624,0.016737235427717677,0.009468998410739005,0.0028048230131389575,0.036956692580133677,0.016944861854426563,0.005396517866756767,0.019278703117743136,0.004557885602116585,0.008971562841907144,0.009370108461007476,0.0015886195251368918,0.023746493674116208,0.0019585670561355073,0.008439954649657012,0.0021465055076987484,0.03942661644541658,0.06309938807971775,0.0002819331974023953,0.01531008123420179,0.005369557291851379,0.02741039704415016,0.023007416527252644,0.06453869533725083,0.0013092376670101658,0.02009850478498265,0.00330764960963279,0.0035947309923358263,0.0011693334716255776,0.001911228959215805,0.003585170552833006,0.005629354011034593,0.005176022904925049,0.019881938025355338,0.03930310340365395,0.004163246710959356,0.02617295291274786,0.010369111213367432,0.0017781215501599945,0.003716320003150031,0.0776692510698922,0.003214930009562522,0.015967715252190828,0.027433056355221197,0.005569976917468011,0.03508019596338272,0.04006646358175203,0.05525734666734934,0.08975197668187321,0.0069050499703735115,,,,,,,,,,,,,,,,,,,,,,
class1,SLA-1*08:17,SLA-1,5,0.011754962814302416,0.025753296131733806,0.051617230726697015,0.001560274654184468,0.008407233044272289,0.014238817833393114,0.023513203934999182,0.0022020782344043255,0.005228306900244206,0.0013818862586049362,0.0008195648697437719,0.004072615917539224,0.01173231930588372,0.01959152290946804,0.004075842048041523,0.03243366763344966,0.021928269427735358,0.01628307884093374,0.01796135036274791,0.018495381227694452,0.0076919371960684655,0.0059697052056435496,0.0013448997400701047,0.04515125181642361,0.009049128438346089,0.00367340307275299,0.11544663742533885,0.09831309784203768,0.0023330787691520525,0.005928789149038494,0.03197506901778979,0.04846942824660801,0.002030877157812938,0.026357746776193382,0.010573887231294066,0.039517267810879275,0.030423631830490194,0.0076721262244973335,0.06836694774683565,0.021262430306524038,0.014627110934816301,0.003527892378042452,0.0031288942525861787,0.0033919136374606753,0.011440818864502943,0.003714106993356836,0.0007749165692075621,0.020635485963430254,0.006376441867905669,0.0032364013750338927,0.0028991276398301125,0.04016472001967486,0.006309349989169277,0.005170567368622869,,,,,,,,,,,,,,,,,,,,,,
class1,SLA-1*21:02,SLA-1,5,0.08959743379964494,0.0056164863868616525,0.05874969956203131,0.136974899249617,0.0007916947797639295,0.007969146594405174,0.015409499194356613,0.004666403686860577,0.003648711040295893,0.00033191964830621147,0.0002909374772571027,0.000818921098834835,0.003359904483659193,0.07400594454957173,0.001052310612431029,0.029374087951146065,0.011622289591468871,0.020428769255522637,0.0019935917400289325,0.1543521129526198,0.0026925275509711356,0.005735219319467433,0.005337038752622902,0.003739557926019188,0.0008462185582175152,0.0031811224645934997,0.11545324820326641,0.007791881414595992,0.005537674855440855,0.0025055127684026957,0.0015126465150387958,0.003708274755626917,0.0015191266807960345,0.002198116044746712,0.001844905599136837,0.004739326582784998,0.0067231805689516476,0.0041130027384497225,0.009760785981052322,0.14774303586455062,0.0014736860495759175,0.0009062284298124723,0.005460898220189847,0.0009976329980418085,0.0036399698763489143,0.0037733993369329253,0.004562374991655816,0.014516809268479846,0.0035610085295047613,0.00029593171639135106,0.0010169157532800455,0.0008008235687157139,0.00024616196460556237,0.0010109996423125268,,,,,,,,,,,,,,,,,,,,,,
class1,SLA-1*07:07,SLA-1,5,0.002507173625053838,0.0014792544789088424,0.009943518818181474,0.0012212415764224715,0.0002834522003922757,0.0011404795302951242,0.0005128569137013983,0.00031428447837242854,0.00018886259058490396,0.001067848013190087,0.0010021191934356465,0.0005121668538777158,0.00272008033352904,0.0020307977771153673,0.0008003001996257808,0.03331130258738994,0.009369939286261796,0.011517990776337684,0.009676039405167102,0.10503144455142319,0.0010129015834536403,0.024535878805909305,0.003991375561236054,0.024655897980119336,0.0033921849379112247,0.0031829150393605232,0.00847179142292589,0.009857699833810329,0.04051871116680559,0.0027351949640433302,0.003067360003478825,0.005827071983367205,0.006892350266571157,0.0025753280613571407,0.0008386494824662805,0.018311366625130176,0.004096031538210809,0.0011296290502286865,0.007767934613366378,0.4956249386072159,0.005406493185000727,0.0017937155196705134,0.0018110825709300115,0.0018057865527225658,0.010734633373795077,0.0013252608402581246,0.0007462699683856045,0.06918917493458139,0.006279498996991606,0.007104100726428442,0.013213688240102783,0.013883167764288374,0.0010265365643135737,0.002564236466423608,,,,,,,,,,,,,,,,,,,,,,
class1,SLA-1*23:02,SLA-1,5,0.02896334887482226,0.20556834439048544,0.057568899958278054,0.0020412895595654846,0.009881722234422342,0.05563561476301402,0.006984816017211415,0.0014592040337447544,0.010721160985121969,0.04698694440739928,0.000788595875928877,0.004665311580902198,0.0023102355800801886,0.014156427374109626,0.007718625506095122,0.04697833316167817,0.022650988145687733,0.0055533333487801425,0.0031996106964925276,0.013795480044791475,0.0066721911207423545,0.022098104702308774,0.0014328217774163931,0.0034337651684836603,0.00276362481781689,0.0004352622886926838,0.05508850323676597,0.038638027072738626,0.0038169088831637053,0.001612891502736602,0.001192308728786884,0.00285615826924186,0.0023533160623628647,0.003404905584466178,0.007529642446024809,0.006595192979875719,0.00713773788229446,0.023326532312785274,0.005905830821757263,0.00305821047468271,0.00855533020803705,0.0032106504535477144,0.010200658877147361,0.015660768120142166,0.09458904335886018,0.003525580884888768,0.006839185924036428,0.015206040978046075,0.007265540075604804,0.015248252539026907,0.022253365098731593,0.018867637844959973,0.024366627792915097,0.007231092106667347,,,,,,,,,,,,,,,,,,,,,,
class1,SLA-1*07:08,SLA-1,5,0.0032337353215552865,0.0002610771862237016,0.005856745524943108,0.0021960659025353378,0.001350936972812633,0.0007874799375713337,0.004496442790696165,0.0009978526119084562,0.0008676925142935942,0.003569469603826292,0.008572008964620181,0.0018050081314868293,0.00835279948078096,0.0014408244140213355,0.003614005232520867,0.20348280747421085,0.010652356734499335,0.0026759124593809247,0.06656309643294663,0.003193514436134137,0.00032525387359783053,0.010253797687983023,0.0010513126064324752,0.04094827356821042,0.004089828177529853,0.012547342697507702,0.000799211926641874,0.005366001249058172,0.0004335373785579577,0.004407329834066331,0.004683196800760925,0.013215912168379872,0.001371688708604779,0.0021582040819339452,0.0036917220684699716,0.11163200885057449,0.043083769548684356,0.0005920427618548274,0.02262749647925375,0.20418686480261386,0.030900207604281603,0.005577948101563379,0.00735183347351267,0.0006529618302010931,0.012155308661749586,0.0013683310091437307,0.0038284851081698433,0.03805840397253633,0.008356696169721544,0.013436251319944859,0.017413505232252647,0.02894025107380003,0.007105615254840813,0.003419561916962266,,,,,,,,,,,,,,,,,,,,,,
class1,SLA-1*20:02,SLA-1,5,0.003076270293968264,0.05258028198595639,0.04827294361894019,0.0017950549139641226,0.0025315232283901422,0.011953553148487117,0.005255193775519728,0.0022618195645918602,0.0010751212350442075,0.0007087315127137118,0.0013541319698560984,0.0020443824178073555,0.0026767514060338725,0.0016989349853247405,0.0008735297305975109,0.005208620613120729,0.0009231129835825414,0.05002305540256202,0.005147216620389372,0.029960292903706432,0.0019778048561420293,0.006251928198616951,0.0007038104755338282,0.006806187384063378,0.0032158816960873083,0.0037497368259209905,0.15145611714106053,0.006064521474763751,0.008683593734167517,0.04996335497125983,0.024678371677873658,0.01067578918300569,0.020105650907498784,0.017131011444143952,0.008362697545089759,0.004352747401571833,0.007946231872483622,0.1108428668230772,0.04955938346101903,0.005487632821314037,0.0027124234009534122,0.021486903983168305,0.09029703842679737,0.0012627152653294615,0.01442335957508476,0.001862946161418222,0.003305784187250538,0.038075735939128205,0.008278606256862987,0.0713525302009657,0.0017372233218338807,0.008970752646564505,0.005934896226972341,0.002863239776343107,,,,,,,,,,,,,,,,,,,,,,
class1,SLA-1*08:16,SLA-1,5,0.004601949080824852,0.058397006355517075,0.002667704477789812,0.003831296134740114,0.0009673724125605077,0.002503134972357657,0.002898074797121808,0.00456072846573079,0.0004596364229655592,0.00033875278022605927,0.00043185726972296836,0.0009940084448317066,0.0022048981263651513,0.0026098478352651,0.0010959488063235767,0.00876099563902244,0.006310846796259284,0.03219902312848717,0.00742520468775183,0.12380964811891318,0.007083921134471894,0.00652579239977058,0.011024813679978252,0.00913106725201942,0.0018260647033457645,0.006260775397095131,0.26990047926083205,0.03416607608087361,0.004086070414632559,0.0027655836660414935,0.008535064795796642,0.028000095253810288,0.002855499128054362,0.0055657708056969565,0.0026622850025887603,0.03358760938499472,0.02480754471325781,0.0046668180904816834,0.01928113706271688,0.17028083540499211,0.003138650889741257,0.0029489331180229785,0.0058584555954439566,0.0007871001369494479,0.0032345567640732044,0.005458737309527351,0.0017868183524115012,0.034166692320650324,0.0105562101387477,0.0011866325468872674,0.0007072912820149213,0.006369565596105531,0.0008923647488700226,0.0028267600282561034,,,,,,,,,,,,,,,,,,,,,,
class1,SLA-1*23:03,SLA-1,5,0.029894608817994595,0.21030484245275147,0.05470204453158658,0.00188078319770284,0.008286867820424959,0.05895473450655118,0.005471313043381087,0.0013243534252978862,0.01189841002706089,0.05830408618057845,0.0007382448275166098,0.00482721800390209,0.002140757636516355,0.01294387315865606,0.005898022969631711,0.04028453943319619,0.024853030332451453,0.0051463939132190715,0.003473745100041015,0.014322954689851031,0.006265310630078602,0.025103403127286584,0.0014044247567653657,0.0029172509649470157,0.002355594769323943,0.0004591833735958062,0.05727536475751549,0.0399379961338127,0.0034270902884600218,0.001729791185061913,0.0010735367516645055,0.002930409861073713,0.0026539381651673466,0.003022284319013124,0.007443580347171519,0.006360106213469408,0.007484126441340777,0.023762410278141032,0.007279657343497092,0.0030855984119625645,0.008275914925616235,0.0036870601237751544,0.012196844926802442,0.014660531855042791,0.0808962505334648,0.0036575723672285674,0.008677728846669197,0.014965818136624875,0.008287997945444658,0.014901599085555972,0.020170064526610076,0.020498014569602672,0.020006122899212643,0.0074966002252040195,,,,,,,,,,,,,,,,,,,,,,
class1,SLA-1*19:02,SLA-1,5,0.033950293972156945,0.0028546269226353616,0.4923989994451404,0.031530660763382914,0.003572598968457896,0.011433781060623005,0.005634569219546392,0.02793588730855845,0.1553247668372933,0.025060835914337075,0.007168404808908235,0.003595575959479902,0.0073623819509521125,0.057697374979034065,0.02934557911939919,0.0046146901204338064,0.0012833125874749385,0.001075222031067824,0.0007623870100360364,0.002027674492001097,0.0015192208141343144,0.0004167696471995441,0.0005682835482730298,0.0015551729789876844,0.0002651089065693668,0.00015998976632545237,0.05701149473097757,0.0006691562215564772,0.0013373280144151067,0.001966294370868127,0.0006649733652011492,0.0002328370839677518,0.0005971906241029501,0.00042091515206266195,0.00015867983383941465,0.0001892644432700763,0.00012491311317717191,0.0016566681686526862,0.002215237907876144,0.002823106072173687,0.0012991196970688179,0.0008762507237406681,0.0004937317469739355,0.0036178706639475424,0.002239578586886637,0.003160316673165653,0.0007794832428544396,0.00042856113905145323,0.002860078768662788,0.0008163256645275397,0.0023096903110854327,0.0005187286769796629,0.0008433287730440497,0.0005747286853875266,,,,,,,,,,,,,,,,,,,,,,
class1,SLA-1*21:01,SLA-1,5,0.09643347910605371,0.0116835294989869,0.08378409909782931,0.022880299715325236,0.002192236855626106,0.1388073788024485,0.021826020878506824,0.002393691521137953,0.0007060880154313054,0.000549425050849095,0.0006221184128662571,0.0018572867033071817,0.0037762358675536233,0.014770754118217155,0.0013012277384405024,0.022845304664224388,0.009696267440449446,0.11783837396651506,0.0022895016212714837,0.15123295970261097,0.0019508496072376147,0.01799919515615329,0.003986026294296607,0.006968663372390438,0.0020820078108954474,0.0018926571201518527,0.06797569929622113,0.007227430283091962,0.029009911138564347,0.006634184258291498,0.004701074794866145,0.0038387303589843213,0.009113151251222007,0.010982091608457267,0.004404563931166195,0.0018740831572358729,0.0023272661659575534,0.007515119342133403,0.009436020359862596,0.027073591062799097,0.0017885088658658788,0.0023200782743515447,0.010716457297530724,0.0025505384663119914,0.015344856597221224,0.003527917561950744,0.009060297544056083,0.012162632008221408,0.0019771439823671245,0.0011643927835393697,0.002240404672920704,0.0005254903073364404,0.00042671282426454127,0.0017159655224531889,,,,,,,,,,,,,,,,,,,,,,
class1,SLA-1*08:15,SLA-1,5,0.003945766860852018,0.04774236034427304,0.0015819430933333932,0.0035103958012769,0.00046954327553976326,0.0019353746451088228,0.0019133701076498254,0.0014495465785330452,0.0003818822957327939,0.00020783701475011185,0.0003507313987938687,0.0005789132803329267,0.0014857307804049924,0.0018790267466101795,0.0005838538012540084,0.010060180810978637,0.003547343402169645,0.021970857062842696,0.00337646568659693,0.22604430932551622,0.013151991530321538,0.00917522862291662,0.010644191270694136,0.003938972321338952,0.0011126012599561364,0.006160511032067007,0.2319754123920575,0.03596975679975003,0.0063416081597097215,0.0038376783020794393,0.004667512310243182,0.022450366473640314,0.0034099829354090616,0.005272856057854369,0.0050931217047036625,0.018061407987988786,0.02548180570011027,0.008945562626468017,0.04174887018034497,0.10054505057632923,0.0014065705414395779,0.002442952513229102,0.0109003188990755,0.001570018932397943,0.0015216916537610814,0.0025624872840126047,0.006325236990232952,0.04474510729851318,0.015451134074100991,0.001285595682566054,0.0007903955498477444,0.01633224685501773,0.0008789480700215791,0.0027873824757989494,,,,,,,,,,,,,,,,,,,,,,
class1,SLA-1*18:02,SLA-1,5,0.03375684916973114,0.27517322172643616,0.25815831394866107,0.016666846349835396,0.008116959952167236,0.01369441458955407,0.0018000832991674543,0.0038327824433508793,0.010789223378378666,0.0014738554411451333,0.00039229961766977793,0.0007419293688144535,0.0019119289056106937,0.10760565210366621,0.003822971280897036,0.005007905837555881,0.0013426194309431594,0.00043468653675518,0.00011782854871853488,0.006206825663957716,0.0009516921175418247,0.013664657910703681,0.0003238917579437839,0.00030396381589525845,0.00017447462287236703,0.0002966362104871223,0.15553680469456593,0.0006463368947152049,0.0014919721070327796,0.0008875534607795998,0.00025170582266582643,0.00019972779336967504,0.00031976672034943475,0.0002534298466343898,0.00030185966679709966,0.0003662803260340297,0.0004034201156173367,0.003808004740494653,0.0023978733444891985,0.00021129313463461586,0.0005147602845681831,0.0029825610108673573,0.029322290479103685,0.005157035414595157,0.00263218749241787,0.0025983055413234977,0.004347900727589149,0.0013458961825563165,0.0013994202694448178,0.00028051528042851717,0.009925151994684711,0.0004267489056474005,0.004290502105141059,0.0009382233678479679,,,,,,,,,,,,,,,,,,,,,,
class1,SLA-1*21:03,SLA-1,5,0.002496454225911293,0.010346237596968422,0.07230968549847602,0.002344676206121221,0.005141883157193661,0.0081751381396316,0.0054110194556415084,0.0018381700036115944,0.0005977836495731026,0.002242778707295656,0.0006526712677441537,0.0028281845385208725,0.0027820281073218213,0.0049080376862548295,0.002750731958076358,0.010160864744102582,0.00362787142948946,0.2502588972449303,0.011993743292987347,0.009963926416821778,0.0013746477430686354,0.008636393782217056,0.0012759750243276358,0.047134102508425715,0.009937946428544819,0.00429717285442166,0.011199940425285604,0.01821791622787714,0.010755498505022842,0.006562138663139194,0.08713755297940225,0.05601988490670919,0.012953207072860096,0.07998628267087042,0.008623971790075301,0.0322253801394254,0.02685367923695594,0.006115215551108122,0.026212077256059275,0.04676417373120785,0.004029946820810437,0.0029159842437366025,0.0010530348263273481,0.00405949481355492,0.028995406666945202,0.0014682644468848594,0.000596843343009823,0.006346261739963666,0.005919871106016217,0.006184302782639861,0.00785831781104207,0.007312783054658212,0.005621043383143842,0.004524522786960005,,,,,,,,,,,,,,,,,,,,,,
class1,SLA-1*23:01,SLA-1,5,0.042064959881827235,0.1362139431410469,0.009525382725405507,0.054340327228419485,0.0012582373630721122,0.019328403568943033,0.002252068283269182,0.0006426886437111534,0.005203112077288097,0.00048339249624405054,0.0007121947346604429,0.0005559957615332678,0.0010003371688071638,0.009126692113932222,0.0009334122136351652,0.13582195546478032,0.12311716304975562,0.00030030402049305847,0.001703556221218605,0.044145376759115604,0.010360459532239474,0.0033649364369921385,0.0019474651548080147,0.00048195474810199814,0.0005500409613887313,0.00046465254190479753,0.11584106306545436,0.007082763724611141,0.0035083538154140116,0.0029714011994656175,0.00033954027603613215,0.0006528030644403771,0.005076117982389406,0.0005947310302872211,0.0012803438075934537,0.0013298868241690797,0.0015757376044348349,0.004300939559470862,0.015236313288187375,0.014852890575275524,0.0071549136453541,0.008343348046764731,0.02293989037134452,0.003147817184799351,0.008037054139367682,0.015274179819971322,0.055568887782283125,0.07822474247732317,0.0100975761844893,0.0018763813854093315,0.0010821031813975424,0.004170909652020782,0.0009399497619597241,0.0026003296195995064,,,,,,,,,,,,,,,,,,,,,,
class1,SLA-1*15:03,SLA-1,5,0.006293420644942671,0.22181308318395168,0.006791675692147692,0.001547368071624078,0.03339900500141084,0.15540217903908343,0.0023967082175659015,0.0006869145581731573,0.007119553659867961,0.005572481758190406,0.0007619420095579699,0.0025367841553816106,0.001962230451317737,0.09275526425208228,0.021318819151201752,0.0023400826030410826,0.0009664100027293899,0.0009066692016858724,0.0005356121646400425,0.0027986096276436,0.0009203197361784988,0.010775385578017448,0.0006364738073898479,0.0007750137949187775,0.0005011653899600788,0.0005040923836531874,0.04779930433141999,0.0018215157091617585,0.0008971350791398436,0.0007728978525847197,0.0006398483197699534,0.0006615666072320892,0.0006737939616868971,0.000373957006377168,0.0004421579182235291,0.0003995141659970614,0.0007334248348342953,0.0032196855114307254,0.019253384858893698,0.00040931098883447705,0.0027656048827338965,0.0004109254703507759,0.009828093262331094,0.16912778613259433,0.010242812336855422,0.001840331096900627,0.12172472362872214,0.003910476828878018,0.002886679968651151,0.004213058289315086,0.0076425584789831195,0.0004631686824723147,0.0035782729464699514,0.0012507292631198652,,,,,,,,,,,,,,,,,,,,,,
class1,SLA-12*03:01,SLA-12,5,0.004048544261604547,0.006423474103212356,0.0681780066806823,0.007584274921100587,0.049861163739115,0.05688001798698679,0.05311993365176022,0.007153176725842059,0.013471110635146033,0.009974278963636608,0.020967701339395718,0.03290575018618256,0.006347466539591551,0.0112875712569803,0.022891713958233594,0.004636864122585393,0.009798084560316056,0.008441063563805074,0.011118983617052436,0.002793197121354751,0.012420300301164389,0.00939492714824155,0.0010765588958747685,0.011478763516061008,0.006847056292463094,0.0024284055805765094,0.006992972553416621,0.045772115769796076,0.007973979946109466,0.020246675075031816,0.006269400008022785,0.007204041758086532,0.01168580368394032,0.005976556148380041,0.010547232092358172,0.009665488707832992,0.006081098213326186,0.01845551636070013,0.007072374160634354,0.006305232178419828,0.024870938528329133,0.016637189887114802,0.00205756812938489,0.014840626264049205,0.04765842952765524,0.0029915395192801953,0.004143677769025089,0.06871738118643407,0.029221588105428964,0.022129104728810488,0.016392277961131185,0.07566039827652275,0.047405838826671244,0.005496581224724651,,,,,,,,,,,,,,,,,,,,,,
class1,SLA-12*01:01,SLA-12,5,0.00257437233813107,0.009260931215249003,0.0824314977042377,0.003263816377148032,0.02368453093804419,0.03647572588524781,0.09394692562054843,0.006698792870156467,0.0187248411035398,0.003708480205386877,0.002950221434002742,0.014470863272435963,0.00901083997450769,0.03779692326206714,0.015490347193554044,0.006788691820111126,0.011550470301881433,0.009498279727995395,0.00834822584874928,0.01177105454262346,0.019067656749393792,0.010022385598858818,0.00137344518880127,0.01146244629053399,0.009274964476935566,0.002392113133100793,0.029663641865045064,0.054046113463118675,0.008912800885445904,0.0095349442679435,0.007511601503938437,0.009647159045562148,0.011672943527810276,0.014995153027120978,0.010967047081794589,0.005692120851017534,0.006330075272126123,0.04230375699698925,0.025112553429789842,0.004520079679787159,0.008104660827666522,0.014944064023438841,0.0019658628763863815,0.015739661248517223,0.03617880617966875,0.0021452274639159443,0.001320968232175801,0.04406800058495719,0.008268869901075959,0.019974501384422184,0.017294971749652176,0.06241076567675918,0.0582855035783723,0.006349286297336221,,,,,,,,,,,,,,,,,,,,,,
class1,SLA-3*05:03:02,SLA-3,5,0.056601627822965385,0.03183310067397542,0.060643438756233084,0.006622709915973246,0.001982535482966341,0.012994556306512094,0.0011674129229504616,0.00046113389980746434,0.00037434382229548644,0.0003905042412952753,0.00021996106515871362,0.0010908501310041175,0.0011910488534340401,0.004675486165797338,0.0004415068891830742,0.02718663449632004,0.03165896679274738,0.032081678556278345,0.00828332091732591,0.01909220227971673,0.03783180050377268,0.010182337334845215,0.01022635998087935,0.01683450774871744,0.002517364853338222,0.005428800352638064,0.2470440623466857,0.028363458579406142,0.010104323423001915,0.004093580599874258,0.010834960442298324,0.03137673924065894,0.0013174412277294322,0.00481088797096163,0.00670119930873625,0.027889904532548825,0.0294818156538895,0.003604004127555527,0.025996266603942785,0.11787602124968544,0.0018069431069307029,0.00047433930158149453,0.003815040287008742,0.002035938075277954,0.002806016454269411,0.01565482561418321,0.01949068355606869,0.010669484786740213,0.0004702011639892589,0.0012040618370519952,0.0011292965478787663,0.0015225956274662166,0.0018096690153470262,0.0056020579999312755,,,,,,,,,,,,,,,,,,,,,,
class1,SLA-6*10:01,SLA-6,5,0.006289973229286261,0.0017744176371706998,0.0010366597562097013,0.0015481407710467466,0.0127761188254226,0.03194849377905484,0.008966433862224222,0.009278336109127849,0.002253588117309846,0.001814085803925991,0.0029646047449205072,0.004970006505027413,0.0026812509939190933,0.0014712793607031926,0.006936148810200393,0.003402824199292809,0.011132108344463631,0.027504406514344736,0.034462191272177735,0.0004933589130814653,0.0023892240205896087,0.12799510713666679,0.0006131488509709016,0.06707537770271302,0.016651025938335805,0.012325082478491822,0.13483093328541146,0.012634540535509586,0.004631410550791771,0.0018755240977043285,0.02732608634978533,0.024563309969380498,0.0017371546007780125,0.01200350223807618,0.006431669826270081,0.017890108766732738,0.028442435926990584,0.008005268638953567,0.007460473547689616,0.12133410600945353,0.0244520494248718,0.006998289551120251,0.00205584049999743,0.009819106326904147,0.0038551997451577334,0.0010455643590830733,0.02959093665194814,0.004204676079098135,0.0013726203993428498,0.03401095422450453,0.00897216035227757,0.010177270940039307,0.04386499240063131,0.009660422662273049,,,,,,,,,,,,,,,,,,,,,,
class1,SLA-1*11:11,SLA-1,5,0.015385025949217378,0.02126842732541263,0.014204057212918998,0.016054890028317458,0.014396672465954908,0.14017945897649042,0.005854021024424583,0.0024032860063016416,0.0076763173594372345,0.0017870212672278286,0.0006218701921170578,0.003374489035923034,0.0011367453553248197,0.014283398189581931,0.0023410521796904506,0.06412496971897781,0.019948996801394968,0.004301162183401175,0.03008409700451011,0.005534959572833032,0.007176932090078481,0.03253187785448972,0.0007059740310069174,0.032197230217570906,0.012407762907241705,0.002466144179197727,0.032524279621429744,0.0499679280212149,0.0017127508064731956,0.005909260001499206,0.007966092706192284,0.011745294160209595,0.004200619290350005,0.0027881851186975838,0.006038661475759,0.004701217708134209,0.01577193469274789,0.026567612658254802,0.023999914330488537,0.007418609176238533,0.04124776986427605,0.008828155626542867,0.03053191357757896,0.004918121447553858,0.03874376545227278,0.031180899403989316,0.030701096833217888,0.031216276097256922,0.008957874809857458,0.027833695418667048,0.01602134727872908,0.013193611789029091,0.028412566834595053,0.014453727577347308,,,,,,,,,,,,,,,,,,,,,,
class1,SLA-3*04:08,SLA-3,5,0.03283229897497222,0.07279200483026216,0.1065748242137488,0.002177489182213321,0.024377653101691977,0.07217237785225734,0.009203332604374736,0.0047306838263466485,0.18963643711867917,0.06049195574887563,0.008949832653161138,0.016624481316830496,0.008231282543420093,0.008055861084721982,0.029075803200248627,0.0023225886820000597,0.011044103698804975,0.00046995174197945745,0.0017252553072466981,0.0011876987584400922,0.0020837111806031317,0.011438259275746532,0.00019237145606894047,0.0017715643523843027,0.002246754851876176,0.0006820781294891276,0.11065302325878293,0.0025542841627611778,0.0008737740237847902,0.007930090843001381,0.0010478136809979333,0.0008834111296891934,0.0010400125065643806,0.0004652294290281134,0.0015248282899847255,0.002559526973254833,0.0012166227426860133,0.0035351179001736456,0.033853128689133885,0.0006139827361039352,0.010525448864791542,0.002242788998410106,0.003789345209406747,0.005853575808305323,0.03511595501986449,0.005079286347609013,0.006696213339455426,0.0036037091390426212,0.009398184962992672,0.009292832389473916,0.0362412073474843,0.008973491526921862,0.010145558659132803,0.0032008911774028094,,,,,,,,,,,,,,,,,,,,,,
class1,SLA-3*05:08,SLA-3,5,0.054867202357854694,0.03164526119653601,0.060349961364408955,0.006728922628099099,0.001974110506125726,0.013960951915942132,0.0012581100862007588,0.0004915585202979855,0.0003622630149038741,0.0003898080238286639,0.0002472150226822123,0.0010329804994398729,0.0014217960469977697,0.004506254312582314,0.00048059968394227327,0.02707148063345812,0.03451033513993025,0.033092793801915835,0.007885256740337354,0.018176299380138518,0.035950756099191496,0.009328355279285461,0.00993120513157919,0.013382186059607193,0.0026298569999198664,0.005982513737853879,0.23869774551130832,0.028789570182561876,0.010355095332488417,0.003997041587717831,0.0094370082806563,0.028843502821109722,0.0014326175587484613,0.004836436358164065,0.007390313968062401,0.02940410802139013,0.029948027004502366,0.0034334871437749826,0.025326502286770847,0.1346661661635153,0.0017494124127551912,0.0004616922640707344,0.0037061336559418125,0.001972610701341182,0.002733607544359984,0.015409056376665831,0.019058226642664523,0.010280240760585002,0.0004479429713683203,0.0011327448475640268,0.0009588844870449976,0.001435098412912339,0.0014480167999863624,0.004990691400598735,,,,,,,,,,,,,,,,,,,,,,
class1,SLA-3*05:07,SLA-3,5,0.05770033305743709,0.03151307394145988,0.059467774743097834,0.006675388297298923,0.0016895642183953896,0.01325776891899295,0.0011698936781613157,0.0007335686575970612,0.00035543358026188796,0.0003510733738949057,0.0002502517032553442,0.0010255053974105976,0.0015964285950758495,0.00485673169605434,0.0005168473697267472,0.02794532529078424,0.038198636332526806,0.03375804599345429,0.007948896576272091,0.027996264211833478,0.02674531667435076,0.008175780487363227,0.014964296866673976,0.015747180543257855,0.0023085504421032966,0.004973732464077329,0.22765729868551715,0.027175122825428843,0.01010806643171236,0.0054910971521167085,0.01024599917800515,0.02979905413230881,0.0011093086563050748,0.00503894739667885,0.005723169828706886,0.025880776287158368,0.026797747617638378,0.003451115840289276,0.03437148317043466,0.13016667192569004,0.0017688498308416456,0.0005338363494956866,0.00424934571274207,0.001871737081091851,0.0028533739630802303,0.013602912801434285,0.02106495730113238,0.010805643003914156,0.0005020712720579468,0.0010642862733220681,0.00094870466273278,0.0014120718202320858,0.0014369540629559196,0.00494773630052805,,,,,,,,,,,,,,,,,,,,,,
class1,SLA-1*08:18,SLA-1,5,0.028024813230149447,0.036326946664485146,0.011668607451429124,0.005045433779014274,0.000921999619458802,0.009793902320598135,0.002127642813138664,0.0005142185131262522,0.000749099636595929,0.00026374467488494703,0.0003872094239341095,0.0006753517183824443,0.0009549994429107755,0.003520941303577274,0.0003549290282535367,0.05155978810507804,0.020928442105650903,0.0085276328609325,0.0008284310577437281,0.11528267534449696,0.007429695571772754,0.017830958246486263,0.009830754401627928,0.0025796543864998966,0.000480709619296249,0.0009110837912885472,0.2695990786654875,0.04763627396896482,0.004033289395738393,0.003039128158707172,0.0016851218621013685,0.007057747535873205,0.004115617508068681,0.0026291728485375644,0.00199253159807995,0.005402000527828932,0.006695265596499666,0.004153048279113137,0.03216523163682723,0.07333803395740687,0.009824461614334723,0.005122070532524958,0.02197103519574739,0.004894506622804329,0.011990625617909246,0.005139707590569742,0.00864654676988721,0.09827498470549471,0.011718671004200588,0.0015053921088110656,0.0023079449296346866,0.012792557830107399,0.0010599150351481511,0.00369039400247857,,,,,,,,,,,,,,,,,,,,,,
class1,SLA-1*14:04,SLA-1,5,0.005070465766766574,0.012983220876867563,0.005283017986221239,0.0013980585403260194,0.0812886326923035,0.03186365368383122,0.018351223692297934,0.005596263485495001,0.05753209891263396,0.026601130433846265,0.012652049504686147,0.014766149455681443,0.0038835607760120184,0.02961823369259946,0.03481615331838839,0.00033331243321299553,0.006276604649610817,0.0037120240041986106,0.03582822922617197,0.001749883295269683,0.00943800733948592,0.0036617614416172726,0.00020322951204434502,0.010044633178040385,0.016747382306493818,0.01399247648078017,0.055689238135528285,0.01099052719946485,0.0008189397081878269,0.05983919338323176,0.0069973198413208594,0.006242567150911782,0.0004557850945275277,0.0028044769249390812,0.006214694702066481,0.013984674389939755,0.02328580912144389,0.025056618987582623,0.018308248360699508,0.005444956939027179,0.02858660035999492,0.0034734528744593263,0.0005066722536867019,0.004104025579727022,0.005846106173703447,0.01841039598803036,0.0007990613106812816,0.0041468186653219165,0.12824725537357154,0.03825560193072306,0.019692581985145806,0.014586485084146261,0.048863351496402176,0.004657073623093311,,,,,,,,,,,,,,,,,,,,,,
class1,SLA-1*14:05,SLA-1,5,0.006715745237306692,0.015978936901819906,0.01673546794336289,0.014810312194458674,0.005440931406337768,0.004615204107540194,0.011632910603657365,0.3589473770232871,0.026206407905556263,0.004951246548444033,0.005361035297391936,0.006296830368228257,0.08540003076195717,0.0756592339501367,0.08901676507666707,0.005242574423391488,0.09697137074981584,0.0011771700606914236,0.001436700887279585,0.007859645522694336,0.004706415894906968,0.0009946126025170087,0.0035460314044030382,0.002418257048702799,0.0006515198212582618,0.0027268120291410016,0.025239451570087112,0.003280190888835932,0.010517669018008746,0.0016334396321326494,0.0012609373079612851,0.0011897410644451157,0.00043869302317034453,0.001880925943260081,0.001165092084556818,0.0007018364616669714,0.0005735238926718011,0.00527773849607911,0.0015809256001375616,0.010149761626962572,0.0017237795633263885,0.00911743612959981,0.009042569837038172,0.0036412027264304926,0.0041435679537244145,0.002554238761331362,0.0008091158983006608,0.016777387166803236,0.002034524562623119,0.00027897140535060316,0.018821656581712885,0.0016890722792595625,0.007682352734263986,0.0012946617891429924,,,,,,,,,,,,,,,,,,,,,,
class1,SLA-2*07:06,SLA-2,5,0.02501211976632476,0.030914422597561497,0.10002003184636124,0.005975610559107736,0.005055707925930619,0.29995529712177815,0.00333078644471243,0.0012752662718412467,0.02516128283368744,0.17967767836526036,0.0018735063495114446,0.0033051081729354335,0.004257901024539023,0.010091580916196108,0.02239192729757633,0.009919468517182395,0.034883294012979606,0.0013080791519314515,0.0009463962616791833,0.0031237055169185623,0.0026720634137745946,0.0017904220934724436,0.0013715218286961318,0.0006808845886553172,0.0010372002856456676,0.00029638557125508667,0.07434413738374132,0.0021794524662254846,0.0018593606306239962,0.00042995392286684366,0.0007078187445586082,0.000294275168562308,0.001738708269840572,0.0004361969607998617,0.0003760731749935076,0.0005050383753768984,0.0003832240186966374,0.002002133903442882,0.002776715691652498,0.000568619288969785,0.005121754738502205,0.0004006699047749862,0.01823764074870269,0.04022964714677073,0.01639811478617048,0.0032040572026744486,0.0029566286015324295,0.021610912146752526,0.005568467668490484,0.011269316395191709,0.004914112575352192,0.00029535925423260776,0.0037439076222653966,0.001120060810353607,,,,,,,,,,,,,,,,,,,,,,
class1,SLA-2*01:03,SLA-2,5,0.020087685668841004,0.06786001604632474,0.027737303520552814,0.0059945937973679975,0.017825158103369175,0.015974815282970668,0.015607186814304442,0.007456106864265166,0.058542875447892585,0.04683321027550846,0.0027758719166740774,0.020705273136263712,0.00735779267270118,0.056065618339926,0.0230264037149027,0.007884369674138724,0.12295256708166562,0.005985538399545476,0.012044390608207323,0.005980657512554899,0.017629024453344754,0.004893527110107243,0.0009175106883049011,0.004636697226669639,0.0047825697343796495,0.0011946002006880008,0.07171416308847256,0.05154044278897345,0.004013848096656147,0.002351155367796309,0.0026287799104466104,0.0025661088031483812,0.0010587866068817674,0.0030328133900184183,0.0014830038126092404,0.0026616275412379765,0.0032266437032376417,0.009321981127141044,0.013966964737483068,0.0070533169258851555,0.011415238818153739,0.0019450363412033766,0.0020538153767120093,0.025513816491002216,0.05429459137521917,0.003017313010059297,0.0024837310367729513,0.010741522361058742,0.008124345513351727,0.05479903797386214,0.026976761501282455,0.0023338484519626946,0.032761969009879974,0.004167950054397807,,,,,,,,,,,,,,,,,,,,,,
class1,SLA-2*08:07,SLA-2,5,0.002712602901738137,0.009924675105139613,0.004145893345412333,0.0015496890518988948,0.012435567833017558,0.008353158485260793,0.008320842002285644,0.0010154727584449573,0.0024887526778911706,0.0009121777926338837,0.0007106787583325058,0.002804859325988218,0.004296484659425915,0.004317769152112305,0.0019217575434595346,0.010988126049051061,0.03370185601670528,0.008756388141773642,0.023706321115605535,0.004148879172862508,0.012967621986899758,0.03309639620129019,0.0006452805930166506,0.07163780247792602,0.011910877155605704,0.006293370830826461,0.22024529768386855,0.15761257903650402,0.0023105659463908525,0.002484805474523455,0.02561996807344258,0.046472536935471,0.0012506340484833346,0.006222387845627964,0.007910003571305424,0.023486023957957514,0.019999052956700326,0.006349791574757546,0.011081895738607272,0.009722817316651344,0.019086796417832376,0.005653011152753606,0.0049853912212711295,0.0025695625685330016,0.031087096818373537,0.003408228120679269,0.0020295340014854445,0.049519788185716604,0.001588757467106916,0.005692349141463637,0.013494844560045748,0.010737640503793954,0.01944245082559064,0.006172893894836306,,,,,,,,,,,,,,,,,,,,,,
class1,SLA-2*13:03,SLA-2,5,0.02525346032343805,0.012439454696141184,0.388168728351593,0.17761720940470696,0.0021662843646481633,0.022785496478900314,0.006133090157527476,0.015474363711837214,0.008702461230859626,0.013100424435106107,0.008673486400221008,0.0016366169395041652,0.0021916859084740283,0.1734743308275938,0.0314890782115981,0.003491897939238697,0.001959423429798335,0.0023980814279639163,0.0005944998498307541,0.0036564136622473597,0.0023888760028057733,0.0005564734557992779,0.0019883163651684297,0.0006759788608178497,0.0005284769005811541,0.00025963084335671737,0.0359897932226886,0.0016083715890999883,0.007849785083817552,0.0007355447552981787,0.000828014628496021,0.0003856951967463829,0.001801519689615816,0.001756949238188099,0.00044492958986666056,0.000318298153069918,0.00012178635479358491,0.005921746203966904,0.006695392133951828,0.004219159187050537,0.0007980313508596737,0.0005857999298314098,0.0005123321123392088,0.008355727314483374,0.001474049901298713,0.0027065022470196707,0.002139263063145336,0.0013536676156945759,0.0015623928366039763,0.0016049793994170614,0.0013446813565678895,0.00012361333829176148,0.00042187555081909525,0.0005358944181352854,,,,,,,,,,,,,,,,,,,,,,
class1,SLA-2*05:08,SLA-2,5,0.0042988553759641945,0.02770274915965274,0.03437775953207165,0.002614707709290087,0.031053834315389394,0.07861067592166364,0.009786196670029312,0.00045761885776300914,0.00407234007579973,0.0012519667972810567,0.0019210729020414873,0.0035037103487411516,0.0015456413297215477,0.013647419630433432,0.0011785435897763818,0.01105461637780536,0.005930998556141276,0.006074724101927132,0.008184355596313253,0.010447943792678415,0.0016944786621024832,0.034662941959686576,0.0011975707646342925,0.007119082810822875,0.0033824732825451067,0.002115508041333669,0.1698460443993099,0.007342604966834187,0.0018595241010189057,0.016498654731549323,0.009741100066457875,0.010628274537157267,0.007233670361165423,0.009220042146625928,0.005925694932375336,0.007921834231092361,0.011085171036938846,0.06877818452194333,0.07965615863795392,0.01977747504133731,0.0059530485421419145,0.002093981692451052,0.009500318232494465,0.007399544733198126,0.03190441087099316,0.029493280104361475,0.023893618793226778,0.0756122232944108,0.0020857419913227204,0.019531168753746896,0.014607743336819112,0.004229195503285155,0.03359239031560719,0.006701080081984401,,,,,,,,,,,,,,,,,,,,,,
class1,SLA-2*06:16,SLA-2,5,0.008417276674299501,0.0037586243473924697,0.0002551544428570196,0.0009314024842751678,0.0053997885042917915,0.00592858905220055,0.0020257724216207864,0.0008848521363688632,0.0014521681283440556,0.0005393372564867604,0.00040375940734520553,0.0016102855181088672,0.0009886740564979846,0.0031388115326990373,0.0006140866331406869,0.004193582993320888,0.0017889803828438744,0.006392231068457477,0.022583038738230244,0.002313077764119953,0.002994302168372087,0.03973214537836611,0.0005599283911578822,0.04389560995623469,0.007312058680690825,0.0019478704465655029,0.3600137061454006,0.053540120087563994,0.0023199857969302684,0.0030279625381808726,0.059201366384513676,0.11217690992634743,0.0008094710494333413,0.008663357683690264,0.0037042401174403492,0.017938002861774292,0.022889777075033636,0.0044115190044976774,0.022340783913386987,0.00861999113112688,0.008229353127535432,0.006791511621850077,0.01249625307682436,0.0060146098177938255,0.004809343761371565,0.002938943239132641,0.010204015250201337,0.035834925296512665,0.004468583723610209,0.01325693805119954,0.011278740736634063,0.010132216475903988,0.015247945982264356,0.00857806471758522,,,,,,,,,,,,,,,,,,,,,,
class1,SLA-3*06:03,SLA-3,5,0.048765623546205464,0.17176797739084576,0.09558626193902456,0.004420500743435696,0.028644223397714087,0.026658763433806597,0.006192473584087565,0.0058936352448654365,0.1304932180511969,0.02265142907417612,0.0016236322582699359,0.006320370221510529,0.0037730614247266205,0.02168999782879837,0.04676234469807241,0.014120324028772302,0.008845028228824959,0.0003266387135226978,0.000989601579021837,0.011415335432320716,0.004917371406918392,0.0026363164754002353,0.0010414221840619575,0.0006158715346828103,0.0005239065925707109,0.0006175191258989798,0.05010160332894884,0.001968208095058799,0.0024668907281011343,0.008138274843804538,0.0005064696557383286,0.0009319460696133319,0.003625652671325952,0.0008575943305913824,0.004361474929464748,0.0008531320490419603,0.0016448052443593041,0.009263191788340919,0.0434528045298066,0.0014500412820780185,0.0032631085021421315,0.05049381601274945,0.031188302210648545,0.0014227184025003225,0.006652460464101751,0.008256003831047565,0.03170974582899362,0.03360205677499835,0.010144489671802148,0.0006332750373985619,0.002463670336874202,0.015403989853075473,0.0057759165589232,0.0020755118282977493,,,,,,,,,,,,,,,,,,,,,,
class1,SLA-2*10:09,SLA-2,5,0.04239343551453203,0.04283691161544993,0.03142799568304326,0.003582865954376757,0.005526020418619737,0.003694399714004248,0.008198893669759854,0.001619186589960009,0.003118944448124239,0.00047262227817554956,0.0004657014360418543,0.0019404873833991586,0.0037620951028657147,0.0222843586030649,0.0009477982646785676,0.023491929640294985,0.022663042636122555,0.04658665187307633,0.00505869920598343,0.1903893319889903,0.0031296334695070983,0.023793052264954893,0.0017190635669976472,0.023491907288553195,0.0027005302763427608,0.0037631805578712376,0.16670432316605002,0.016029524616897106,0.0030376515118405224,0.0058730199001729485,0.013311915085068904,0.017015102895675226,0.002304230385925621,0.010049508645897732,0.003882238692312967,0.016178229502656905,0.019339796580607072,0.00984420026652515,0.02914465420108172,0.011761125107295812,0.0017176428635139018,0.005256426415871829,0.0638132578053046,0.002745423019223381,0.009117356621936778,0.0023469796928111465,0.00924224522022996,0.026827313232206506,0.01067739494901616,0.0011439950147178024,0.00809843816095963,0.003648409587913193,0.0068306007364299145,0.005000237084459513,,,,,,,,,,,,,,,,,,,,,,
class1,SLA-2*20:01,SLA-2,5,0.018205745797604322,0.010745563526870682,0.30032298342557623,0.019415807136101648,0.0026729119002993685,0.0007703709707129747,0.007324340776540339,0.007647385817836039,0.0015866393092437646,0.0018369626661296934,0.006213763034611475,0.001700320449162973,0.017839187667414082,0.016791752609424292,0.00887261345051229,0.10922243211534806,0.0061994374031201,0.0032080276010674424,0.018480596248991787,0.0009706510305477423,0.00024305984006787185,0.05403998723486438,0.00046923604459152556,0.01035733109602006,0.0016183621584787034,0.008320881784311496,0.02130597889336059,0.0033946285024285317,0.0014539463086293836,0.0013561191561166197,0.002278536133962916,0.0022618143644649535,0.0010440948652103543,0.012986411086603766,0.004375363906001439,0.06499954464379698,0.01640494295497774,0.0009948588576662587,0.0009366849628349883,0.12080516145797446,0.0027626646609860473,0.01053821303685254,0.01331517375401745,0.023280635381524917,0.008738947234814987,0.0014959156251279637,0.001150686268147183,0.0034111643326468766,0.0018478245121059445,0.0011365222970198374,0.03360431164037436,0.0005832729446410667,0.006590018422866706,0.0018702193148783409,,,,,,,,,,,,,,,,,,,,,,
class1,SLA-2*19:01,SLA-2,5,0.004247208632295951,0.043982045534357896,0.00945671596127795,0.0007670176826650276,0.10101839865092188,0.003441017160366755,0.025259748997632413,0.0036176889661874156,0.014225676251226105,0.0022535377356689423,0.0037709080846980215,0.005815341067500412,0.002496251609409228,0.0013556606834754347,0.0020661708113038912,0.014423909009201452,0.02838836540468037,0.006182610130053945,0.014941615669522434,0.005841130946646444,0.004240905999904498,0.015875886473804713,0.000780341036443133,0.01050168656220194,0.0030163825809722765,0.0030834791308734567,0.07070437954680528,0.0201369327143766,0.002045956657093484,0.04666871754452586,0.0037280360018485227,0.00967121694702655,0.003003722040739376,0.003054547987994738,0.008189611256239005,0.020901604450773447,0.024744902209204157,0.008972063779947349,0.037814236820850056,0.06760150281479582,0.03244536006823182,0.005547189339995384,0.035064922441961244,0.00504271479039744,0.0034100995733751917,0.012971946119796485,0.0026680419337935745,0.15214491342776454,0.011381733815505867,0.02260591199155897,0.005168715585023164,0.021619195630773903,0.024837477237451822,0.006804646132513881,,,,,,,,,,,,,,,,,,,,,,
class1,SLA-1*19:03,SLA-1,5,0.04890636403579265,0.001411638869831222,0.1574581740424037,0.04981932177906856,0.012117556344310287,0.002022741307155229,0.007324757124297321,0.08732152595184743,0.2533154879347421,0.0815927879884839,0.06324170754669467,0.005530459729197901,0.00448699650587514,0.04029981270432472,0.07911390285007655,0.002926737302186666,0.0015647754382371204,0.0008818833171972074,0.002623119734926149,0.0005171470773348119,0.001158943835343962,0.00020154157973593101,0.0003088402068897267,0.001324258450040361,0.0008786416715338419,0.0005098264216940151,0.0031391939337481745,0.0004947665496729314,0.0007663776188564953,0.0033535073103848844,0.0009611885616322979,0.0003303589997813106,0.0006183896920447296,0.000581300535122864,0.00030928680644137785,0.0004035208774439525,0.0002675558731425554,0.001533033506711945,0.0009009408633573913,0.0025093121839745436,0.001959623931907117,0.0009000970836495981,0.0005151545410626568,0.0011790009626565733,0.006003581882396247,0.05351991309580626,0.00023248515899467747,0.0008721218488062732,0.004840214222349459,0.001049537468861672,0.0031058858963660895,0.0007180550979683176,0.0014089396107010543,0.0006676964840153232,,,,,,,,,,,,,,,,,,,,,,
class1,SLA-3*03:12,SLA-3,5,0.03522968570468947,0.028071735054254532,0.1377714364138228,0.009865514311240987,0.020030650962144136,0.01273287401854759,0.00203790859086439,0.0016930876687183626,0.12203474009802448,0.027334713687741895,0.005813837086316198,0.013051474624080583,0.0017226063577254536,0.0027198393654543906,0.0026383969285234342,0.18353244016179815,0.02275863993563689,0.000808865580620477,0.0008783567303908057,0.030597185343503953,0.0010533934659179068,0.043718443403486164,0.0006058198152459227,0.0006498866772744804,0.0007129355391953141,0.0010835889119334753,0.1640363475162303,0.0011834906064905227,0.0012458083358069417,0.002566981190466322,0.0003566600047633983,0.0005707023614377249,0.0008436014992184937,0.0003472530304861721,0.0009242414838809054,0.0033329192347082426,0.004340994470476289,0.002591441650292836,0.006275924299552571,0.007081963709970296,0.00235707150422968,0.000932720881246496,0.006340927024939447,0.014721942094911355,0.0013316805147042033,0.008229465555632486,0.02100556072546169,0.004164979778852285,0.011762631745386897,0.005128458874241915,0.012000388986780307,0.002014581535331672,0.0026464691502042113,0.002516725705936551,,,,,,,,,,,,,,,,,,,,,,
class1,SLA-3*03:11,SLA-3,5,0.06073932991130278,0.013934792164945975,0.16685500356834382,0.003700349468272179,0.024470324499998242,0.005696326988982037,0.01248505745898001,0.0036926117201801388,0.008406242711498636,0.0029695940873352812,0.0019125097380310763,0.005974565472570248,0.008207294021485723,0.1022077776840888,0.0033774416195228698,0.022109401313355193,0.00507590773049742,0.0032195481995586305,0.039861432428006084,0.0063458822318352755,0.0011688467689964454,0.031237044939916813,0.0008261487702839077,0.005692918335262221,0.00618176418074654,0.005362615403373639,0.1604570246228832,0.029891920648515223,0.0016152869735378771,0.006742408408899792,0.019682955057214714,0.021142572356620804,0.0009683792530267965,0.009630389836092944,0.007615151227219031,0.017923638937645592,0.019301575744975707,0.005304112211160827,0.00975574792964835,0.04525699753430672,0.005464677861891687,0.0029977667378261685,0.004791872425266774,0.0031737991914269513,0.00731012795749848,0.004626257331256056,0.004174411933490774,0.011796380075247725,0.0027571199332669495,0.007061748153500957,0.012172452552476898,0.006187424269955955,0.015673474861978322,0.004813617974286899,,,,,,,,,,,,,,,,,,,,,,
class1,SLA-11*01:01,SLA-11,5,0.011465992231387645,0.09483151393942535,0.017189814732410012,0.0025747523410245775,0.030732799880206586,0.024500914878444746,0.02273898150306195,0.00510059128064313,0.03447914273128845,0.008506074111210182,0.005035214382223785,0.0060769984847866,0.006043431784200947,0.009689934219932184,0.0068006357178092,0.01095143739366904,0.02045695433043875,0.02135757317300886,0.02026581152167637,0.0029202550649642944,0.0006648461625445634,0.0398182857548818,0.0005911706422921271,0.017478357278741898,0.0070807897805934775,0.004506232867970539,0.1497905608790461,0.011262607481330632,0.003908869280712679,0.01952995014144108,0.019311510225816165,0.020329005538951606,0.0037728031047663535,0.013331766903866083,0.008381452146568335,0.024093222696683368,0.027860025607515125,0.01571102428715676,0.0360264737289981,0.021210455195978285,0.012076704041101038,0.014938943099696188,0.01535262671604869,0.0034286992682609706,0.00596085136057809,0.0014759266763576307,0.0017515457817353307,0.04543498537332198,0.005189985644028639,0.005340044511831366,0.013199497933965177,0.023746053484501317,0.03619201316032559,0.009533920179819688,,,,,,,,,,,,,,,,,,,,,,
class1,SLA-2*05:09,SLA-2,5,0.003100077959243208,0.007293013005983085,0.002341776313551236,0.005214940448058769,0.01804327229037881,0.2726053135935217,0.008287267433479429,0.0006306814837444108,0.002765963687124895,0.0023130094006774014,0.0018072750826831907,0.0060408112476579845,0.0016558250033995136,0.00374614296015352,0.003460082336096093,0.0022618723858613523,0.010606270213611425,0.00845984919142211,0.015456257217010716,0.002439096081070602,0.002769458066904917,0.03818212118931115,0.0007975233573233708,0.03416947317309678,0.011234567320207134,0.002287816833995748,0.043710003123851496,0.023689975764136763,0.0016638460976537317,0.0029875760548748074,0.013113334542140365,0.016253776440862566,0.010381484103709227,0.008281298272777349,0.008970471369684674,0.011362753547291504,0.017290861066430806,0.025876408349722622,0.05718284543254413,0.006108958055847324,0.050018254574388264,0.003690785961225629,0.002393259913151269,0.007093926510424353,0.01220918426135995,0.021304456674261018,0.024112340912688525,0.03953509282764571,0.002822229845332913,0.06517656208307017,0.004885333386482671,0.021440559613984077,0.018757969079888425,0.011716715293005109,,,,,,,,,,,,,,,,,,,,,,
class1,SLA-9*02:01,SLA-9,5,0.014912331709638238,0.014331232383847236,0.0706925226666499,0.0189828535891138,0.005069186841137707,0.008932743215700612,0.0034441635420080275,0.007112569478340447,0.010346413683146238,0.01685019936412573,0.02842135956743732,0.011005153803853317,0.0059379393409471955,0.01387077335966751,0.04864829652942717,0.017394785839132964,0.01798035732936114,0.009073475727927872,0.004133857425767928,0.016335414350032808,0.051047164713963866,0.01130355808418244,0.015515547990798951,0.005313222692348063,0.0038570959586650133,0.007261920650489628,0.020071563310921192,0.0033030347898602487,0.043579142866656186,0.003366925858426839,0.001733032229822129,0.0020927236066199837,0.02107038483954966,0.005627389065921307,0.0024319702526554464,0.007929705717833713,0.004795392497908324,0.018651553941890598,0.003360739047639072,0.013370909786317497,0.0192763046361506,0.030181817850098012,0.018229000736027956,0.047578622284345326,0.01956662004813552,0.021372673352016137,0.02587698753341101,0.12125348928530003,0.049953974199888763,0.021551103903038892,0.012207397050224245,0.01329979477231973,0.007846832787618042,0.002646800933871418,,,,,,,,,,,,,,,,,,,,,,
class1,SLA-9*05:01,SLA-9,5,0.010042540822178125,0.013343883107881992,0.02661596928664949,0.010331908037187532,0.0026860146201215683,0.00384681056602858,0.0028280009923037142,0.0024093899875879286,0.0073853574664099145,0.008568911266047507,0.007073063356801868,0.005898519011680037,0.004503610217943788,0.010142578603699803,0.005544197640847415,0.020710980871808716,0.012970747740473599,0.006891169620212167,0.0036927609107806347,0.04018717114813626,0.03923149520996958,0.006426555053485572,0.008156128646805882,0.0025067546957870945,0.0022631728905253114,0.004014118172926828,0.008056334592401982,0.0035270832246169447,0.1822819910477847,0.008916992211743491,0.0009471967641729861,0.002063365449430421,0.015349926974158734,0.0024066227022558452,0.001979886181652546,0.004173171090951655,0.0033166481865919196,0.0204014141112566,0.0030138324946165085,0.006825459038373083,0.013771258688575472,0.031194756209151818,0.02675419398583472,0.030454419471789153,0.028645039841649123,0.018096178693303953,0.029792773835652042,0.13448038971928328,0.08972975442011374,0.02209236679118476,0.006620784330152674,0.028617224187291866,0.0055329249647911635,0.002686192624969408,,,,,,,,,,,,,,,,,,,,,,
class1,SLA-9*04:01,SLA-9,5,0.002174399883369915,0.2233472558145877,0.0036352170282043517,0.004872157608770067,0.008995684469118715,0.010625643184175715,0.0044709405628964305,0.004575307219056413,0.009306462667882442,0.0012944249843712895,0.00458646229817532,0.004184545180760324,0.001947808323893696,0.003393974795471877,0.003313197733950801,0.0031358736985566795,0.009182309126481413,0.0072788216406479474,0.022337073685775977,0.017339016683399676,0.03327471747761592,0.004394291501375847,0.0016185143846087157,0.012297328328713775,0.010841593093937263,0.017139866249635816,0.039513067924417555,0.00960018440382555,0.009663796331733466,0.1078640429652296,0.00941819419094827,0.010121397548937238,0.002242688843398355,0.0029287075274623932,0.005903741010115482,0.004272131793550215,0.027653499532607383,0.13413128674728797,0.023216385021805765,0.005117945442907512,0.003776693032705225,0.05276755662634969,0.027692257915623485,0.0009312472277088091,0.003501115698600188,0.00400860855152132,0.008675552951171995,0.010430793808336603,0.00817533164517954,0.023258559760870413,0.0008789639483438805,0.014770746417343616,0.01668786924565211,0.0032347481668693946,,,,,,,,,,,,,,,,,,,,,,
class1,SLA-9*03:01,SLA-9,5,0.0033978462786762977,0.00706653839442879,0.013429769522917922,0.00382320920471102,0.011930679390206932,0.0026579353027045725,0.013001896964851767,0.0026000951882451774,0.052971894678194076,0.040284619067097086,0.07018320059869439,0.01200494219083339,0.006460261158645153,0.005382286233361811,0.02579669824335724,0.007466743297845824,0.004116305478964933,0.03725838518003002,0.002471780637279153,0.04040230651153252,0.003438581113005057,0.017640920376288706,0.002891472964256536,0.00943156524153892,0.004124214910189039,0.0023075871533364987,0.0018412676319712773,0.007098212093114853,0.03428020232749986,0.10093486732803285,0.009552218345925212,0.00479406033991836,0.015004873253928963,0.02321461719693616,0.007821539789438248,0.0054473962663905695,0.006729991344036535,0.21261892458423973,0.03977244878478814,0.009945659356890246,0.010427888380036165,0.001923337546759285,0.0017275318619795143,0.0009216722413839306,0.018512926839321153,0.001994043357535702,0.0033591606967092956,0.016932542646827642,0.007595988595858217,0.005207356364553562,0.003966810916790564,0.02332609085697186,0.01763527081348002,0.0048713348136516284,,,,,,,,,,,,,,,,,,,,,,
class1,SLA-11*02:01,SLA-11,5,0.010485761496238411,0.10425657625310122,0.015246457391185686,0.0028148942394182084,0.03358713248744607,0.022465341654606164,0.02572023859247565,0.005071849115483929,0.03965630720776971,0.010069515637587756,0.00570355769013986,0.006920769973658025,0.006461691700678784,0.009928719588788226,0.0064349804073572155,0.012093329045455903,0.027496138663263992,0.018191164545714855,0.02292756765964441,0.0018609572318382562,0.0005476844089571387,0.045508383261039856,0.0005762148648500443,0.01710571893490851,0.007410717196762562,0.004365972255891392,0.15004674535593948,0.00998307466506958,0.0032719887443818153,0.012361646245699376,0.017031601211056114,0.02044218819355592,0.0024073816326563246,0.009135205947677605,0.006892476338543929,0.024208350118715315,0.026600236704689452,0.012947554269339889,0.02657624290441163,0.020955735933966935,0.015044208010658621,0.015500194591004402,0.015519162365671945,0.003951006379793398,0.0057418626674916595,0.0015242880748701283,0.0018774227995891125,0.03899780271894997,0.006126935401425726,0.0058533211005851625,0.015610408002976328,0.021850039018318057,0.037131462967954575,0.009503816859796644,,,,,,,,,,,,,,,,,,,,,,
class1,SLA-9*01:01,SLA-9,5,0.0019759528746362775,0.007159582537133247,0.007147790846647695,0.003380627790465951,0.011910506105050445,0.001894228847231716,0.013048724841792137,0.002360053145093843,0.046635578823043033,0.02797050992376171,0.07418874895665795,0.016109924181364477,0.005713312805164605,0.0034183669369667767,0.03136594077805057,0.01686592256082804,0.0028898653603391723,0.013038871227763593,0.0034920456178952008,0.06746408243780025,0.003934378002304584,0.02432528251592885,0.003103088818897959,0.01091616363846697,0.006625841707864311,0.002944500936428085,0.0018197871861048043,0.008597372565418482,0.06649846772597812,0.10443450261082035,0.00963427140377462,0.005526504758745432,0.021310793693555753,0.016019501350820066,0.005654599750414491,0.006392780784517526,0.006373834994155914,0.21691427844343708,0.028788239427376537,0.005698148698138538,0.004794070307798393,0.00245345575385727,0.0016863402910530568,0.0006482594970293575,0.007030446961289271,0.0008627786131910397,0.0019783923715294806,0.016402766877581597,0.0055591985845239835,0.008318299661186756,0.003665858235399355,0.016978739092155592,0.012256740016164258,0.0038216648827074096,,,,,,,,,,,,,,,,,,,,,,
class1,SLA-3*03:13,SLA-3,5,0.0824141799705103,0.01867036884650588,0.14223692190716974,0.003112273264559917,0.011429397115716711,0.006940473572467454,0.007618506578728557,0.0035715466146939434,0.012495609564939513,0.00416154494159855,0.0013536852013203316,0.009794015082297847,0.0050638969034480395,0.009547698800452054,0.0020191423362120988,0.0437782701686956,0.010077847982756793,0.0014815197602729314,0.040007277550466826,0.007274534879252314,0.0020866803228273057,0.025344002393831035,0.0018264344602357597,0.0072068904977641065,0.009961797451978782,0.004675994576382436,0.1540463318611728,0.022780359745956956,0.00310495940502733,0.007565460100886412,0.00985797517641913,0.01632192555407528,0.0013573562348028645,0.0036704288148030175,0.007059579946508165,0.00956007628064981,0.013020934356973157,0.008241305091360118,0.010718027012626408,0.08233251178171486,0.006429464952088892,0.008109978467109613,0.020385839400842088,0.0035694652528036387,0.013385117464258656,0.004477797430809005,0.005946134956320748,0.029331502297281986,0.005940405852925323,0.018564561170933302,0.01395090326841455,0.008864698711840901,0.03135075081809191,0.005905663629528135,,,,,,,,,,,,,,,,,,,,,,
class1,SLA-3*06:04,SLA-3,5,0.04027570896432735,0.17079709186218678,0.09720857606735081,0.012391446757828817,0.006449043430620804,0.006617775559425354,0.004216140555217862,0.0010099558072397485,0.1139152268289763,0.003908660588786006,0.0012907212338177487,0.0047933242080034685,0.0022987734770140377,0.010466064902720973,0.0016093124926555903,0.08338320527109318,0.015514153882395475,0.00027512154101714257,0.011260437375858601,0.015088225633371621,0.00246585923123348,0.01832533931010403,0.0007354087370913476,0.0008523958764271811,0.0016972271148915751,0.0006378528692039254,0.05256425312254578,0.001624138653278351,0.002373045686545083,0.0034645463980268686,0.0007572778995381668,0.002078959751088405,0.0014849988569039852,0.00036856032820651306,0.0009669648643466644,0.0021926049645571767,0.0038540394378287603,0.005518500329344533,0.01484528092587425,0.001782461423863424,0.005512587632983923,0.0036861802524072117,0.02189882162201684,0.0036262130602153775,0.029956021379985032,0.01435039791977033,0.08538844354916364,0.03136977226749878,0.010146716691087932,0.023612791491905226,0.017459159292047843,0.006335151368693915,0.02236628171231132,0.0029327773198019715,,,,,,,,,,,,,,,,,,,,,,
class1,SLA-2*21:01,SLA-2,5,0.03661363525316119,0.08154006827098784,0.3823689479380846,0.0199756441405043,0.02004240316746291,0.02043643199140206,0.0098249954986386,0.027298454754054548,0.06513288931892021,0.011321472702547908,0.008364060405074269,0.0025248470759834164,0.008071474847383797,0.1231619359459728,0.026740119722671808,0.0017101818630180787,0.0008311022131238133,0.0011134427157230675,0.0006611952849198133,0.0024192808658881405,0.0029348737858526873,0.004586407403257909,0.00031323645216616567,0.0015350384815974393,0.000923652221536031,0.0005037689312302973,0.03895591128166416,0.0023682831641053783,0.002773471438467823,0.004297868735011434,0.0019550356824765912,0.0007416481428663246,0.0005932272921199911,0.000985402952937875,0.0009610393753973767,0.0009784384557860904,0.0006527441015350633,0.004943863450353092,0.00744021572991187,0.0014163055297103711,0.001539749465882778,0.0026690451901231426,0.0021840036655703444,0.0028596801188541577,0.0057676133583299816,0.006571407563023967,0.0005103407583192165,0.0020130007171246687,0.0020587421906384405,0.0006244407410122222,0.014296649617608636,0.0013874436437617988,0.02628384282143088,0.0012209820954012685,,,,,,,,,,,,,,,,,,,,,,
class2,SLA-DQB1*01:01,SLA-DQB1,5,,,,,,,,,,,,,,,,,,,,,,,,,,,,,,,,,,,,,,,,,,,,,,,,,,,,,,,0.1732362219830975,0.012698061298578978,0.015184750035405158,0.01565698068588972,0.03724819873459637,0.001368419558275491,0.6013788387179375,0.0038874098332598805,0.003431761305546388,0.013908196613192559,0.0023269823752343653,0.0020253848866559564,0.0030973308137618007,0.0011607063410338015,0.0018193383002653718,0.011774786654859782,0.010419066390022635,0.06144628543406725,0.002105304051656276,0.008516084030270576,0.008685467939358205,0.008624424552544951
class2,SLA-DQB1*01:03,SLA-DQB1,5,,,,,,,,,,,,,,,,,,,,,,,,,,,,,,,,,,,,,,,,,,,,,,,,,,,,,,,0.175583765655756,0.11637319838628173,0.017754634935408832,0.016327129816636442,0.01376651767641306,0.001444697950500995,0.4950051099061966,0.00346858287230134,0.0034007738810032605,0.025154578778892756,0.0022799452533945443,0.001994891418144107,0.004768780269660056,0.0009896528557874263,0.0018054339103400706,0.015439724177122116,0.009625194501131773,0.05553795639425516,0.0044525050441734495,0.009584197215735913,0.015964112151414155,0.009278651233762503
class2,SLA-DQB1*01:04,SLA-DQB1,5,,,,,,,,,,,,,,,,,,,,,,,,,,,,,,,,,,,,,,,,,,,,,,,,,,,,,,,0.15644256316591054,0.08923542476259172,0.018866443447768687,0.012107269326224922,0.012788717402145267,0.001351402245927602,0.5855540171265602,0.00356531401630491,0.003857999440515414,0.01518002962693572,0.0022507769288495185,0.001993755321018398,0.004312601243145764,0.0011147445125970989,0.0017249572672881186,0.01283438028767705,0.00905763772316277,0.037337428983300926,0.005006477393908426,0.00867455080151558,0.006817764160223306,0.009925777348689735
class2,SLA-DQB1*01:05,SLA-DQB1,5,,,,,,,,,,,,,,,,,,,,,,,,,,,,,,,,,,,,,,,,,,,,,,,,,,,,,,,0.14277145019732415,0.2678659281693399,0.06209689378738403,0.031467088405042885,0.02879968546330929,0.0021545863477513195,0.2598753537982702,0.005451744375750423,0.004093990498222411,0.04789027804508805,0.004408114403486252,0.003716311673633754,0.006454818323254586,0.0021389194822404533,0.0034233291749842464,0.009494011057540774,0.010476299282163381,0.07384614311158658,0.003986118698958307,0.013086895179003476,0.007798698043916375,0.008703376562334598
class2,SLA-DQB1*01:06,SLA-DQB1,5,,,,,,,,,,,,,,,,,,,,,,,,,,,,,,,,,,,,,,,,,,,,,,,,,,,,,,,0.1770546522922814,0.051910429075360295,0.014105476532131433,0.01316967410966754,0.01760049145668745,0.0015796769061125816,0.513217355310917,0.003920146799646318,0.004970296029932797,0.018538209004327656,0.00251891422085464,0.002066445944365114,0.0058178128907457,0.001101214048685506,0.0017710173618979753,0.011481978348456323,0.009587995428591966,0.11006314232945442,0.005608989536995068,0.012103684432804584,0.01407580600352958,0.007736605522222817
class2,SLA-DQB1*01:02,SLA-DQB1,5,,,,,,,,,,,,,,,,,,,,,,,,,,,,,,,,,,,,,,,,,,,,,,,,,,,,,,,0.1484896594658494,0.23089469019323589,0.04911436662077904,0.013196590216830372,0.023903838358819485,0.0018631622078828514,0.3759401835501194,0.006340174237266183,0.011406106292270124,0.026494389120489358,0.003663015691563487,0.0027458858210593464,0.00793350711464882,0.0024199656443670394,0.004002923448570073,0.005076837539672851,0.008151496946811675,0.03340792078524828,0.009261049760971219,0.017440818808972837,0.007605742732994259,0.010647671832703053
class2,SLA-DQB1*02:01,SLA-DQB1,5,,,,,,,,,,,,,,,,,,,,,,,,,,,,,,,,,,,,,,,,,,,,,,,,,,,,,,,0.1555982841644436,0.005814405716955661,0.024194114468991758,0.02541429176926613,0.004967782413586974,0.0015543483663350345,0.5242131635546684,0.003606448695063591,0.0032253032783046364,0.040325877349823715,0.0034973593428730965,0.0015390657586976885,0.004810940194875002,0.001291047513950616,0.00150064182234928,0.009281874867156148,0.009592252131551505,0.13650139924138785,0.0016763271763920785,0.01599339973181486,0.019347457867115735,0.0060542099177837375
class2,SLA-DQB1*02:02,SLA-DQB1,5,,,,,,,,,,,,,,,,,,,,,,,,,,,,,,,,,,,,,,,,,,,,,,,,,,,,,,,0.13707792083732784,0.030820836126804353,0.0394604966044426,0.027360085118561982,0.048964732745662334,0.0017632571514695882,0.4633851323276758,0.004571722680702805,0.003511809278279543,0.04078674241900444,0.0028589753317646684,0.00200589457526803,0.003564699366688728,0.0014248040970414877,0.0017443442018702626,0.01292070597410202,0.0130697185639292,0.13110851999372244,0.0019346777233295142,0.012329798005521298,0.011480228137224912,0.007854893943294883
class2,SLA-DQB1*02:03,SLA-DQB1,5,,,,,,,,,,,,,,,,,,,,,,,,,,,,,,,,,,,,,,,,,,,,,,,,,,,,,,,0.24650758756324648,0.019809598755091428,0.20286938715726138,0.22074147970415653,0.005931270495057106,0.0019209026359021664,0.16175369918346405,0.005201297719031573,0.003128943429328501,0.02449153456836939,0.011112828273326159,0.0023799473769031466,0.014526470890268683,0.0024312279419973493,0.003352644934784621,0.006726794131100178,0.017406229954212905,0.02640366943087429,0.0033206732477992773,0.009544626902788877,0.0062615993898361925,0.004177609132602811
class2,SLA-DQB1*02:04,SLA-DQB1,5,,,,,,,,,,,,,,,,,,,,,,,,,,,,,,,,,,,,,,,,,,,,,,,,,,,,,,,0.10530603127554058,0.03709881389513612,0.19459594329819083,0.09127545915544033,0.17623185054399074,0.0032259949250146745,0.047791446652263404,0.010259327618405223,0.004512644349597394,0.032060061692027374,0.02397505845874548,0.005575671675615013,0.05317593747749925,0.004081890382803976,0.005958701414056122,0.01002202699892223,0.022652704361826183,0.11710408683866262,0.004945752420462668,0.031510837841778994,0.013083892595022916,0.005555831582751125
class2,SLA-DQB1*02:07,SLA-DQB1,5,,,,,,,,,,,,,,,,,,,,,,,,,,,,,,,,,,,,,,,,,,,,,,,,,,,,,,,0.10923419315367937,0.006478343065828085,0.027981059905141593,0.023928890097886325,0.0040703341364860535,0.0016932987608015537,0.5301128506660462,0.0034848950104787945,0.0033578619593754412,0.048480513505637646,0.00400048578158021,0.0016520295524969698,0.005738665862008929,0.001271020038984716,0.0016564546502195298,0.010938169434666634,0.01177981966175139,0.14987153969705105,0.0016338404268026352,0.027457033284008503,0.02005711568053812,0.005121542140841484
class2,SLA-DQB1*02:05,SLA-DQB1,5,,,,,,,,,,,,,,,,,,,,,,,,,,,,,,,,,,,,,,,,,,,,,,,,,,,,,,,0.1565121681196615,0.006746279913932085,0.025024537928402424,0.022382214711979032,0.004571403050795198,0.0015213479986414314,0.5452160537242889,0.003563442314043641,0.0032701188581995668,0.04050570661202073,0.00372573914937675,0.0016739801969379187,0.004731785133481025,0.0013211774406954647,0.0016815343522466719,0.009894981235265731,0.009450186090543867,0.11777306124567985,0.001808971748687327,0.0153862738981843,0.01704278157558292,0.006196225993335247
class2,SLA-DQB1*02:08,SLA-DQB1,5,,,,,,,,,,,,,,,,,,,,,,,,,,,,,,,,,,,,,,,,,,,,,,,,,,,,,,,0.13783089751377703,0.00847957213409245,0.041044168546795844,0.03215049910359084,0.0036745724035426976,0.0020058009307831527,0.39667407870292665,0.004884067131206394,0.0038718841504305603,0.09045858848839998,0.006400024122558534,0.0018835724680684508,0.009245961345732212,0.0014741691760718823,0.0024188804905861615,0.010870469734072685,0.01211619721725583,0.14971963725984097,0.00195399783551693,0.03289634026587009,0.045518708974123,0.004427915718406439
class2,SLA-DQB1*02:09,SLA-DQB1,5,,,,,,,,,,,,,,,,,,,,,,,,,,,,,,,,,,,,,,,,,,,,,,,,,,,,,,,0.04029824584722519,0.005244120769202709,0.01727702049538493,0.025696871895343067,0.003913097339682281,0.0016421601409092545,0.5598247557878494,0.003553431527689099,0.00324439718388021,0.05134535003453493,0.004197161621414125,0.0015577098005451263,0.006736084027215839,0.0012188247754238545,0.0016380498534999787,0.011839406751096248,0.012526395497843623,0.15964940637350084,0.0014874136541038752,0.05774911120533943,0.023999645374715328,0.005361329764127731
class2,SLA-DQB1*02:06,SLA-DQB1,5,,,,,,,,,,,,,,,,,,,,,,,,,,,,,,,,,,,,,,,,,,,,,,,,,,,,,,,0.3304315132088959,0.12694770339876413,0.06874356213957071,0.041366990143433216,0.020344473281875254,0.0023672585375607014,0.1929777610115707,0.005804774397984147,0.008235528646036983,0.02352491272613406,0.008416381431743503,0.0028722547926008702,0.012619955511763693,0.0037716914783231916,0.003677453158888966,0.021466221008449794,0.03023529816418886,0.055646424274891616,0.005329675856046379,0.0096533028408885,0.019935824675485492,0.0056310190469957885
class2,SLA-DQB1*03:01,SLA-DQB1,5,,,,,,,,,,,,,,,,,,,,,,,,,,,,,,,,,,,,,,,,,,,,,,,,,,,,,,,0.2675833412911743,0.014408831484615803,0.22083504106849433,0.12302755732089281,0.006221688119694591,0.0023103917483240366,0.189212688151747,0.008345481962896884,0.003978150244802236,0.023152377270162106,0.014373926352709532,0.002760489750653505,0.02070702179335058,0.003245732979848981,0.004253353155218065,0.00820020455867052,0.015989146288484336,0.03885864736512303,0.004942428693175316,0.013797146547585726,0.0089906913228333,0.004805703135207296
class2,SLA-DQB1*03:02,SLA-DQB1,5,,,,,,,,,,,,,,,,,,,,,,,,,,,,,,,,,,,,,,,,,,,,,,,,,,,,,,,0.05209867688827217,0.44147069212049245,0.016747025586664677,0.023057169606909157,0.15721199717372655,0.0017579611157998443,0.1814783092471771,0.004541444592177868,0.006502019450999796,0.012413366918917746,0.003906854928936809,0.003307373356074095,0.0059569489327259365,0.001912495365832001,0.003062561753904447,0.012383196636801586,0.015235363808460533,0.03454567519947886,0.0034243038855493067,0.006694384827278554,0.005950904847122729,0.006341266556410119
class2,SLA-DQB1*03:03,SLA-DQB1,5,,,,,,,,,,,,,,,,,,,,,,,,,,,,,,,,,,,,,,,,,,,,,,,,,,,,,,,0.2039911191444844,0.2312647419050336,0.05690413927659392,0.02486416548490524,0.17360402662307023,0.001974320178851485,0.13192204851657152,0.006142050330527127,0.0074133109766989945,0.01771317245438695,0.007480845926329494,0.0028455704683437943,0.01920699868351221,0.00275584626942873,0.003804905922152102,0.006940623396076262,0.013453741278499364,0.061191285075619814,0.005291381943970918,0.008383793523535132,0.006497713876888156,0.006354190758429468
class2,SLA-DQB1*04:01:01,SLA-DQB1,5,,,,,,,,,,,,,,,,,,,,,,,,,,,,,,,,,,,,,,,,,,,,,,,,,,,,,,,0.15743607706390322,0.11065257862210273,0.10954035688191652,0.05301285553723574,0.12174676819704473,0.0031015864573419095,0.06131490617990494,0.019140693126246333,0.003957133879885078,0.05808944946620613,0.02397553073242307,0.004486711206845939,0.038479102728888395,0.003274894040077925,0.005747379991225899,0.014048447925597429,0.021895641461014748,0.14594393637962638,0.00446103373542428,0.01949168834835291,0.012538826186209917,0.007664397219195962
class2,SLA-DQB1*04:01:02,SLA-DQB1,5,,,,,,,,,,,,,,,,,,,,,,,,,,,,,,,,,,,,,,,,,,,,,,,,,,,,,,,0.15743607706390322,0.11065257862210273,0.10954035688191652,0.05301285553723574,0.12174676819704473,0.0031015864573419095,0.06131490617990494,0.019140693126246333,0.003957133879885078,0.05808944946620613,0.02397553073242307,0.004486711206845939,0.038479102728888395,0.003274894040077925,0.005747379991225899,0.014048447925597429,0.021895641461014748,0.14594393637962638,0.00446103373542428,0.01949168834835291,0.012538826186209917,0.007664397219195962
class2,SLA-DQB1*04:02:01,SLA-DQB1,5,,,,,,,,,,,,,,,,,,,,,,,,,,,,,,,,,,,,,,,,,,,,,,,,,,,,,,,0.1817597160115838,0.12136367280036212,0.08296204190701247,0.04533637403510511,0.1233463006094098,0.0025445683859288692,0.1673837687820196,0.015838440554216505,0.0033073186641559005,0.054828335298225284,0.01470721149817109,0.003876876155845821,0.0153179454151541,0.0027796443784609435,0.005345809017308056,0.01600240678526461,0.017527788132429122,0.09584594978950918,0.0034393027308396995,0.01071585826575756,0.00866065830923617,0.0071100035915151235
class2,SLA-DQB1*04:02:02,SLA-DQB1,5,,,,,,,,,,,,,,,,,,,,,,,,,,,,,,,,,,,,,,,,,,,,,,,,,,,,,,,0.1817597160115838,0.12136367280036212,0.08296204190701247,0.04533637403510511,0.1233463006094098,0.0025445683859288692,0.1673837687820196,0.015838440554216505,0.0033073186641559005,0.054828335298225284,0.01470721149817109,0.003876876155845821,0.0153179454151541,0.0027796443784609435,0.005345809017308056,0.01600240678526461,0.017527788132429122,0.09584594978950918,0.0034393027308396995,0.01071585826575756,0.00866065830923617,0.0071100035915151235
class2,SLA-DQB1*04:04,SLA-DQB1,5,,,,,,,,,,,,,,,,,,,,,,,,,,,,,,,,,,,,,,,,,,,,,,,,,,,,,,,0.19473995454609394,0.11941237058490514,0.08996974006295204,0.04787317404989153,0.03350694002583623,0.003496073978021741,0.09456430664286017,0.014705797098577023,0.006094193109311164,0.05583703997544944,0.020426382310688496,0.004869570978917182,0.03678259998559952,0.0034170660888776182,0.006046537950169295,0.01919209840707481,0.024372703209519387,0.1551075592171401,0.0065903581446036695,0.024995892960578203,0.029617452109232546,0.008382196817547084
class2,SLA-DQB1*04:03,SLA-DQB1,5,,,,,,,,,,,,,,,,,,,,,,,,,,,,,,,,,,,,,,,,,,,,,,,,,,,,,,,0.10631556175649166,0.186103989277035,0.1718722077086568,0.05609054409433156,0.14057899797335266,0.0023967887042090296,0.1550829978659749,0.013036737218499184,0.004286127351224423,0.023456213879399,0.014279138436540962,0.0036546921823173762,0.015408100886270404,0.0030209512216970323,0.005153687973506749,0.011454012244939804,0.016188899148255588,0.04532655670773238,0.003871340653859079,0.010912390425801277,0.006425485014915466,0.005084562441334128
class2,SLA-DQB1*04:05,SLA-DQB1,5,,,,,,,,,,,,,,,,,,,,,,,,,,,,,,,,,,,,,,,,,,,,,,,,,,,,,,,0.1328017993364483,0.2676570422016084,0.15208996906876565,0.056743850279599425,0.019441679865121842,0.00232974907848984,0.21944587621837855,0.005487110884860158,0.004367169411852956,0.022675910219550132,0.009329689294099807,0.004227490001358092,0.011013390496373177,0.0022424797993153335,0.004050713870674372,0.007872998714447021,0.016262589395046233,0.018882299959659576,0.009031636046711356,0.008646791521459817,0.004879857995547354,0.02051993729546666
class2,SLA-DQB1*05:01,SLA-DQB1,5,,,,,,,,,,,,,,,,,,,,,,,,,,,,,,,,,,,,,,,,,,,,,,,,,,,,,,,0.016753838513977826,0.17664455715566874,0.015942707285284997,0.012983448477461934,0.165392492339015,0.0022202857187949123,0.19801628282293676,0.0068071744404733184,0.0850679399445653,0.1001907640369609,0.004406657197978348,0.005181504087522626,0.006229620531667024,0.0029685024841455744,0.004116121679544449,0.00949172701803036,0.009426239784806967,0.10627152291126549,0.00823642653413117,0.028730590362101793,0.018892521332600155,0.016029056534171103
class2,SLA-DQB1*05:02,SLA-DQB1,5,,,,,,,,,,,,,,,,,,,,,,,,,,,,,,,,,,,,,,,,,,,,,,,,,,,,,,,0.01585272924276069,0.578583525121212,0.0379419662989676,0.006947134085930884,0.32602405939251183,0.0007161980436649173,0.00515973117435351,0.0011065564787713811,0.0038554473081603645,0.001124787295702845,0.0017105318780522793,0.002579933137167245,0.0016623041010461748,0.0011593677394557745,0.0012133829761296511,0.0019615794328274204,0.0025856187916360796,0.0019573774421587586,0.0025797868613153694,0.0017828011885285377,0.0007539241385529749,0.002741221210453659
class2,SLA-DQB1*05:03,SLA-DQB1,5,,,,,,,,,,,,,,,,,,,,,,,,,,,,,,,,,,,,,,,,,,,,,,,,,,,,,,,0.030916085169883444,0.4436232537031174,0.08199066389352083,0.010231665801256895,0.37037144787609577,0.0009628925356082619,0.022273414465598763,0.0020544185186736285,0.004072115034796297,0.002019288903102279,0.0025748851825483144,0.003003643814008683,0.0023625872971024366,0.0015619775629602372,0.001707812794484198,0.002371138056332711,0.004253153700847179,0.0039348911377601326,0.003001137706451118,0.0026787233189679684,0.0011647239123703911,0.00287005829741247
class2,SLA-DQB1*05:04,SLA-DQB1,5,,,,,,,,,,,,,,,,,,,,,,,,,,,,,,,,,,,,,,,,,,,,,,,,,,,,,,,0.01223363047465682,0.11471815165132285,0.018836468178778886,0.00881709880195558,0.1758154796436429,0.0023639121849555523,0.20970202288590373,0.009286397765390576,0.1528992594219744,0.08813678272999823,0.005954903108067811,0.005461241351440549,0.009844922658521682,0.004053443297743797,0.0061707221902906895,0.008841884677531197,0.009134644526056945,0.07220926070585847,0.016449158254545182,0.032475314754992726,0.018644969785236755,0.017950326576828955
class2,SLA-DQB1*06:01,SLA-DQB1,5,,,,,,,,,,,,,,,,,,,,,,,,,,,,,,,,,,,,,,,,,,,,,,,,,,,,,,,0.03676922894082964,0.3710994007065892,0.05112877581268549,0.013396426034159959,0.289156374707818,0.0012322880502324551,0.16133127332432196,0.0025592154124751687,0.005886849761009216,0.01467743193206843,0.004458354983944446,0.002968528994824737,0.005552338284906,0.0022125931922346354,0.002044371119700372,0.005615820502862334,0.009649869590066373,0.007860343367792667,0.002930364676285535,0.00429911952232942,0.001593872020021081,0.0035771658964222296
class2,SLA-DQB1*06:02:01,SLA-DQB1,5,,,,,,,,,,,,,,,,,,,,,,,,,,,,,,,,,,,,,,,,,,,,,,,,,,,,,,,0.05409077168442309,0.4122914702631533,0.08394943121820689,0.013024100102484226,0.19415715783834459,0.0012180188088677824,0.17403661168646067,0.0030091026681475343,0.005380477849394083,0.01130651478888467,0.003347843268420547,0.002628220710903406,0.004379042575601488,0.001994069624925032,0.002357489266432822,0.003857912129024044,0.00787689194548875,0.007826266274787486,0.004231383570004255,0.004080739500932395,0.0018207450862973928,0.003135684027802199
class2,SLA-DQB1*07:01:01,SLA-DQB1,5,,,,,,,,,,,,,,,,,,,,,,,,,,,,,,,,,,,,,,,,,,,,,,,,,,,,,,,0.12812951700761915,0.061096000391989945,0.049309401959180835,0.01975937457755208,0.10571848209947347,0.00203759060241282,0.37611700519919394,0.006598851783201099,0.00523992576636374,0.06290724766440689,0.0037467896472662687,0.002828699164092541,0.004829502711072564,0.0020586976082995535,0.0030752740567550063,0.010463219275698066,0.013524867361411452,0.10091605484485626,0.0030014270218089224,0.019707186985760926,0.012439153937157244,0.006495711486786604
class2,SLA-DQB1*08:01,SLA-DQB1,5,,,,,,,,,,,,,,,,,,,,,,,,,,,,,,,,,,,,,,,,,,,,,,,,,,,,,,,0.007976070488803088,0.4955738916993141,0.010166421066969633,0.008307647751644253,0.09364953003823757,0.0010961097199469806,0.17213386360090227,0.003273392585106194,0.13992162267677485,0.0060387470992282035,0.002824168698862195,0.004149376682471484,0.002416548377368599,0.0026948315498884767,0.003083294490352273,0.004322887497255579,0.003826389811001718,0.010329200560227037,0.004047035874100402,0.008116774447262286,0.004194889197242447,0.011857306543970481
class2,SLA-DQB1*08:02,SLA-DQB1,5,,,,,,,,,,,,,,,,,,,,,,,,,,,,,,,,,,,,,,,,,,,,,,,,,,,,,,,0.007969476887956262,0.4983534008264542,0.010098181897774339,0.008426835341379047,0.09138750825077295,0.001097543037030846,0.1707912956364453,0.003284287708811462,0.14066389091312886,0.00604308673646301,0.0028283671475946904,0.004167747695464641,0.0024039925658144055,0.002713387628318742,0.003107645339332521,0.004345333017408848,0.003833954338915646,0.010244687693193555,0.004044620873173699,0.008102296199649573,0.00426520649343729,0.011827311461092904
class2,SLA-DQB1*08:03,SLA-DQB1,5,,,,,,,,,,,,,,,,,,,,,,,,,,,,,,,,,,,,,,,,,,,,,,,,,,,,,,,0.005807411088608205,0.47795051052235066,0.0078275125939399,0.009794020280241966,0.10064898966811597,0.0008324960130266845,0.12209838281851262,0.0024556229007430376,0.19626889904029668,0.012709324958268552,0.0014148621237836778,0.002078574663028121,0.0027374731376767158,0.0016644862509565428,0.0023449252475984395,0.002884998609079048,0.002935162791982293,0.012247651990037411,0.0029809660278260707,0.006926431343890727,0.02004656347853597,0.005344788677757606
class2,SLA-DQB1*09:01,SLA-DQB1,5,,,,,,,,,,,,,,,,,,,,,,,,,,,,,,,,,,,,,,,,,,,,,,,,,,,,,,,0.11064754801336676,0.224685603287071,0.06675920693669468,0.012719184951856732,0.5483848677948118,0.0007123767281882465,0.005086047493387013,0.0019505438540363684,0.003800778230652213,0.0013473505096044391,0.0018561686301836744,0.0016907931421883404,0.0016924035735428333,0.0010210620108409784,0.0014336249092593788,0.0014437233767239377,0.0023326311609707774,0.004150457796640694,0.002134850196307525,0.002415651467163116,0.0017274428813834676,0.002007680691895075
class2,SLA-DQB1*09:02,SLA-DQB1,5,,,,,,,,,,,,,,,,,,,,,,,,,,,,,,,,,,,,,,,,,,,,,,,,,,,,,,,0.13580039348453282,0.16618972308933735,0.08624743521213532,0.06655325163155794,0.10131680257618428,0.003623129753395915,0.07963465410284698,0.012857046909630299,0.016386952344328166,0.02067521158605814,0.014623160474002361,0.012391464738175272,0.03714777091518044,0.006094432133249938,0.007248708512634039,0.024992649513296782,0.024658285593613983,0.10548245897516609,0.011447687819600105,0.03596993600949645,0.01959885230753571,0.011059978185221553
class2,SLA-DQB1*10:01,SLA-DQB1,5,,,,,,,,,,,,,,,,,,,,,,,,,,,,,,,,,,,,,,,,,,,,,,,,,,,,,,,0.049961005430668594,0.24284185199066996,0.16808539610356094,0.03912247004918754,0.09096027193590998,0.003209808189421892,0.05003060339950025,0.016712693450972437,0.015855262358672916,0.024958330579102038,0.0239984430372715,0.007658626371994615,0.04073444060049951,0.007204982708208263,0.005107990233227611,0.021390238334424792,0.023708434123545886,0.1046737072058022,0.012479848042130471,0.021565190702676772,0.024116932856850327,0.005623469816055149
class2,SLA-DQB1*03:04,SLA-DQB1,5,,,,,,,,,,,,,,,,,,,,,,,,,,,,,,,,,,,,,,,,,,,,,,,,,,,,,,,0.10412610098719596,0.07758819488808513,0.35315113961696626,0.23780464380979538,0.03088140897452831,0.0024840064346790315,0.024240775685757398,0.007252086559310556,0.007612282549962402,0.00837349952198565,0.006530960369855165,0.0031706128385849295,0.026525850780308245,0.0025716720439959316,0.004133043298497796,0.007567397179082036,0.010333913937211036,0.05456580799072981,0.00446873065084219,0.01279140105471015,0.00902867887634784,0.004797800467349589
class2,SLA-DQB1*11:01,SLA-DQB1,5,,,,,,,,,,,,,,,,,,,,,,,,,,,,,,,,,,,,,,,,,,,,,,,,,,,,,,,0.008645163115579635,0.3908828219398856,0.010404271632432937,0.0074571283301338555,0.19008473372086881,0.0013052423892077059,0.18409884597640486,0.004100403224583715,0.10722253271378576,0.007469591335393488,0.0030427087389398367,0.004623433481901884,0.004246946179773658,0.002746069824206643,0.003272541193291545,0.004949945781845599,0.004377371398732066,0.022620210889726877,0.007327398844063282,0.00889506577514112,0.005777747259708121,0.016449872794328257
class2,SLA-DQB1*06:03,SLA-DQB1,5,,,,,,,,,,,,,,,,,,,,,,,,,,,,,,,,,,,,,,,,,,,,,,,,,,,,,,,0.06585377261508256,0.24287961842492223,0.07973672142252326,0.015858240611851215,0.36402898021042346,0.0010150076646823435,0.1748108298284933,0.0026510186959058045,0.0034811690216884016,0.010169170357403345,0.0029790471191518007,0.0021622237749397756,0.003111777000594884,0.0017695371410809458,0.002021246985532343,0.003802643806557171,0.006518981535919011,0.006309202348347753,0.002397574228234589,0.003982424607966095,0.0019400097313337027,0.0025207828264683487
class2,SLA-DQB1*08:06,SLA-DQB1,5,,,,,,,,,,,,,,,,,,,,,,,,,,,,,,,,,,,,,,,,,,,,,,,,,,,,,,,0.10106573696248233,0.019368840008974077,0.0801522065885365,0.03324502282775939,0.1353335813153535,0.0017798268469050526,0.3790592484176159,0.006114760274067521,0.004602213343605399,0.049377811467275025,0.0034027688903734087,0.002203552646096796,0.0038404695922508838,0.001864707632921636,0.002638098900206387,0.009501101355999709,0.011058172024786473,0.11885271687060595,0.0022194716613739727,0.018556559551507236,0.010677011217921972,0.005086128134280443
class2,SLA-DQB1*10:02,SLA-DQB1,5,,,,,,,,,,,,,,,,,,,,,,,,,,,,,,,,,,,,,,,,,,,,,,,,,,,,,,,0.026375154498964548,0.19871609094552695,0.027216335525736213,0.0070595192140899595,0.09493667734786868,0.0015997956856153906,0.27408195612952113,0.007472785143181682,0.19830710939131677,0.01979582359781489,0.0036243838258087635,0.003048300975933671,0.005681391304824502,0.0034165929071605207,0.003695396659895778,0.013134142430499197,0.011068582581356168,0.057433565892279145,0.004100550513248891,0.013652339112013578,0.019218418712262063,0.006365089770406484
class2,SLA-DRB1*01:01,SLA-DRB1,5,,,,,,,,,,,,,,,,,,,,,,,,,,,,,,,,,,,,,,,,,,,,,,,,,,,,,,,0.008927626349031926,0.006666132903774269,0.018987212795764208,0.007020183652639389,0.0038444249308668076,0.002126362803392112,0.3084437757730484,0.00435749338939786,0.021963553567184137,0.04623293876647949,0.0053920428268611435,0.0019485127355437725,0.045377680100500584,0.00212914296425879,0.00204945724690333,0.06813963260501624,0.024720564670860767,0.2760344807058573,0.011029166186926887,0.05277061760425568,0.07592287044972182,0.00591611088020727
class2,SLA-DRB1*01:02,SLA-DRB1,5,,,,,,,,,,,,,,,,,,,,,,,,,,,,,,,,,,,,,,,,,,,,,,,,,,,,,,,0.006942034792155027,0.006108614164986648,0.013565094117075205,0.006223652930930257,0.003818295069504529,0.0020375684718601404,0.35251270681619645,0.004043120844289661,0.020222362037748097,0.04724975302815437,0.006626167776994407,0.002199643407948315,0.047750994004309176,0.0017633789568208158,0.002027012628968805,0.05268172193318606,0.02511867769062519,0.2494066908955574,0.011708744044881314,0.046101328218355775,0.0840599195100367,0.007832510082516819
class2,SLA-DRB1*02:01:01,SLA-DRB1,5,,,,,,,,,,,,,,,,,,,,,,,,,,,,,,,,,,,,,,,,,,,,,,,,,,,,,,,0.005731262732297182,0.006269339052960276,0.01523116221651435,0.005945969000458717,0.0046044086513575165,0.001653669576626271,0.38290027268230914,0.0035115835256874562,0.005166001809993759,0.0481872508302331,0.003184988652355969,0.0017964668804779649,0.02906918674707413,0.0012510864064097405,0.002546931977849454,0.011092033563181758,0.007621712144464254,0.3408841215074062,0.013632745173526927,0.08443784904666245,0.019246206060051917,0.0060357505455613135
class2,SLA-DRB1*02:01:02,SLA-DRB1,5,,,,,,,,,,,,,,,,,,,,,,,,,,,,,,,,,,,,,,,,,,,,,,,,,,,,,,,0.004659926937893033,0.005097164283506572,0.014372153207659721,0.0054624119307845834,0.004330208717146888,0.0016002002754248678,0.4576103763654828,0.0034722714219242333,0.006113269540946931,0.04416619800031185,0.0030647484352812173,0.002055153076071292,0.025821158522740008,0.0013666953716892749,0.00273013673722744,0.012828113045543432,0.006673875637352467,0.26579497903585436,0.02377945779589936,0.08293652031570672,0.01733708120882511,0.00872789511922747
class2,SLA-DRB1*02:01:03,SLA-DRB1,5,,,,,,,,,,,,,,,,,,,,,,,,,,,,,,,,,,,,,,,,,,,,,,,,,,,,,,,0.004561071062926203,0.005266397353261709,0.014311861339956522,0.005476515181362629,0.00455663803149946,0.0015930678462609648,0.46087674535810946,0.003414442203938961,0.006151236750883982,0.04400134393945336,0.0030936950352042913,0.002042164735030383,0.025876907631754875,0.001349160517565906,0.00275097347330302,0.012742498610168695,0.006626488734036684,0.26288929395377636,0.022460724442498758,0.08446405553258955,0.01700321901589632,0.00849151664879173
class2,SLA-DRB1*02:02,SLA-DRB1,5,,,,,,,,,,,,,,,,,,,,,,,,,,,,,,,,,,,,,,,,,,,,,,,,,,,,,,,0.004458823660388589,0.0051251791650429365,0.013622869644314051,0.00550034074112773,0.0042971974820829924,0.0016331256134435534,0.4704952547326684,0.003847218002192676,0.010515021247556433,0.044386242516338825,0.0031882279901765285,0.0022080861730501057,0.023140865424647928,0.001484977884683758,0.003049840801395476,0.014545759931206704,0.006898358464241028,0.23760031424462796,0.03921742183738388,0.07816818971186876,0.01806629691272974,0.008550396375358104
class2,SLA-DRB1*02:03,SLA-DRB1,5,,,,,,,,,,,,,,,,,,,,,,,,,,,,,,,,,,,,,,,,,,,,,,,,,,,,,,,0.00460130195133388,0.0049874695716425775,0.013751034159213305,0.00566230732947588,0.004255011351779104,0.001565906044561416,0.4586352014914155,0.003440009651239961,0.006215337268076837,0.043922198191285136,0.0028937155730091035,0.0020091460435651244,0.02432809935417026,0.0013865489163435996,0.0028891573660075665,0.012738513853400945,0.006523308763280511,0.2582521952688694,0.027217750914860516,0.08912422400899231,0.017525321710854767,0.008076248620636762
class2,SLA-DRB1*02:04,SLA-DRB1,5,,,,,,,,,,,,,,,,,,,,,,,,,,,,,,,,,,,,,,,,,,,,,,,,,,,,,,,0.006238121958449483,0.0064831908326596025,0.009423027839511633,0.007583672087639571,0.0065613041049800815,0.0016547421226277947,0.6525009214878082,0.005821628030389547,0.0031063345028087496,0.06345002148300409,0.004625265125650912,0.002439710823819041,0.027992497954983264,0.0015375069924630225,0.00216520675458014,0.012005822639912367,0.010794190317392349,0.11126551926136016,0.008062851650174707,0.02132644783705473,0.021687432075850666,0.013274561404250563
class2,SLA-DRB1*02:05,SLA-DRB1,5,,,,,,,,,,,,,,,,,,,,,,,,,,,,,,,,,,,,,,,,,,,,,,,,,,,,,,,0.007153728464618325,0.006957948207855225,0.01760342698544264,0.006968849711120129,0.004998641222482547,0.0021872375858947636,0.3389853276312351,0.007258599810302258,0.008280244807247072,0.05577226094901562,0.0038903814856894314,0.001955997513141483,0.04631180735304952,0.001591312070377171,0.002416922920383513,0.011241298634558916,0.009044363163411617,0.3454838901758194,0.01438729235669598,0.05877682473510504,0.03782062716782093,0.010913026728667318
class2,SLA-DRB1*02:06,SLA-DRB1,5,,,,,,,,,,,,,,,,,,,,,,,,,,,,,,,,,,,,,,,,,,,,,,,,,,,,,,,0.00692145477514714,0.0052288375096395615,0.007427168823778629,0.007482251338660717,0.005036040098639205,0.0015599231235682964,0.6317292720079422,0.005091114738024771,0.00294914529658854,0.043902278319001196,0.002930513070896268,0.001967148599214852,0.0195613554562442,0.001340860442724079,0.0022099226014688613,0.0112205951474607,0.009242555196397006,0.16751208044588567,0.005559289618395269,0.029598603211343288,0.02089359037345275,0.010636012256145477
class2,SLA-DRB1*02:07,SLA-DRB1,5,,,,,,,,,,,,,,,,,,,,,,,,,,,,,,,,,,,,,,,,,,,,,,,,,,,,,,,0.006463942280970514,0.006068261084146797,0.012035651691257953,0.006783366296440363,0.0039000153541564942,0.001925766421481967,0.24498883662745358,0.0056470033247023824,0.006574679701589048,0.03911769241094589,0.0032228176947683095,0.0027115321718156338,0.03936820346862078,0.0018235734954942019,0.004855419462546706,0.008377918601036071,0.006293244007974863,0.39774994254112245,0.08349214875488542,0.08562364615499973,0.025240876153111456,0.007735445769503713
class2,SLA-DRB1*02:08,SLA-DRB1,5,,,,,,,,,,,,,,,,,,,,,,,,,,,,,,,,,,,,,,,,,,,,,,,,,,,,,,,0.004415504832286388,0.005084228306077421,0.013832773081958294,0.005279156705364585,0.004337189975194633,0.0015940015902742744,0.44522378221154213,0.003600960038602352,0.004868228209670633,0.058478815294802186,0.0032875562668778003,0.0020318236667662857,0.028355319937691092,0.0012485780986025929,0.002567234239540994,0.011008329316973686,0.006596518959850073,0.27592382915318014,0.019513362302677705,0.07789558842778206,0.015788422711193562,0.009068830776959658
class2,SLA-DRB1*02:09,SLA-DRB1,5,,,,,,,,,,,,,,,,,,,,,,,,,,,,,,,,,,,,,,,,,,,,,,,,,,,,,,,0.005635155492927879,0.00533098317682743,0.015546172857284546,0.00626616720110178,0.003795288666151464,0.0016590045299381018,0.4463825536891818,0.003172672772780061,0.005121815408347175,0.03798165861517191,0.0032967146020382644,0.0019373378367163242,0.037801778549328445,0.0015389264095574617,0.0021762842661701143,0.012878024810925126,0.010279896249994636,0.2638100735843182,0.024701906577683987,0.07392333960160613,0.02938855327665806,0.00737567541655153
class2,SLA-DRB1*03:01,SLA-DRB1,5,,,,,,,,,,,,,,,,,,,,,,,,,,,,,,,,,,,,,,,,,,,,,,,,,,,,,,,0.0047392879263497886,0.004154563881456852,0.006047116406261921,0.005437320726923644,0.0038025109912268817,0.0010805265861563384,0.6293909326195717,0.002493337052874267,0.004847601923393086,0.019986795261502266,0.002343766705598682,0.0015117285365704447,0.011584599688649177,0.0010146577027626336,0.0014490873436443508,0.00756480717100203,0.007703847670927644,0.23430681303143502,0.0025088771188165994,0.021213471051305534,0.02178692922461778,0.005031409137882292
class2,SLA-DRB1*04:01,SLA-DRB1,5,,,,,,,,,,,,,,,,,,,,,,,,,,,,,,,,,,,,,,,,,,,,,,,,,,,,,,,0.0023449102183803914,0.0012093324563466012,0.004037393257021904,0.00264092234428972,0.0018584924167953432,0.0018058826273772866,0.004853883059695363,0.05140821593813598,0.1975749908015132,0.03684593952493742,0.009301400091499091,0.01617484507150948,0.024564389861188828,0.05751051567494869,0.0195607609115541,0.17579024363076315,0.026351881586015223,0.019846512551885097,0.14104160573333502,0.07394855481106788,0.1295270775910467,0.0018022555916104466
class2,SLA-DRB1*04:02,SLA-DRB1,5,,,,,,,,,,,,,,,,,,,,,,,,,,,,,,,,,,,,,,,,,,,,,,,,,,,,,,,0.0038700177101418376,0.0021163168479688466,0.009485427429899574,0.0027692886767908933,0.002468090574257076,0.00246683566365391,0.007662238366901874,0.0533494099508971,0.18688493520021437,0.048114913329482076,0.015763954445719718,0.008831941010430455,0.03726198771037161,0.048443193547427654,0.019990265555679797,0.1663748130435124,0.044168012612499294,0.07610623517539353,0.04780533420853317,0.08105356055311859,0.13273919112980365,0.002274065709207207
class2,SLA-DRB1*04:03,SLA-DRB1,5,,,,,,,,,,,,,,,,,,,,,,,,,,,,,,,,,,,,,,,,,,,,,,,,,,,,,,,0.001991464861202985,0.001065865997225046,0.0022528933943249283,0.0022558368800673634,0.0022581722470931707,0.000993377820122987,0.002102741732960567,0.048907240643166004,0.1957999233622104,0.003233063966035843,0.00397297078743577,0.0136414909735322,0.004490909958258271,0.16703658439219,0.04636379713192582,0.10734790212009102,0.01724769694264978,0.002771147934254259,0.3157070819288492,0.024165154388174414,0.033457284513860944,0.002937389863654971
class2,SLA-DRB1*04:04,SLA-DRB1,5,,,,,,,,,,,,,,,,,,,,,,,,,,,,,,,,,,,,,,,,,,,,,,,,,,,,,,,0.0023165327263996007,0.0009175387909635902,0.002971806423738599,0.002543515304569155,0.0018133074627257884,0.001417996786767617,0.003277272032573819,0.06874276956077666,0.1993288884870708,0.011910408688709139,0.007809873670339584,0.015376189118251204,0.01210944374324754,0.1261325428262353,0.03162993397563696,0.24493764893268236,0.028867651126347482,0.007367165270261466,0.09613631032407284,0.05245558826718479,0.08022917904891073,0.0017084228107705711
class2,SLA-DRB1*04:05,SLA-DRB1,5,,,,,,,,,,,,,,,,,,,,,,,,,,,,,,,,,,,,,,,,,,,,,,,,,,,,,,,0.0038708012318238614,0.001944062567781657,0.009179344214498997,0.002889460953883827,0.0024230150738731027,0.00241849219892174,0.0072378932498395445,0.05923187979497015,0.18852718276903033,0.03827409911900759,0.014853125624358653,0.009132895153015852,0.03339417316019535,0.05827251737937331,0.021932749822735787,0.18957030836027117,0.043924278067424896,0.06185945621691644,0.04644448021426797,0.07856940114870667,0.12391430912539363,0.0021360670914873483
class2,SLA-DRB1*04:06,SLA-DRB1,5,,,,,,,,,,,,,,,,,,,,,,,,,,,,,,,,,,,,,,,,,,,,,,,,,,,,,,,0.0023533156723715364,0.0011951071675866843,0.0039343797136098145,0.002645750984083861,0.001869273860938847,0.0017955681483726948,0.005000583583023399,0.05248629236593842,0.19756260197609662,0.035971383226569745,0.009221376152709126,0.016736883809790014,0.024249209824483843,0.05899898428469896,0.020316938869655132,0.17747125148307533,0.0268751626717858,0.019394387828651816,0.14042681036517024,0.07200260991230607,0.12768904347904025,0.0018030958832241594
class2,SLA-DRB1*05:01,SLA-DRB1,5,,,,,,,,,,,,,,,,,,,,,,,,,,,,,,,,,,,,,,,,,,,,,,,,,,,,,,,0.0014068627468077465,0.001329390937462449,0.0015505103627219796,0.0026942102005705236,0.0016169719747267663,0.0006876599451061338,0.00176228053169325,0.012625628057867289,0.49830115884542464,0.006598214159021154,0.0025505562080070376,0.023048034054227173,0.0017347225570119918,0.20598072689026595,0.01761641704943031,0.006958583241794258,0.0014171698014251888,0.0019443181110545993,0.11527684070169926,0.07427467722445727,0.01935136397369206,0.0012736861361190676
class2,SLA-DRB1*05:02,SLA-DRB1,5,,,,,,,,,,,,,,,,,,,,,,,,,,,,,,,,,,,,,,,,,,,,,,,,,,,,,,,0.0014488775661448017,0.0014787274645641445,0.0013774529099464417,0.0025536792352795603,0.0017784661031328142,0.0006223028292879462,0.0016690096934325993,0.008278066106140614,0.6397391259670258,0.005207281175535173,0.002111176392645575,0.023470968997571617,0.0009541037550661712,0.1281895523890853,0.01471186166163534,0.005640118755400181,0.0012281635077670216,0.0013421640091110022,0.09373241756111383,0.05367127530043945,0.009313969453796745,0.0014812667621299624
class2,SLA-DRB1*05:03,SLA-DRB1,5,,,,,,,,,,,,,,,,,,,,,,,,,,,,,,,,,,,,,,,,,,,,,,,,,,,,,,,0.0013997396687045693,0.0012850371073000132,0.0014957686071284115,0.0026670859719160945,0.0015777279273606836,0.0006747025414370001,0.0015952655812725425,0.012307191966101527,0.5112393356859684,0.0070947203610558065,0.0025060832529561596,0.022957261372357606,0.0016085731622297317,0.20333752864971757,0.017020493280142546,0.0068117091781459745,0.0014464492327533663,0.0018263922247570008,0.10624582022428512,0.07391354688443244,0.019789747148752212,0.0011998248373856768
class2,SLA-DRB1*05:04,SLA-DRB1,5,,,,,,,,,,,,,,,,,,,,,,,,,,,,,,,,,,,,,,,,,,,,,,,,,,,,,,,0.0014312954270280897,0.0012792852823622525,0.0018830561661161483,0.0028371778724249454,0.0017146559897810222,0.0009162565518636256,0.004460887145251035,0.024830154422670603,0.4230014782398939,0.026014617230976,0.004728801109013148,0.021353371057193725,0.0024771963653620332,0.2372943451628089,0.019888913072645665,0.02851043560076505,0.002841010323027149,0.003297736088279635,0.0794096521101892,0.07361574792303145,0.03626077878288925,0.0019531717989593744
class2,SLA-DRB1*05:05,SLA-DRB1,5,,,,,,,,,,,,,,,,,,,,,,,,,,,,,,,,,,,,,,,,,,,,,,,,,,,,,,,0.0022694414714351297,0.002573927992489189,0.004471460916101932,0.005219787324313075,0.0026989217964001,0.001442298252368346,0.020873202523216606,0.012790847010910511,0.4033296509180218,0.039928425394464284,0.00652307738782838,0.009499879193026573,0.004962660057935863,0.023023115796968342,0.010116902599111199,0.21262901669833809,0.026572102552745492,0.023494192701764404,0.06221527134766802,0.024587900564074516,0.09800052912905813,0.0027773957641329615
class2,SLA-DRB1*05:06,SLA-DRB1,5,,,,,,,,,,,,,,,,,,,,,,,,,,,,,,,,,,,,,,,,,,,,,,,,,,,,,,,0.001277588529046625,0.002495173702482134,0.0030911683570593596,0.003093747148523107,0.0020841256715357303,0.001186244242126122,0.030127065745182334,0.01916195182129741,0.3244303218089044,0.0346762148081325,0.0049309800728224214,0.01505737139377743,0.007545731822028756,0.08805098198354244,0.013042977917939425,0.04873466595308855,0.014375319401733578,0.027930553117766977,0.1720674428390339,0.0638469394063577,0.12116532428190112,0.0016281097545288504
class2,SLA-DRB1*05:07,SLA-DRB1,5,,,,,,,,,,,,,,,,,,,,,,,,,,,,,,,,,,,,,,,,,,,,,,,,,,,,,,,0.0009636597009375691,0.0012670622440055014,0.0010891727171838284,0.0019896426296327264,0.0018615147098898887,0.00037708552845288067,0.0019217762863263487,0.003845637501217425,0.7076153960078955,0.0013186067342758178,0.0017572074866620824,0.009103545907419176,0.0005010254972148687,0.18714219178073108,0.0042231762781739235,0.03603149683913216,0.0029017338441917674,0.0013526113718398847,0.01260590013116598,0.01153701702132821,0.00972843929193914,0.0008661154133733362
class2,SLA-DRB1*06:01,SLA-DRB1,5,,,,,,,,,,,,,,,,,,,,,,,,,,,,,,,,,,,,,,,,,,,,,,,,,,,,,,,0.006083007366396487,0.003054740570951253,0.008737535355612636,0.005233329883776605,0.0020318824506830426,0.0023147321073338388,0.042710752505809066,0.045489878160879016,0.003739392454735935,0.14278287701308728,0.011139388103038073,0.0047612855327315625,0.04534853333607316,0.0027162752347067,0.006505053036380559,0.032398305274546145,0.020266007259488107,0.20719836764037608,0.14122917513595895,0.19635214749723673,0.06319747753441333,0.0067098498926498
class2,SLA-DRB1*06:02,SLA-DRB1,5,,,,,,,,,,,,,,,,,,,,,,,,,,,,,,,,,,,,,,,,,,,,,,,,,,,,,,,0.006496342387981713,0.002885184739716351,0.012920695915818214,0.006720468448475003,0.0023270251229405405,0.002881299704313278,0.06018004547804594,0.047464371332898735,0.005286640441045165,0.1418647736310959,0.010477331560105085,0.004949868959374726,0.053380881994962694,0.005668970430269838,0.01307033197954297,0.1513476103544235,0.03001844398677349,0.1086306780576706,0.1284338246798143,0.08982767313718795,0.11016846001148224,0.004999077704269439
class2,SLA-DRB1*06:03,SLA-DRB1,5,,,,,,,,,,,,,,,,,,,,,,,,,,,,,,,,,,,,,,,,,,,,,,,,,,,,,,,0.006452187360264361,0.0028659445466473698,0.012924170773476362,0.0068101009353995325,0.002342108520679176,0.002887405687943101,0.06001964239403605,0.04244091722648591,0.005474527017213404,0.14178457260131835,0.010436078161001205,0.005038758995942772,0.05244785286486149,0.0057467717677354814,0.0134988933801651,0.15198572687804698,0.029528005234897136,0.10618087314069272,0.1329167909338139,0.09362814091145992,0.10949266999959946,0.005097901914268732
class2,SLA-DRB1*06:04,SLA-DRB1,5,,,,,,,,,,,,,,,,,,,,,,,,,,,,,,,,,,,,,,,,,,,,,,,,,,,,,,,0.006206818809732795,0.003336492134258151,0.013457826059311628,0.005481507396325469,0.002951158198993653,0.002401614002883434,0.14855675920844078,0.009113520523533225,0.003716098016593605,0.10187522992491722,0.0057995684910565615,0.0016708581242710352,0.03117357101291418,0.002204606030136347,0.004697373555973172,0.12092143194749952,0.025410679168999195,0.3880306087434292,0.009069057379383594,0.051278596930205825,0.058938317000865936,0.003708284441381693
class2,SLA-DRB1*06:05,SLA-DRB1,5,,,,,,,,,,,,,,,,,,,,,,,,,,,,,,,,,,,,,,,,,,,,,,,,,,,,,,,0.008880663085437845,0.003658791136695072,0.007316977164009586,0.002284862773376517,0.0037419931846670806,0.001566871051909402,0.0026350297091994436,0.03251665709540248,0.012891022255644202,0.008110050344839692,0.007531982206273824,0.013227003905922175,0.00699694063514471,0.04144237274304032,0.3434311394579709,0.03512136203062255,0.008336378762032836,0.02059632211457938,0.37450469071045517,0.03420488877454773,0.013359509519068525,0.01764450508635491
class2,SLA-DRB1*07:01,SLA-DRB1,5,,,,,,,,,,,,,,,,,,,,,,,,,,,,,,,,,,,,,,,,,,,,,,,,,,,,,,,0.00223500820575282,0.0009620674245525151,0.004627928312402219,0.002784467884339392,0.0011091988650150596,0.0014001358009409159,0.0549945073958952,0.026822227612137796,0.010775779117830097,0.06523087578825652,0.005036081140860915,0.0046020012581720945,0.06884638178162276,0.02008851934224367,0.010876298253424465,0.009416744904592633,0.005936978227691725,0.06303791389800609,0.3929823234677315,0.14049942890414968,0.10639662852045148,0.001338501783902757
class2,SLA-DRB1*07:02,SLA-DRB1,5,,,,,,,,,,,,,,,,,,,,,,,,,,,,,,,,,,,,,,,,,,,,,,,,,,,,,,,0.008461399562656879,0.0038755164365284144,0.008977203443646432,0.006482832552865148,0.004252524231560528,0.002619442855939269,0.0552225427585654,0.05812052180990577,0.009392383741214871,0.09631694005802274,0.011503252713009716,0.00822161347605288,0.07080086874775589,0.021106865722686052,0.017032269900664688,0.05470020715147257,0.022676319861784578,0.06233318168669939,0.31140650608576836,0.06856859102845192,0.08756461031734944,0.010364453075453639
class2,SLA-DRB1*07:03,SLA-DRB1,5,,,,,,,,,,,,,,,,,,,,,,,,,,,,,,,,,,,,,,,,,,,,,,,,,,,,,,,0.002551136922556907,0.0022016915900167078,0.006365169712807983,0.0058897435665130615,0.002796658215811476,0.002029247343307361,0.02161968224681914,0.017354355147108435,0.049910396058112386,0.06940601556561887,0.014215903193689882,0.007089017191901803,0.08401657037902624,0.01802635584026575,0.03485778123140335,0.01825318979099393,0.011849446140695363,0.0374176173703745,0.3838658238761127,0.12919243781361728,0.07865582620725035,0.0024359411094337703
class2,SLA-DRB1*08:01,SLA-DRB1,5,,,,,,,,,,,,,,,,,,,,,,,,,,,,,,,,,,,,,,,,,,,,,,,,,,,,,,,0.004768135002814233,0.004604687471874059,0.006525607407093048,0.005156083544716239,0.004696598672308028,0.0010822615353390575,0.6998834848403931,0.003533633588813245,0.002168818307109177,0.05480420142412186,0.002683333563618362,0.0017014873796142639,0.012521353992633521,0.0009131021855864674,0.001502013555727899,0.008255822118371725,0.008470093226060271,0.14034760948270558,0.0021267065312713385,0.014433208154514432,0.012058460095431656,0.0077633093111217025
class2,SLA-DRB1*08:02,SLA-DRB1,5,,,,,,,,,,,,,,,,,,,,,,,,,,,,,,,,,,,,,,,,,,,,,,,,,,,,,,,0.005342058395035565,0.0047716957400552925,0.006582095054909587,0.004949511773884296,0.005303071293747052,0.0011646685074083508,0.6976957738399505,0.003469439782202244,0.0023997252457775174,0.06246335916221142,0.0031628331285901367,0.0019036873010918498,0.011946759757120163,0.0009229834307916462,0.0016283258097246288,0.010637529124505819,0.008883270295336842,0.12311609908938408,0.0022937115281820297,0.019340693624690174,0.01282272463431582,0.009199975943192839
class2,SLA-DRB1*08:03,SLA-DRB1,5,,,,,,,,,,,,,,,,,,,,,,,,,,,,,,,,,,,,,,,,,,,,,,,,,,,,,,,0.005036860494874418,0.0045718057081103325,0.006458020163699984,0.004838370298966765,0.0049766439653467385,0.0011370694846846163,0.6997473120689393,0.003359054168686271,0.002355740638449788,0.0610647851601243,0.0030582246952690186,0.0018453755881637334,0.011966928816400468,0.0009145418182015419,0.0014902922557666898,0.010634752828627825,0.009194435039535164,0.12630651965737344,0.002170323557220399,0.016744384169578554,0.013637745834421367,0.008490825654007494
class2,SLA-DRB1*08:04,SLA-DRB1,5,,,,,,,,,,,,,,,,,,,,,,,,,,,,,,,,,,,,,,,,,,,,,,,,,,,,,,,0.005970834894105792,0.0072678359225392345,0.012183003872632981,0.008076018979772925,0.007371185626834631,0.0021121161757037044,0.43106330931186676,0.006916097505018115,0.004436339548556134,0.04242543503642082,0.004851321212481707,0.002756941632833332,0.03906961935572326,0.0017101161531172693,0.0026806545443832873,0.009789128601551057,0.009948924463242293,0.3058353140950203,0.013354477297980338,0.032889709994196895,0.03660632474347949,0.01268531233072281
class2,SLA-DRB1*08:05,SLA-DRB1,5,,,,,,,,,,,,,,,,,,,,,,,,,,,,,,,,,,,,,,,,,,,,,,,,,,,,,,,0.006524868006817996,0.007058976078405976,0.014820462558418512,0.00787701951339841,0.006321353442035616,0.0022778312442824243,0.32675198912620546,0.006784551776945591,0.004200891556683928,0.043717947229743,0.0048175966483540835,0.0024054980487562714,0.04047567592933774,0.0015403481549583376,0.002552234730683267,0.010515891201794147,0.01007534791715443,0.3853961259126663,0.011622585356235504,0.05403677299618721,0.038609070051461455,0.01161696957424283
class2,SLA-DRB1*08:06,SLA-DRB1,5,,,,,,,,,,,,,,,,,,,,,,,,,,,,,,,,,,,,,,,,,,,,,,,,,,,,,,,0.005244877538643777,0.0056879559066146616,0.010063666338101029,0.003900548163801432,0.004043782805092632,0.002112489612773061,0.03372451141476631,0.006858775671571493,0.002731598471291363,0.030469937063753606,0.00640398699324578,0.0030675184563733636,0.06776345185935498,0.0017291033989749848,0.0042336614103987815,0.005529766483232379,0.005792591348290443,0.64117910861969,0.011459704337175936,0.10601429427042604,0.03672384861856699,0.005264793429523707
class2,SLA-DRB1*09:01:01,SLA-DRB1,5,,,,,,,,,,,,,,,,,,,,,,,,,,,,,,,,,,,,,,,,,,,,,,,,,,,,,,,0.006325649749487639,0.004084648028947413,0.009898721054196358,0.004333845293149352,0.002581755828578025,0.0016962057212367653,0.20821195989847183,0.003743911301717162,0.002436208032304421,0.21040357165038587,0.0033253444242291154,0.0011845677334349602,0.027158736530691386,0.0011440981295891106,0.0015972283203154803,0.010013502649962902,0.013408989738672971,0.4295171558856964,0.0032003958360292016,0.020008296892046928,0.0282451088540256,0.007480156631208957
class2,SLA-DRB1*09:01:02,SLA-DRB1,5,,,,,,,,,,,,,,,,,,,,,,,,,,,,,,,,,,,,,,,,,,,,,,,,,,,,,,,0.005890756193548441,0.003808354609645903,0.009970825910568238,0.004201146308332682,0.0025984762003645303,0.0017864640802145004,0.2526789024472237,0.004011144884862006,0.0021883127687033267,0.20303576067090034,0.004348803008906543,0.0013463008566759528,0.0320090863853693,0.0011758715903852136,0.001696492766495794,0.011599023081362247,0.014960386045277118,0.38051382303237913,0.0030904556391760708,0.019467608258128166,0.03111193738877773,0.00851006581215188
class2,SLA-DRB1*09:03,SLA-DRB1,5,,,,,,,,,,,,,,,,,,,,,,,,,,,,,,,,,,,,,,,,,,,,,,,,,,,,,,,0.006256945105269552,0.0037483596010133625,0.009805664792656899,0.004147102520801127,0.002433383371680975,0.0017787872813642025,0.27714914828538895,0.004022075026296079,0.002590785117354244,0.19817288666963578,0.004014515154995024,0.001352131739258766,0.03259943821467459,0.0012216607632581145,0.0017487478791736067,0.013807189650833607,0.013829669635742902,0.3547819465398788,0.003119878680445254,0.02376550603657961,0.03162349797785282,0.008030690136365592
class2,SLA-DRB1*09:02,SLA-DRB1,5,,,,,,,,,,,,,,,,,,,,,,,,,,,,,,,,,,,,,,,,,,,,,,,,,,,,,,,0.006305687129497528,0.004038655408658087,0.009798830840736628,0.004318068083375692,0.002645625569857657,0.0016942261718213558,0.2009279429912567,0.00373966715997085,0.0024772604752797633,0.20718261115252973,0.003297134046442807,0.0011952310451306403,0.027203388698399066,0.0011512218276038765,0.0016032635467126966,0.010050396714359523,0.013213103171437979,0.4399151086807251,0.00320492252940312,0.020255615934729576,0.02838768558576703,0.007394404581282288
class2,SLA-DRB1*10:01:01,SLA-DRB1,5,,,,,,,,,,,,,,,,,,,,,,,,,,,,,,,,,,,,,,,,,,,,,,,,,,,,,,,0.006170102430041879,0.004129605810157954,0.009598476998507976,0.0039468962932005525,0.0023150804452598097,0.0016229044529609382,0.2884482406079769,0.00326517263893038,0.003965138038620353,0.04745606556534767,0.004351175640476867,0.001133104629116133,0.03347186585888266,0.0010528402286581694,0.0013976392336189746,0.009760467428714037,0.01536853420548141,0.4954902522265911,0.0035621082468423994,0.018843011651188134,0.04004107341170311,0.004610219871392473
class2,SLA-DRB1*10:04,SLA-DRB1,5,,,,,,,,,,,,,,,,,,,,,,,,,,,,,,,,,,,,,,,,,,,,,,,,,,,,,,,0.005107918940484524,0.0034517287742346523,0.008267682883888483,0.004674112377688289,0.0017874756595119834,0.002512073260731995,0.19355774242430926,0.005393619276583194,0.008871027373243124,0.06981388591229916,0.017339418898336588,0.001900398195721209,0.03876639101654291,0.002713162871077657,0.006201139278709888,0.06483681984245777,0.04551421292126179,0.3453114002943039,0.008425985847134143,0.0640696476213634,0.09754246696829796,0.00394169851206243
class2,SLA-DRB1*10:03,SLA-DRB1,5,,,,,,,,,,,,,,,,,,,,,,,,,,,,,,,,,,,,,,,,,,,,,,,,,,,,,,,0.007008739560842514,0.005066257645376026,0.012390675023198128,0.004996295482851565,0.0027739848825149237,0.0021675663068890572,0.3142573874443769,0.008668856928125024,0.003955146716907621,0.07358626462519169,0.006533576687797904,0.001742792164441198,0.05741137694567442,0.0019381556077860296,0.0025600178516469894,0.012022710870951414,0.016186245949938893,0.37944347560405733,0.007825249258894473,0.0196879206225276,0.0508342245593667,0.00894304650137201
class2,SLA-DRB1*10:05,SLA-DRB1,5,,,,,,,,,,,,,,,,,,,,,,,,,,,,,,,,,,,,,,,,,,,,,,,,,,,,,,,0.0054594716872088615,0.003666674415580928,0.009625580720603466,0.004458991321735084,0.0017939557088539003,0.0016576367663219572,0.3577791705727577,0.0035853230161592363,0.0027227058715652676,0.05785494782030583,0.005876071157399565,0.0013868947396986186,0.03988136667758226,0.001211460749618709,0.0016920789377763868,0.014430962223559617,0.02054249234497547,0.40138106793165207,0.0038016911770682783,0.016326456889510156,0.03930802494287491,0.0055569499032571915
class2,SLA-DRB1*10:02,SLA-DRB1,5,,,,,,,,,,,,,,,,,,,,,,,,,,,,,,,,,,,,,,,,,,,,,,,,,,,,,,,0.005238544964231551,0.0037269507476594297,0.009331680834293365,0.00460124968085438,0.0017702430370263756,0.0016651532845571638,0.3477589599788189,0.0033843823708593845,0.002469681849470362,0.05687375143170357,0.006212312646675855,0.0014241875964216889,0.04019596725702286,0.0011950618005357682,0.0018443755223415792,0.015379754174500705,0.021509527880698442,0.4095610365271568,0.0035269004263682293,0.01826020246371627,0.03862930871546268,0.0054407499730587
class2,SLA-DRB1*11:01,SLA-DRB1,5,,,,,,,,,,,,,,,,,,,,,,,,,,,,,,,,,,,,,,,,,,,,,,,,,,,,,,,0.0011790576012572274,0.0008517342270351946,0.0008477337309159338,0.002186297869775444,0.001325480663217604,0.0004396214440930635,0.0005625432066153734,0.014203725074185058,0.40019763708114625,0.0010782677913084627,0.0022084526601247488,0.023093669582158326,0.0007470225973520428,0.1326866602525115,0.07684650077717378,0.006126031989697367,0.0010750252055004238,0.0005491164338309318,0.3190571118146181,0.009214265801711008,0.004304984165355563,0.0012190050561912357
class2,SLA-DRB1*11:02,SLA-DRB1,5,,,,,,,,,,,,,,,,,,,,,,,,,,,,,,,,,,,,,,,,,,,,,,,,,,,,,,,0.002985743957106024,0.001858340049511753,0.008347463677637279,0.0026245526445563883,0.0029129087342880666,0.001491898577660322,0.003837124223355204,0.02050451764371246,0.17080263579264282,0.007212218409404158,0.006125126872211695,0.012015335075557233,0.01076929341070354,0.15026028528809549,0.0602832842618227,0.03620833295863122,0.009306332457344978,0.026611574325943365,0.3679482854902744,0.04978689046110958,0.04586091665551066,0.002246909949462861
class2,SLA-DRB1*11:03,SLA-DRB1,5,,,,,,,,,,,,,,,,,,,,,,,,,,,,,,,,,,,,,,,,,,,,,,,,,,,,,,,0.0024023565114475788,0.007509241229854524,0.005426665861159563,0.004664488800335676,0.007814649399369955,0.001343465512036346,0.009124311254709028,0.01137560432543978,0.5997804820537567,0.0042887802876066415,0.007952846214175224,0.06527612074278295,0.0029664690751815214,0.015545237180776893,0.010064264526590705,0.058502965405932625,0.010213961487170308,0.004257158505788538,0.1260460304096341,0.005899087630677968,0.009142627089750022,0.030403222900349646
class2,SLA-DRB1*11:04,SLA-DRB1,5,,,,,,,,,,,,,,,,,,,,,,,,,,,,,,,,,,,,,,,,,,,,,,,,,,,,,,,0.0010016095329774544,0.0009327356601716019,0.0021864203677978366,0.0015176724147750065,0.0018060294969473034,0.0008754149952437728,0.0022812060633441433,0.011046339990571141,0.20343504529446363,0.00288726975559257,0.005423660681117326,0.022202049288898705,0.005524307355517522,0.21701372638344765,0.02534050578251481,0.0411471514031291,0.010711995884776115,0.002010321756824851,0.39634404154494407,0.02915958468802273,0.015607347618788481,0.001545527420239523
class2,SLA-DRB1*11:05,SLA-DRB1,5,,,,,,,,,,,,,,,,,,,,,,,,,,,,,,,,,,,,,,,,,,,,,,,,,,,,,,,0.0008039608161197975,0.0008613681216957048,0.0013933803304098547,0.0008668860158650204,0.0012926001974847168,0.0005366149649489671,0.000928414415102452,0.012333451258018612,0.19338890369981526,0.0011869215755723416,0.003432103095110506,0.01783741693943739,0.003206659707939252,0.18897677888162434,0.03382722153328359,0.020104210899444298,0.0038807272299891337,0.0011195741593837739,0.49834672100842,0.009930362622253597,0.0038078761659562587,0.0019378719851374626
class2,SLA-DRB1*11:06,SLA-DRB1,5,,,,,,,,,,,,,,,,,,,,,,,,,,,,,,,,,,,,,,,,,,,,,,,,,,,,,,,0.0011872843810124324,0.0014655765146017075,0.0027578838053159416,0.0015873206983087584,0.0022608486469835043,0.0010097536200191826,0.004631723352940753,0.010866046231240035,0.1978514378424734,0.004957120836479589,0.005996079265605659,0.02162685077637434,0.006354289583396166,0.1903578749857843,0.028320529218763112,0.04381585669470951,0.014916964381700381,0.0025733528775162993,0.4129641311243176,0.028279435192234813,0.01403985098004341,0.0021797543042339383
class2,SLA-DRB1*13:01,SLA-DRB1,5,,,,,,,,,,,,,,,,,,,,,,,,,,,,,,,,,,,,,,,,,,,,,,,,,,,,,,,0.007295170007273555,0.006531650677789003,0.01829917188733816,0.006082232436165213,0.004299308126792312,0.0023115145973861217,0.24884517639875411,0.005335681838914752,0.017977000342216342,0.0853518784046173,0.005571851367130875,0.0020485040731728077,0.056009785085916516,0.0016334292711690068,0.002074956602882594,0.04391220575198531,0.021812273748219015,0.2940901905298233,0.01199852227291558,0.05610418329015374,0.09607439618557692,0.006340900273062289
class2,SLA-DRB1*14:01,SLA-DRB1,5,,,,,,,,,,,,,,,,,,,,,,,,,,,,,,,,,,,,,,,,,,,,,,,,,,,,,,,0.0012808745203074067,0.0009539658844005316,0.0010475959279574454,0.002241786022204906,0.0013628842774778605,0.00048224023194052277,0.0005523509287741035,0.0172271472052671,0.3843641536310315,0.0011291682196315378,0.002650573430582881,0.026238251756876708,0.0008829644357319921,0.13070524670183659,0.0641004569013603,0.005870725779095665,0.0011036799580324442,0.0005811252805870027,0.34139087349176406,0.009884863207116724,0.004301690892316401,0.0016473477124236524
class2,SLA-DRB1*13:02,SLA-DRB1,5,,,,,,,,,,,,,,,,,,,,,,,,,,,,,,,,,,,,,,,,,,,,,,,,,,,,,,,0.00833944696933031,0.007450710202101618,0.018395943101495504,0.00810384564101696,0.004253170080482959,0.0022535237716510893,0.2884072676301003,0.004539606813341379,0.02857191688963212,0.05483103506267071,0.006123725813813508,0.002536920190323144,0.08871550243347884,0.0023750784574076535,0.0023305796086788176,0.06307053351774812,0.025923832133412362,0.25214632265269754,0.021625130414031447,0.04831899697892368,0.05426704939454794,0.007419839396607131
class2,SLA-DRB1*09:05,SLA-DRB1,5,,,,,,,,,,,,,,,,,,,,,,,,,,,,,,,,,,,,,,,,,,,,,,,,,,,,,,,0.005729443253949284,0.003452530037611723,0.009731877781450748,0.0042382269632071255,0.002512239059433341,0.0017836883198469877,0.2402673840522766,0.004054123163223266,0.002185363456374034,0.21977237313985826,0.0036579434061422946,0.0013267091591842473,0.030542282667011023,0.0012056015839334577,0.0017767476034350692,0.013265868928283454,0.015339342039078474,0.37452065050601957,0.0031354715290945025,0.020543436147272588,0.03285856014117598,0.008100179256871343
class2,SLA-DRB1*10:06,SLA-DRB1,5,,,,,,,,,,,,,,,,,,,,,,,,,,,,,,,,,,,,,,,,,,,,,,,,,,,,,,,0.0061307879514060915,0.0037678335182135926,0.009831566642969847,0.004927317076362669,0.0020281783072277904,0.001695519802160561,0.3037086561322212,0.0031824785750359298,0.0036286363552790134,0.03385714441537857,0.005778630124405026,0.0013255177182145417,0.03558022752404213,0.0015788283897563815,0.0014972646022215486,0.019136397168040276,0.022295394679531455,0.4103353925049305,0.003779401327483356,0.017583225574344396,0.10464703775942326,0.003704554564319551
class2,SLA-DRB1*01:03,SLA-DRB1,5,,,,,,,,,,,,,,,,,,,,,,,,,,,,,,,,,,,,,,,,,,,,,,,,,,,,,,,0.006353398808278144,0.0033094056358095258,0.01065386263653636,0.004594030790030956,0.0024162712972611187,0.0017772180261090397,0.27637462615966796,0.003283069236204028,0.0027623054338619113,0.07777188569307328,0.003845037193968892,0.0010798558359965682,0.0396727385930717,0.0013615749892778694,0.0013975867419503628,0.013884990662336349,0.02033841945230961,0.4241635724902153,0.0031631008518161253,0.017718715965747832,0.0780902897939086,0.005988036480266601
class2,SLA-DRB1*01:04,SLA-DRB1,5,,,,,,,,,,,,,,,,,,,,,,,,,,,,,,,,,,,,,,,,,,,,,,,,,,,,,,,0.006330785807222128,0.007526662817690521,0.017908195219933986,0.0072414172813296315,0.005574969074223191,0.0020913988118991256,0.36665743589401245,0.004115304071456194,0.04322373648174107,0.04745964165776968,0.005881918082013726,0.0022439711960032583,0.0643935976549983,0.0022712242091074584,0.0020985167240723966,0.07312043597921729,0.02623104937374592,0.19481880590319633,0.01754509545280598,0.04772834600880742,0.047986658103764054,0.007550842582713812
class2,SLA-DRB1*03:02,SLA-DRB1,5,,,,,,,,,,,,,,,,,,,,,,,,,,,,,,,,,,,,,,,,,,,,,,,,,,,,,,,0.006061376538127661,0.005144881946034729,0.0071451525203883644,0.007486370531842113,0.005419910012278706,0.001587908109650016,0.6032416105270386,0.005134271807037294,0.007414616958703846,0.03383863717317581,0.0030810033320449294,0.0019395744893699884,0.017105298931710422,0.0014125953894108534,0.0021547064650803806,0.01132751051336527,0.009198218723759055,0.19110143519937992,0.005817198636941611,0.039261399395763875,0.02594616007991135,0.009180159913375974
class2,SLA-DRB1*16:01,SLA-DRB1,5,,,,,,,,,,,,,,,,,,,,,,,,,,,,,,,,,,,,,,,,,,,,,,,,,,,,,,,0.006591656291857362,0.005986803071573376,0.008528453577309848,0.005857179313898087,0.005569871759507805,0.0017768887802958489,0.5725190609693527,0.007928983448073268,0.004212878318503499,0.08828752990812064,0.004919312347192317,0.002339556801598519,0.022294595651328564,0.0017242808477021753,0.002206549048423767,0.01266510970890522,0.010706361895427109,0.14654043316841125,0.009754159580916166,0.03137796819210052,0.03706814504694193,0.011144182132557034
class2,SLA-DRB1*16:02,SLA-DRB1,5,,,,,,,,,,,,,,,,,,,,,,,,,,,,,,,,,,,,,,,,,,,,,,,,,,,,,,,0.006796355498954654,0.0054355145432054995,0.007498140819370747,0.007141708536073566,0.004888288088841364,0.0015238091233186423,0.6437492132186889,0.00496647444088012,0.0037902678712271156,0.04400778282433748,0.0030685346107929947,0.001895210170187056,0.018791761924512686,0.0012877062254119664,0.0020288431784138083,0.011380541091784834,0.009258023486472667,0.15678601525723934,0.005282585660461336,0.0302123099565506,0.019238956412300466,0.010971954138949514
class2,SLA-DRB1*14:02,SLA-DRB1,5,,,,,,,,,,,,,,,,,,,,,,,,,,,,,,,,,,,,,,,,,,,,,,,,,,,,,,,0.006042495940346271,0.004307315626647323,0.008943498809821903,0.007171808183193207,0.006798466667532921,0.0018686931289266795,0.22190644997172057,0.011354254558682442,0.22147819751407952,0.02706386586651206,0.0032345434068702162,0.00677618202753365,0.0059715666633564975,0.00602517519146204,0.0050317086046561595,0.08587636398151517,0.013016655249521137,0.15549968590494245,0.1295537136727944,0.019081911351531745,0.04545859936624765,0.007538862293586135
class2,SLA-DRB1*15:01,SLA-DRB1,5,,,,,,,,,,,,,,,,,,,,,,,,,,,,,,,,,,,,,,,,,,,,,,,,,,,,,,,0.0008486825332511217,0.0025594914564862846,0.0020169015042483807,0.002640351193258539,0.002269062877167016,0.0005413854436483234,0.0029902164911618455,0.007471059076488018,0.6946153074502945,0.001551784566254355,0.0015461026516277343,0.013650665839668364,0.0009728247969178483,0.03851234996691346,0.006998073821887374,0.018652652023592963,0.0015128340048249811,0.0015213686376227998,0.17324403459206222,0.01651564222993329,0.008132310200016946,0.0012369017000310122
class2,SLA-DRB1*17:01,SLA-DRB1,5,,,,,,,,,,,,,,,,,,,,,,,,,,,,,,,,,,,,,,,,,,,,,,,,,,,,,,,0.000862527017307002,0.0032735898334067316,0.0022101468173787,0.003104661632096395,0.004066019889432937,0.0006907757197041065,0.004638651624554768,0.004800535342656076,0.5869375078007579,0.0026975960499839857,0.0021685913219698706,0.01066508250660263,0.001746024697786197,0.01134581381920725,0.038133324775844815,0.006269436294678599,0.002889758156379685,0.002257317313342355,0.28606303767301144,0.015371091396082193,0.00781650268472731,0.001991993666160852
class2,SLA-DRB1*15:02N,SLA-DRB1,5,,,,,,,,,,,,,,,,,,,,,,,,,,,,,,,,,,,,,,,,,,,,,,,,,,,,,,,0.00115103116404498,0.003062900179065764,0.0011631480301730335,0.002268260359414853,0.003661087597720325,0.0004094415664440021,0.0012253350752871484,0.002438805147539824,0.8570959329605102,0.0008666934736538678,0.0017007624061079695,0.023200166097376497,0.0003989526507211849,0.013287066412158311,0.003701839252607897,0.006753555522300303,0.0011557852471014486,0.0008765393999055959,0.06171038174070418,0.00465831917244941,0.0030279393948148938,0.006186055549187585
class2,SLA-DRB1*15:03N,SLA-DRB1,5,,,,,,,,,,,,,,,,,,,,,,,,,,,,,,,,,,,,,,,,,,,,,,,,,,,,,,,0.00115103116404498,0.003062900179065764,0.0011631480301730335,0.002268260359414853,0.003661087597720325,0.0004094415664440021,0.0012253350752871484,0.002438805147539824,0.8570959329605102,0.0008666934736538678,0.0017007624061079695,0.023200166097376497,0.0003989526507211849,0.013287066412158311,0.003701839252607897,0.006753555522300303,0.0011557852471014486,0.0008765393999055959,0.06171038174070418,0.00465831917244941,0.0030279393948148938,0.006186055549187585
class2,SLA-DRB1*09:06,SLA-DRB1,5,,,,,,,,,,,,,,,,,,,,,,,,,,,,,,,,,,,,,,,,,,,,,,,,,,,,,,,0.005903807282447815,0.0037638166919350623,0.00959389442577958,0.004387285141274333,0.002762504597194493,0.0017658447846770286,0.2503789022564888,0.004001829517073929,0.0021419166296254843,0.21677829325199127,0.004052332160063088,0.0013287405832670628,0.029393936321139336,0.0012183251965325326,0.001680343027692288,0.011175942048430443,0.014962102938443422,0.373249414563179,0.003059103462146595,0.018342657759785653,0.03105225721374154,0.009006732318084687
class2,SLA-DRB1*10:07,SLA-DRB1,5,,,,,,,,,,,,,,,,,,,,,,,,,,,,,,,,,,,,,,,,,,,,,,,,,,,,,,,0.005364280368667096,0.003864448081003502,0.009501304291188718,0.0044293072773143646,0.0018146355403587222,0.0015746499877423048,0.3706164386123419,0.003300472698174417,0.0029089384363032876,0.047171791270375255,0.0057516707223840054,0.0013123063836246729,0.03705905489623547,0.0011647128849290311,0.00161215600091964,0.010978655144572257,0.018084909580647946,0.4121283084154129,0.003544781808159314,0.0166414525359869,0.035926792025566104,0.0052489143679849805
class2,SLA-DRB1*09:07,SLA-DRB1,5,,,,,,,,,,,,,,,,,,,,,,,,,,,,,,,,,,,,,,,,,,,,,,,,,,,,,,,0.00586559830699116,0.004400938004255295,0.01006519878283143,0.004717262857593596,0.0021445747814141216,0.001730532688088715,0.2390538088977337,0.003889596415683627,0.0023139452503528448,0.12138607986271381,0.0044325549737550315,0.0015000822022557259,0.03784314822405577,0.001144507818389684,0.0018805625266395509,0.011199438478797674,0.015109244920313358,0.4753137230873108,0.0037688707758206873,0.020395131222903727,0.026229278929531575,0.005615899618715048
class2,SLA-DRB1*10:08,SLA-DRB1,5,,,,,,,,,,,,,,,,,,,,,,,,,,,,,,,,,,,,,,,,,,,,,,,,,,,,,,,0.005361505097243935,0.0036777760600671173,0.010011325916275382,0.005280113546177745,0.0018591341911815106,0.001969966059550643,0.26708718445152047,0.0035782620310783387,0.0036024278262630103,0.04653641134500504,0.0067802646430209276,0.0015662660589441657,0.032998590264469385,0.0014652899582870305,0.003620585240423679,0.03389025777578354,0.021906931512057783,0.423128305375576,0.004481547506293282,0.06981584606692195,0.047031473368406296,0.004350530356168747
class2,SLA-DRB1*07:04,SLA-DRB1,5,,,,,,,,,,,,,,,,,,,,,,,,,,,,,,,,,,,,,,,,,,,,,,,,,,,,,,,0.02945691831409931,0.059070626739412546,0.03864842522889376,0.04801086187362671,0.10455285012722015,0.004585368349216879,0.04928703571204096,0.02816581055521965,0.0372521648183465,0.0286921170540154,0.03106228429824114,0.04948268309235573,0.020434930827468632,0.014992416184395552,0.03512008376419544,0.022564006363973023,0.017735085962340236,0.027928284648805857,0.09062986746430397,0.02025457073468715,0.019120553461834788,0.22295306250452995
class2,SLA-DRB1*01:05,SLA-DRB1,5,,,,,,,,,,,,,,,,,,,,,,,,,,,,,,,,,,,,,,,,,,,,,,,,,,,,,,,0.0071043743751943115,0.007047497201710939,0.016192965488880873,0.006567336060106755,0.00476540137315169,0.0020578594179823996,0.30265631526708603,0.005254391813650727,0.05927335032611154,0.10461838357150555,0.006226688122842461,0.0022636415204033257,0.060236177686601874,0.002591699128970504,0.0029998513171449305,0.039151870738714935,0.021755020320415496,0.2466412778943777,0.014222773991059512,0.04611533861607313,0.03269099956378341,0.009566821227781474
class2,SLA-DRB1*16:03,SLA-DRB1,5,,,,,,,,,,,,,,,,,,,,,,,,,,,,,,,,,,,,,,,,,,,,,,,,,,,,,,,0.006654187571257353,0.006115128193050623,0.008542371401563286,0.006008094106800854,0.005749014200409875,0.0017095056711696089,0.5721510589122772,0.006955171609297395,0.003669853927567601,0.08168452028185129,0.004848612030036748,0.002284243865869939,0.022422381083015353,0.001507340429816395,0.002474918472580612,0.011370823648758233,0.009996406524442137,0.1688864391297102,0.008568012225441634,0.029149348475039007,0.027944181370548903,0.01130838254466653
class2,SLA-DRB1*09:04,SLA-DRB1,5,,,,,,,,,,,,,,,,,,,,,,,,,,,,,,,,,,,,,,,,,,,,,,,,,,,,,,,0.006254539871588349,0.004648697189986705,0.013329377211630345,0.004540984146296978,0.0029840961564332248,0.002202828344888985,0.20996979400515556,0.00950017780996859,0.0032508170465007425,0.17339094839990138,0.004677420959342271,0.0018313640146516263,0.04659796915948391,0.0018348852638155222,0.0028311461792327464,0.010830795299261809,0.011884994432330131,0.3926577255129814,0.010344827850349247,0.029102317430078982,0.048214794509112834,0.009119470277801156
class2,SLA-DRB1*12:02,SLA-DRB1,5,,,,,,,,,,,,,,,,,,,,,,,,,,,,,,,,,,,,,,,,,,,,,,,,,,,,,,,0.001309733564266935,0.0009133451472735033,0.001661951281130314,0.0024402157810982316,0.0019449481274932622,0.0007401344540994614,0.0009034412098117173,0.011142400768585503,0.2480151121970266,0.0028797660081181673,0.006838483083993196,0.03527975901961326,0.0038866470218636095,0.24805168733000754,0.016228294442407788,0.01531590272206813,0.0034902319544926285,0.0012708463822491468,0.35793047519400717,0.017718369769863785,0.020674050599336625,0.001364166906569153
class2,SLA-DRB1*12:03,SLA-DRB1,5,,,,,,,,,,,,,,,,,,,,,,,,,,,,,,,,,,,,,,,,,,,,,,,,,,,,,,,0.0012630160053959116,0.0011137852387037128,0.0020586796454153955,0.0022924825752852485,0.0021206574630923567,0.0007122147886548192,0.001991187804378569,0.008759533753618598,0.20479706721380353,0.002017788327066228,0.0031260875519365074,0.026514565013349055,0.0024675029213540255,0.2798517219722271,0.01514858442824334,0.01622383063659072,0.002940718666650355,0.0019609331036917867,0.39775184392929075,0.01541046539787203,0.009711278136819601,0.001766092301113531
class2,SLA-DRB1*12:01:02,SLA-DRB1,5,,,,,,,,,,,,,,,,,,,,,,,,,,,,,,,,,,,,,,,,,,,,,,,,,,,,,,,0.0013017223158385605,0.0008801028685411439,0.0014263264485634864,0.002368331071920693,0.0017485690535977484,0.0006302121910266578,0.0007682697905693203,0.00878225757041946,0.2387864442076534,0.0013981973112095147,0.0037963840644806624,0.0387544933706522,0.001696824742248282,0.3293356239795685,0.015269982581958174,0.013462917029391975,0.0023943539243191482,0.0008125007094349712,0.3136750215664506,0.01152626182883978,0.009655992675106972,0.0015292437688913195
class2,SLA-DRB1*04:07,SLA-DRB1,5,,,,,,,,,,,,,,,,,,,,,,,,,,,,,,,,,,,,,,,,,,,,,,,,,,,,,,,0.0038876722566783426,0.0021330603980459274,0.009507388761267065,0.0027682016836479304,0.002486267383210361,0.0024692986393347383,0.007778516970574856,0.0536300694104284,0.1861552639864385,0.04836658970452845,0.015870191529393195,0.008853568648919462,0.037670051143504676,0.04834738438948989,0.020118946395814418,0.16490930235013365,0.04472821159288287,0.07750051284674556,0.04748413227498531,0.08083116933703423,0.13219725517556072,0.0023069628630764784
class2,SLA-DRB1*04:08,SLA-DRB1,5,,,,,,,,,,,,,,,,,,,,,,,,,,,,,,,,,,,,,,,,,,,,,,,,,,,,,,,0.0019494631327688695,0.0013525607530027628,0.004229522543027997,0.00288376824464649,0.0016145698609761894,0.001789583807112649,0.004885587515309453,0.06995586636476218,0.20211039008572698,0.055358884198358285,0.016173788532614707,0.012613992393016814,0.035988898441428316,0.07345432601869106,0.018402144499123096,0.20802046888275072,0.01585114368936047,0.03301453144522384,0.06231034556403756,0.04895068386103958,0.12755642808042467,0.001533066970296204
class2,SLA-DRB1*06:06,SLA-DRB1,5,,,,,,,,,,,,,,,,,,,,,,,,,,,,,,,,,,,,,,,,,,,,,,,,,,,,,,,0.006345927249640226,0.0038424987462349234,0.01532470528036356,0.004763359157368541,0.0020837490796111525,0.002878904179669917,0.14556669285520912,0.03959463303908706,0.004911950195673853,0.07948532942682504,0.018909383728168905,0.0064859622565563765,0.06325148753821849,0.0069945716531947255,0.0105745266424492,0.125435577519238,0.027444048970937728,0.12881559431552886,0.13712310612318107,0.053621917869895695,0.11223007440567016,0.004315995983779431
class2,SLA-DRB1*11:07,SLA-DRB1,5,,,,,,,,,,,,,,,,,,,,,,,,,,,,,,,,,,,,,,,,,,,,,,,,,,,,,,,0.0009907383166137152,0.0017816190724261106,0.0008707803441211581,0.0021684131846996025,0.001558579469565302,0.00034084158833138647,0.0010709517053328454,0.002816643542610109,0.8311868011951447,0.0007927093625767157,0.0011692090367432684,0.01699136791867204,0.0002930396469309926,0.036181085859425366,0.00457110904972069,0.006866202247329057,0.0008944177912781015,0.0007711414349614642,0.07794869495555759,0.005574202060233802,0.0038862072105985135,0.001275245164288208
class2,SLA-DRB1*11:08,SLA-DRB1,5,,,,,,,,,,,,,,,,,,,,,,,,,,,,,,,,,,,,,,,,,,,,,,,,,,,,,,,0.0009580859710695222,0.0011673838540446012,0.0021736172609962525,0.002002760861068964,0.0014696913072839378,0.0010449439490912483,0.0034151321451645344,0.013899518875405192,0.3947385149076581,0.06579516789061017,0.006182776001514867,0.013063648412935436,0.006317937365383841,0.047677233209833504,0.016930643329396845,0.04411736448819283,0.007478555524721741,0.013521439838223159,0.17830453792121262,0.06248828169191256,0.11611008541658521,0.001142644669744186
class2,SLA-DRB1*12:01:01,SLA-DRB1,5,,,,,,,,,,,,,,,,,,,,,,,,,,,,,,,,,,,,,,,,,,,,,,,,,,,,,,,0.0012398131191730499,0.0009946836362360045,0.0009563433297444135,0.002369335008552298,0.0016039814916439354,0.00043714948114939036,0.0005213073309278116,0.0046902400848921385,0.3863546997308731,0.0007515067525673657,0.0026655369321815668,0.024818758573383094,0.001016744173830375,0.21346742091700435,0.01705335464212112,0.0047355907736346126,0.001116222352720797,0.0005529515590751543,0.3238461121916771,0.004891096678329631,0.004736031917855143,0.0011811237549409271
class2,SLA-DQB1*02:10,SLA-DQB1,5,,,,,,,,,,,,,,,,,,,,,,,,,,,,,,,,,,,,,,,,,,,,,,,,,,,,,,,0.246260997466743,0.25236011957749727,0.0347800474613905,0.02770382622256875,0.09493471747264266,0.001973470381926745,0.18663099785335363,0.005016443284694106,0.007383358012884855,0.013674947409890592,0.004074763669632375,0.0029004932614043353,0.007086448953486979,0.0021393012837506832,0.0034749740501865745,0.011242422531358898,0.013016097526997328,0.05478641800582409,0.004157969076186418,0.0069934030063450335,0.012372332182712853,0.0070364126469939945
class2,SLA-DQB1*02:11,SLA-DQB1,5,,,,,,,,,,,,,,,,,,,,,,,,,,,,,,,,,,,,,,,,,,,,,,,,,,,,,,,0.24141330532729627,0.12755526192486286,0.06221495494246483,0.028226954257115723,0.16348718665540218,0.002411014016252011,0.09540981012396514,0.010832273052074015,0.003113322891294956,0.034560693812090905,0.012807010649703443,0.0028112694853916764,0.03362597916275263,0.0037136032711714505,0.004736531956586987,0.012905748141929508,0.01898370434064418,0.11062267683446407,0.003051748021971434,0.01023653307929635,0.008237056201323867,0.009043356869369745
class2,SLA-DQB1*03:05,SLA-DQB1,5,,,,,,,,,,,,,,,,,,,,,,,,,,,,,,,,,,,,,,,,,,,,,,,,,,,,,,,0.2680667362175882,0.01435487112030387,0.21948042456060649,0.12279414497315884,0.006223939498886466,0.0023169594584032892,0.18933328920975329,0.008379442966543138,0.003975292877294123,0.023250116407871245,0.014479699032381176,0.0027669083792716265,0.020868553267791867,0.0032629688503220677,0.004265121911885217,0.00826905146241188,0.016015138942748308,0.03933163448236883,0.004945558519102633,0.013802275247871875,0.009008577861823141,0.004809272335842251
class2,SLA-DQB1*06:02:02,SLA-DQB1,5,,,,,,,,,,,,,,,,,,,,,,,,,,,,,,,,,,,,,,,,,,,,,,,,,,,,,,,0.05409077168442309,0.4122914702631533,0.08394943121820689,0.013024100102484226,0.19415715783834459,0.0012180188088677824,0.17403661168646067,0.0030091026681475343,0.005380477849394083,0.01130651478888467,0.003347843268420547,0.002628220710903406,0.004379042575601488,0.001994069624925032,0.002357489266432822,0.003857912129024044,0.00787689194548875,0.007826266274787486,0.004231383570004255,0.004080739500932395,0.0018207450862973928,0.003135684027802199
class2,SLA-DQB1*07:01:02,SLA-DQB1,5,,,,,,,,,,,,,,,,,,,,,,,,,,,,,,,,,,,,,,,,,,,,,,,,,,,,,,,0.12812951700761915,0.061096000391989945,0.049309401959180835,0.01975937457755208,0.10571848209947347,0.00203759060241282,0.37611700519919394,0.006598851783201099,0.00523992576636374,0.06290724766440689,0.0037467896472662687,0.002828699164092541,0.004829502711072564,0.0020586976082995535,0.0030752740567550063,0.010463219275698066,0.013524867361411452,0.10091605484485626,0.0030014270218089224,0.019707186985760926,0.012439153937157244,0.006495711486786604
class2,SLA-DQB1*07:01:03,SLA-DQB1,5,,,,,,,,,,,,,,,,,,,,,,,,,,,,,,,,,,,,,,,,,,,,,,,,,,,,,,,0.12812951700761915,0.061096000391989945,0.049309401959180835,0.01975937457755208,0.10571848209947347,0.00203759060241282,0.37611700519919394,0.006598851783201099,0.00523992576636374,0.06290724766440689,0.0037467896472662687,0.002828699164092541,0.004829502711072564,0.0020586976082995535,0.0030752740567550063,0.010463219275698066,0.013524867361411452,0.10091605484485626,0.0030014270218089224,0.019707186985760926,0.012439153937157244,0.006495711486786604
class2,SLA-DQB1*08:04,SLA-DQB1,5,,,,,,,,,,,,,,,,,,,,,,,,,,,,,,,,,,,,,,,,,,,,,,,,,,,,,,,0.008244068059138954,0.49403705522418023,0.010490306187421083,0.008762613125145435,0.09494517631828785,0.0011210430588107557,0.1704490264179185,0.003341748984530568,0.1399749277625233,0.00614059236831963,0.0028640940668992697,0.004199878522194922,0.0024687556549906732,0.0027150769310537726,0.0031453035422600805,0.004421316733350977,0.003921829466708005,0.010223306249827147,0.004111113562248647,0.008230456570163368,0.004320633650058881,0.011871675797738134
class2,SLA-DQB1*08:05,SLA-DQB1,5,,,,,,,,,,,,,,,,,,,,,,,,,,,,,,,,,,,,,,,,,,,,,,,,,,,,,,,0.00772839366691187,0.4901796165853739,0.018005460407584904,0.0053981960285454985,0.4523527603596449,0.0005265196756226942,0.0018156634410843252,0.0013016501907259226,0.004339204961434006,0.0006598514184588567,0.0009776086953934282,0.0023968210094608366,0.0010922469780780375,0.0011414633045205846,0.001253757963422686,0.0014214226132025943,0.001640528452116996,0.002306049538310617,0.0018166050140280277,0.001187698624562472,0.0006943503292859532,0.001764119724975899
class2,SLA-DRB1*02:11,SLA-DRB1,5,,,,,,,,,,,,,,,,,,,,,,,,,,,,,,,,,,,,,,,,,,,,,,,,,,,,,,,0.003953612339682877,0.005070808460004628,0.01370659889653325,0.004935519536957145,0.004480901919305324,0.001520667120348662,0.4634654939174652,0.0031696950434707107,0.005841210763901472,0.05390687808394432,0.0035413065110333265,0.0019793019280768933,0.03771505416370928,0.0013182349968701601,0.0019757212838158013,0.01158357746899128,0.008033581916242838,0.2860670331865549,0.0085812738572713,0.05627008303999901,0.014290867373347282,0.008592580049298703
class2,SLA-DRB1*11:09,SLA-DRB1,5,,,,,,,,,,,,,,,,,,,,,,,,,,,,,,,,,,,,,,,,,,,,,,,,,,,,,,,0.0008722037964616902,0.0015911788679659367,0.0007904947502538562,0.0017826517520006745,0.0014467367029283196,0.00030688421975355595,0.0012926823255838826,0.003292722883634269,0.7700238734483719,0.0008424470375757665,0.0012499411575845442,0.01462722643627785,0.00029925548005849123,0.13964966870844364,0.006368159828707576,0.0072163043863838535,0.0008634852507384494,0.0008851220598444342,0.03233984000980854,0.008017880865372718,0.005225604062434286,0.0010156059463042766
class2,SLA-DRB1*10:01:02,SLA-DRB1,5,,,,,,,,,,,,,,,,,,,,,,,,,,,,,,,,,,,,,,,,,,,,,,,,,,,,,,,0.005267643055412918,0.0037116076913662256,0.009470586571842432,0.004446222959086299,0.0017699073767289519,0.0016474707052111625,0.3473909839987755,0.0034170408267527818,0.002802272152621299,0.05471291728317738,0.005922623875085265,0.0013666588929481804,0.04073788253590464,0.0012046762509271502,0.0017223439179360866,0.01476713689044118,0.020924229081720112,0.4128369063138962,0.003589326294604689,0.017122288607060908,0.03989809937775135,0.005271234712563455
class2,SLA-DRB1*04:10,SLA-DRB1,5,,,,,,,,,,,,,,,,,,,,,,,,,,,,,,,,,,,,,,,,,,,,,,,,,,,,,,,0.0029131465475074948,0.0016261480166576802,0.005407714634202421,0.0027875610452611,0.0016381287248805165,0.0016010527790058405,0.04132808449212462,0.014201962016522884,0.212201048550196,0.07471473144250922,0.0045725021744146945,0.005838218750432134,0.013896691042464226,0.010971231805160641,0.0070374877192080024,0.17399190428550354,0.019530751486308874,0.12626042116899044,0.06784294373355806,0.052553066867403686,0.15738642611540854,0.0016987579059787095
class2,SLA-DRB1*14:03,SLA-DRB1,5,,,,,,,,,,,,,,,,,,,,,,,,,,,,,,,,,,,,,,,,,,,,,,,,,,,,,,,0.0011235242942348122,0.0004891324322670698,0.00080845468910411,0.0012792510562576354,0.0008858964312821627,0.0004139896744163707,0.0005000833771191537,0.04097930411808193,0.2175943902693689,0.0009185032889945432,0.00246682520955801,0.03953516576439142,0.001032466592732817,0.4456103589385748,0.03423502638470381,0.0041016727802343665,0.0010209985950496048,0.0004921307554468513,0.18820598116144538,0.012202848808374255,0.004840206820517778,0.001263786677736789
class2,SLA-DRB1*06:07,SLA-DRB1,5,,,,,,,,,,,,,,,,,,,,,,,,,,,,,,,,,,,,,,,,,,,,,,,,,,,,,,,0.006206818809732795,0.003336492134258151,0.013457826059311628,0.005481507396325469,0.002951158198993653,0.002401614002883434,0.14855675920844078,0.009113520523533225,0.003716098016593605,0.10187522992491722,0.0057995684910565615,0.0016708581242710352,0.03117357101291418,0.002204606030136347,0.004697373555973172,0.12092143194749952,0.025410679168999195,0.3880306087434292,0.009069057379383594,0.051278596930205825,0.058938317000865936,0.003708284441381693
class2,SLA-DRB1*04:09,SLA-DRB1,5,,,,,,,,,,,,,,,,,,,,,,,,,,,,,,,,,,,,,,,,,,,,,,,,,,,,,,,0.0020879375224467367,0.0012603000388480723,0.0036487526493147017,0.002908497035969049,0.001589077920652926,0.0016520674107596278,0.0035906973760575058,0.06548507963307201,0.20150860715657473,0.03632419781642966,0.016912945127114654,0.01725166579708457,0.035371321870479734,0.1597845610231161,0.018319372646510602,0.21734675159677863,0.017273262317758054,0.02205320243956521,0.055563467601314184,0.025795055669732392,0.09262662148103118,0.0016465490611153656
class2,SLA-DRB1*02:10,SLA-DRB1,5,,,,,,,,,,,,,,,,,,,,,,,,,,,,,,,,,,,,,,,,,,,,,,,,,,,,,,,0.004041585838422179,0.004848878586199134,0.012945912685245276,0.005058749858289957,0.0042675212782341985,0.001533212314825505,0.4811183899641037,0.0032302537467330692,0.006729500700021163,0.025989389792084695,0.0038551885634660723,0.001901953131891787,0.03789307263214141,0.001275203435216099,0.0018835558439604938,0.010856736171990632,0.007792196702212095,0.2910847656428814,0.00855406788759865,0.05786131015047431,0.018720735050737857,0.0085577929392457
class2,SLA-DRB1*12:05,SLA-DRB1,5,,,,,,,,,,,,,,,,,,,,,,,,,,,,,,,,,,,,,,,,,,,,,,,,,,,,,,,0.0010271775885485114,0.0007021737197646871,0.0008702371269464493,0.0017677436087979003,0.0015265779220499098,0.0003635949164163321,0.000495218049036339,0.004427407984621823,0.34797036251984537,0.0006673245108686388,0.002589939534664154,0.027163457497954367,0.0009592442031134852,0.382777876406908,0.01073749124770984,0.004940393706783652,0.0012961871339939534,0.00047893780283629893,0.1983400896191597,0.0052546932070981715,0.004756442387588322,0.0008874368271790445
class2,SLA-DQB1*02:12,SLA-DQB1,5,,,,,,,,,,,,,,,,,,,,,,,,,,,,,,,,,,,,,,,,,,,,,,,,,,,,,,,0.09234770806506276,0.0864922896027565,0.22364742970094084,0.07988734333775938,0.18716842783614993,0.002690809452906251,0.030429376242682337,0.008676965534687043,0.003720638365484774,0.021975122636649757,0.021648214699234815,0.0038735034642741082,0.05732080030720681,0.003292789030820131,0.0053955182200297715,0.007576131541281938,0.018575596809387206,0.11378068933263422,0.004057629639282823,0.014138096431270241,0.00815343614667654,0.005151474455487914
class2,SLA-DQB1*07:02,SLA-DQB1,5,,,,,,,,,,,,,,,,,,,,,,,,,,,,,,,,,,,,,,,,,,,,,,,,,,,,,,,0.10381734357215464,0.15233346074819565,0.05270674973726273,0.023606674186885356,0.0684810945764184,0.0022689437260851263,0.3422092579305172,0.006714081484824419,0.006212384160608053,0.06323632737621665,0.004157163598574698,0.003307301877066493,0.0060385489137843255,0.002052218862809241,0.0037010534084402024,0.010816755006089807,0.013713749637827278,0.08702929662540555,0.003925821767188609,0.02382507212460041,0.011695237457752227,0.008151460764929652
class2,SLA-DRB1*14:04,SLA-DRB1,5,,,,,,,,,,,,,,,,,,,,,,,,,,,,,,,,,,,,,,,,,,,,,,,,,,,,,,,0.001276295041316189,0.0009242217347491533,0.0010195520822890102,0.002218172320863232,0.0013493374979589134,0.0004788470279891044,0.0005456930492073297,0.01711727067013271,0.38693804051727054,0.001133313699392602,0.0026378574664704503,0.025926116853952408,0.0008696542994584888,0.12810539500787854,0.06438481516670436,0.005905174097279087,0.001098930329317227,0.0005826856766361743,0.3416167851537466,0.009919616970000789,0.004318869998678565,0.001633323566056788
class2,SLA-DRB1*04:11,SLA-DRB1,5,,,,,,,,,,,,,,,,,,,,,,,,,,,,,,,,,,,,,,,,,,,,,,,,,,,,,,,0.0022119917324744166,0.0013567596324719489,0.004508248833008111,0.0027315816609188915,0.002096975012682378,0.0018543678452260792,0.005312852596398443,0.05329550965689123,0.20182452937588097,0.03956671516643837,0.01003190497867763,0.016688594548031687,0.02316062569152564,0.057326214760541915,0.01956929648295045,0.18993652999633923,0.02174502678681165,0.019692844664677977,0.16779305720701815,0.05700764602515847,0.10019276877865195,0.0020959594810847195
