analysis,sla_locus,hla_subgroup,hla_locus,n_sla_sequences,mean_ensemble_probability,summed_ensemble_probability,sd_across_seeds,loo_mean_min,loo_mean_max,frac_sequences_top_subgroup,mean_seeds_voting_this_subgroup,edge_weight_mean_mass,edge_weight_summed_mass,stability_inverse_cv,original_figure2_threshold_note
class1,SLA-1,A01,A,89,0.019054,1.695826,0.017242,0.013885,0.022715,0.0,0.0562,0.019054,1.695826,1.1051,The submitted Figure 2 drew an edge when ANY single prediction exceeded p>0.1 (diamond.ipynb). No threshold is applied here; every SLA-locus x HLA-subgroup pair is present with its raw metrics so the renderer can choose.
class1,SLA-1,A02,A,89,0.06019,5.356943,0.054344,0.044893,0.074709,0.1461,0.3596,0.06019,5.356943,1.1076,The submitted Figure 2 drew an edge when ANY single prediction exceeded p>0.1 (diamond.ipynb). No threshold is applied here; every SLA-locus x HLA-subgroup pair is present with its raw metrics so the renderer can choose.
class1,SLA-1,A03,A,89,0.069216,6.160268,0.116367,0.017589,0.085694,0.1011,0.4831,0.069216,6.160268,0.5948,The submitted Figure 2 drew an edge when ANY single prediction exceeded p>0.1 (diamond.ipynb). No threshold is applied here; every SLA-locus x HLA-subgroup pair is present with its raw metrics so the renderer can choose.
class1,SLA-1,A11,A,89,0.008748,0.778537,0.006654,0.006479,0.010426,0.0,0.0225,0.008748,0.778537,1.3147,The submitted Figure 2 drew an edge when ANY single prediction exceeded p>0.1 (diamond.ipynb). No threshold is applied here; every SLA-locus x HLA-subgroup pair is present with its raw metrics so the renderer can choose.
class1,SLA-1,A23,A,89,0.015498,1.379337,0.014609,0.010555,0.019199,0.0112,0.0899,0.015498,1.379337,1.0609,The submitted Figure 2 drew an edge when ANY single prediction exceeded p>0.1 (diamond.ipynb). No threshold is applied here; every SLA-locus x HLA-subgroup pair is present with its raw metrics so the renderer can choose.
class1,SLA-1,A24,A,89,0.038896,3.46176,0.046159,0.021316,0.048243,0.0899,0.1798,0.038896,3.46176,0.8427,The submitted Figure 2 drew an edge when ANY single prediction exceeded p>0.1 (diamond.ipynb). No threshold is applied here; every SLA-locus x HLA-subgroup pair is present with its raw metrics so the renderer can choose.
class1,SLA-1,A25,A,89,0.009753,0.86802,0.007743,0.007667,0.011983,0.0,0.0,0.009753,0.86802,1.2596,The submitted Figure 2 drew an edge when ANY single prediction exceeded p>0.1 (diamond.ipynb). No threshold is applied here; every SLA-locus x HLA-subgroup pair is present with its raw metrics so the renderer can choose.
class1,SLA-1,A26,A,89,0.010932,0.972923,0.006789,0.008992,0.01353,0.0112,0.0449,0.010932,0.972923,1.6103,The submitted Figure 2 drew an edge when ANY single prediction exceeded p>0.1 (diamond.ipynb). No threshold is applied here; every SLA-locus x HLA-subgroup pair is present with its raw metrics so the renderer can choose.
class1,SLA-1,A29,A,89,0.037709,3.356105,0.047013,0.0224,0.047069,0.0674,0.2697,0.037709,3.356105,0.8021,The submitted Figure 2 drew an edge when ANY single prediction exceeded p>0.1 (diamond.ipynb). No threshold is applied here; every SLA-locus x HLA-subgroup pair is present with its raw metrics so the renderer can choose.
class1,SLA-1,A30,A,89,0.007724,0.687441,0.006345,0.005198,0.009449,0.0,0.0112,0.007724,0.687441,1.2173,The submitted Figure 2 drew an edge when ANY single prediction exceeded p>0.1 (diamond.ipynb). No threshold is applied here; every SLA-locus x HLA-subgroup pair is present with its raw metrics so the renderer can choose.
class1,SLA-1,A31,A,89,0.004942,0.439796,0.003612,0.003896,0.00611,0.0,0.0112,0.004942,0.439796,1.3682,The submitted Figure 2 drew an edge when ANY single prediction exceeded p>0.1 (diamond.ipynb). No threshold is applied here; every SLA-locus x HLA-subgroup pair is present with its raw metrics so the renderer can choose.
class1,SLA-1,A32,A,89,0.005485,0.488126,0.006359,0.002699,0.006703,0.0,0.0112,0.005485,0.488126,0.8626,The submitted Figure 2 drew an edge when ANY single prediction exceeded p>0.1 (diamond.ipynb). No threshold is applied here; every SLA-locus x HLA-subgroup pair is present with its raw metrics so the renderer can choose.
class1,SLA-1,A33,A,89,0.009172,0.816291,0.009333,0.00561,0.01121,0.0,0.0225,0.009172,0.816291,0.9827,The submitted Figure 2 drew an edge when ANY single prediction exceeded p>0.1 (diamond.ipynb). No threshold is applied here; every SLA-locus x HLA-subgroup pair is present with its raw metrics so the renderer can choose.
class1,SLA-1,A68,A,89,0.02598,2.31224,0.021259,0.02023,0.031065,0.0225,0.1348,0.02598,2.31224,1.2221,The submitted Figure 2 drew an edge when ANY single prediction exceeded p>0.1 (diamond.ipynb). No threshold is applied here; every SLA-locus x HLA-subgroup pair is present with its raw metrics so the renderer can choose.
class1,SLA-1,A_Other,A,89,0.017586,1.565149,0.015139,0.012333,0.021537,0.0112,0.0674,0.017586,1.565149,1.1616,The submitted Figure 2 drew an edge when ANY single prediction exceeded p>0.1 (diamond.ipynb). No threshold is applied here; every SLA-locus x HLA-subgroup pair is present with its raw metrics so the renderer can choose.
class1,SLA-1,B07,B,89,0.034216,3.045216,0.033081,0.024453,0.042469,0.0225,0.1461,0.034216,3.045216,1.0343,The submitted Figure 2 drew an edge when ANY single prediction exceeded p>0.1 (diamond.ipynb). No threshold is applied here; every SLA-locus x HLA-subgroup pair is present with its raw metrics so the renderer can choose.
class1,SLA-1,B08,B,89,0.014505,1.290948,0.019114,0.00613,0.017659,0.0,0.0674,0.014505,1.290948,0.7589,The submitted Figure 2 drew an edge when ANY single prediction exceeded p>0.1 (diamond.ipynb). No threshold is applied here; every SLA-locus x HLA-subgroup pair is present with its raw metrics so the renderer can choose.
class1,SLA-1,B13,B,89,0.012929,1.15068,0.016891,0.005821,0.015867,0.0225,0.0899,0.012929,1.15068,0.7654,The submitted Figure 2 drew an edge when ANY single prediction exceeded p>0.1 (diamond.ipynb). No threshold is applied here; every SLA-locus x HLA-subgroup pair is present with its raw metrics so the renderer can choose.
class1,SLA-1,B14,B,89,0.010393,0.925014,0.011035,0.005742,0.012472,0.0,0.0562,0.010393,0.925014,0.9418,The submitted Figure 2 drew an edge when ANY single prediction exceeded p>0.1 (diamond.ipynb). No threshold is applied here; every SLA-locus x HLA-subgroup pair is present with its raw metrics so the renderer can choose.
class1,SLA-1,B15,B,89,0.06049,5.38358,0.037019,0.049475,0.073803,0.1124,0.3371,0.06049,5.38358,1.634,The submitted Figure 2 drew an edge when ANY single prediction exceeded p>0.1 (diamond.ipynb). No threshold is applied here; every SLA-locus x HLA-subgroup pair is present with its raw metrics so the renderer can choose.
class1,SLA-1,B18,B,89,0.007391,0.657769,0.010574,0.002723,0.00902,0.0,0.0337,0.007391,0.657769,0.699,The submitted Figure 2 drew an edge when ANY single prediction exceeded p>0.1 (diamond.ipynb). No threshold is applied here; every SLA-locus x HLA-subgroup pair is present with its raw metrics so the renderer can choose.
class1,SLA-1,B27,B,89,0.010533,0.937406,0.012585,0.005436,0.013001,0.0,0.0449,0.010533,0.937406,0.8369,The submitted Figure 2 drew an edge when ANY single prediction exceeded p>0.1 (diamond.ipynb). No threshold is applied here; every SLA-locus x HLA-subgroup pair is present with its raw metrics so the renderer can choose.
class1,SLA-1,B35,B,89,0.003038,0.270347,0.002597,0.001939,0.003504,0.0,0.0,0.003038,0.270347,1.1698,The submitted Figure 2 drew an edge when ANY single prediction exceeded p>0.1 (diamond.ipynb). No threshold is applied here; every SLA-locus x HLA-subgroup pair is present with its raw metrics so the renderer can choose.
class1,SLA-1,B37,B,89,0.009793,0.871537,0.010461,0.006296,0.012164,0.0,0.0337,0.009793,0.871537,0.9361,The submitted Figure 2 drew an edge when ANY single prediction exceeded p>0.1 (diamond.ipynb). No threshold is applied here; every SLA-locus x HLA-subgroup pair is present with its raw metrics so the renderer can choose.
class1,SLA-1,B38,B,89,0.003537,0.314778,0.005224,0.001216,0.004371,0.0,0.0,0.003537,0.314778,0.6771,The submitted Figure 2 drew an edge when ANY single prediction exceeded p>0.1 (diamond.ipynb). No threshold is applied here; every SLA-locus x HLA-subgroup pair is present with its raw metrics so the renderer can choose.
class1,SLA-1,B39,B,89,0.002881,0.256432,0.003017,0.001562,0.003364,0.0,0.0,0.002881,0.256432,0.9549,The submitted Figure 2 drew an edge when ANY single prediction exceeded p>0.1 (diamond.ipynb). No threshold is applied here; every SLA-locus x HLA-subgroup pair is present with its raw metrics so the renderer can choose.
class1,SLA-1,B40,B,89,0.10408,9.263157,0.154041,0.040826,0.129354,0.2247,0.7416,0.10408,9.263157,0.6757,The submitted Figure 2 drew an edge when ANY single prediction exceeded p>0.1 (diamond.ipynb). No threshold is applied here; every SLA-locus x HLA-subgroup pair is present with its raw metrics so the renderer can choose.
class1,SLA-1,B41,B,89,0.017207,1.53142,0.019597,0.009376,0.020885,0.0,0.0787,0.017207,1.53142,0.878,The submitted Figure 2 drew an edge when ANY single prediction exceeded p>0.1 (diamond.ipynb). No threshold is applied here; every SLA-locus x HLA-subgroup pair is present with its raw metrics so the renderer can choose.
class1,SLA-1,B44,B,89,0.008165,0.726647,0.004622,0.006891,0.009419,0.0112,0.0112,0.008165,0.726647,1.7666,The submitted Figure 2 drew an edge when ANY single prediction exceeded p>0.1 (diamond.ipynb). No threshold is applied here; every SLA-locus x HLA-subgroup pair is present with its raw metrics so the renderer can choose.
class1,SLA-1,B46,B,89,0.010883,0.968544,0.007049,0.008679,0.013252,0.0,0.0225,0.010883,0.968544,1.5439,The submitted Figure 2 drew an edge when ANY single prediction exceeded p>0.1 (diamond.ipynb). No threshold is applied here; every SLA-locus x HLA-subgroup pair is present with its raw metrics so the renderer can choose.
class1,SLA-1,B49,B,89,0.00679,0.604341,0.007327,0.004302,0.008446,0.0,0.0,0.00679,0.604341,0.9267,The submitted Figure 2 drew an edge when ANY single prediction exceeded p>0.1 (diamond.ipynb). No threshold is applied here; every SLA-locus x HLA-subgroup pair is present with its raw metrics so the renderer can choose.
class1,SLA-1,B50,B,89,0.009302,0.827843,0.006952,0.007237,0.011538,0.0,0.0225,0.009302,0.827843,1.338,The submitted Figure 2 drew an edge when ANY single prediction exceeded p>0.1 (diamond.ipynb). No threshold is applied here; every SLA-locus x HLA-subgroup pair is present with its raw metrics so the renderer can choose.
class1,SLA-1,B51,B,89,0.002651,0.235901,0.002753,0.001498,0.003246,0.0,0.0,0.002651,0.235901,0.9629,The submitted Figure 2 drew an edge when ANY single prediction exceeded p>0.1 (diamond.ipynb). No threshold is applied here; every SLA-locus x HLA-subgroup pair is present with its raw metrics so the renderer can choose.
class1,SLA-1,B52,B,89,0.005322,0.473675,0.00425,0.003796,0.00658,0.0,0.0,0.005322,0.473675,1.2522,The submitted Figure 2 drew an edge when ANY single prediction exceeded p>0.1 (diamond.ipynb). No threshold is applied here; every SLA-locus x HLA-subgroup pair is present with its raw metrics so the renderer can choose.
class1,SLA-1,B53,B,89,0.003934,0.350142,0.003433,0.002946,0.004849,0.0,0.0,0.003934,0.350142,1.1459,The submitted Figure 2 drew an edge when ANY single prediction exceeded p>0.1 (diamond.ipynb). No threshold is applied here; every SLA-locus x HLA-subgroup pair is present with its raw metrics so the renderer can choose.
class1,SLA-1,B55,B,89,0.010249,0.912202,0.007003,0.008447,0.012634,0.0,0.0225,0.010249,0.912202,1.4635,The submitted Figure 2 drew an edge when ANY single prediction exceeded p>0.1 (diamond.ipynb). No threshold is applied here; every SLA-locus x HLA-subgroup pair is present with its raw metrics so the renderer can choose.
class1,SLA-1,B56,B,89,0.009544,0.849424,0.010706,0.00615,0.011876,0.0,0.0337,0.009544,0.849424,0.8915,The submitted Figure 2 drew an edge when ANY single prediction exceeded p>0.1 (diamond.ipynb). No threshold is applied here; every SLA-locus x HLA-subgroup pair is present with its raw metrics so the renderer can choose.
class1,SLA-1,B57,B,89,0.014288,1.271612,0.010087,0.011097,0.017654,0.0112,0.0449,0.014288,1.271612,1.4165,The submitted Figure 2 drew an edge when ANY single prediction exceeded p>0.1 (diamond.ipynb). No threshold is applied here; every SLA-locus x HLA-subgroup pair is present with its raw metrics so the renderer can choose.
class1,SLA-1,B58,B,89,0.022767,2.026229,0.024892,0.016124,0.02843,0.0,0.0562,0.022767,2.026229,0.9146,The submitted Figure 2 drew an edge when ANY single prediction exceeded p>0.1 (diamond.ipynb). No threshold is applied here; every SLA-locus x HLA-subgroup pair is present with its raw metrics so the renderer can choose.
class1,SLA-1,B_Other,B,89,0.046793,4.164571,0.029332,0.038692,0.057381,0.0562,0.3146,0.046793,4.164571,1.5953,The submitted Figure 2 drew an edge when ANY single prediction exceeded p>0.1 (diamond.ipynb). No threshold is applied here; every SLA-locus x HLA-subgroup pair is present with its raw metrics so the renderer can choose.
class1,SLA-1,C01,C,89,0.014793,1.316545,0.01151,0.010514,0.017242,0.0225,0.0449,0.014793,1.316545,1.2852,The submitted Figure 2 drew an edge when ANY single prediction exceeded p>0.1 (diamond.ipynb). No threshold is applied here; every SLA-locus x HLA-subgroup pair is present with its raw metrics so the renderer can choose.
class1,SLA-1,C02,C,89,0.009562,0.851022,0.014421,0.003151,0.011699,0.0,0.0225,0.009562,0.851022,0.6631,The submitted Figure 2 drew an edge when ANY single prediction exceeded p>0.1 (diamond.ipynb). No threshold is applied here; every SLA-locus x HLA-subgroup pair is present with its raw metrics so the renderer can choose.
class1,SLA-1,C03,C,89,0.039619,3.526133,0.057776,0.015677,0.049476,0.0112,0.2584,0.039619,3.526133,0.6857,The submitted Figure 2 drew an edge when ANY single prediction exceeded p>0.1 (diamond.ipynb). No threshold is applied here; every SLA-locus x HLA-subgroup pair is present with its raw metrics so the renderer can choose.
class1,SLA-1,C04,C,89,0.009731,0.866103,0.010285,0.00569,0.012103,0.0,0.0337,0.009731,0.866103,0.9461,The submitted Figure 2 drew an edge when ANY single prediction exceeded p>0.1 (diamond.ipynb). No threshold is applied here; every SLA-locus x HLA-subgroup pair is present with its raw metrics so the renderer can choose.
class1,SLA-1,C05,C,89,0.020238,1.801206,0.022467,0.013478,0.02516,0.0,0.1573,0.020238,1.801206,0.9008,The submitted Figure 2 drew an edge when ANY single prediction exceeded p>0.1 (diamond.ipynb). No threshold is applied here; every SLA-locus x HLA-subgroup pair is present with its raw metrics so the renderer can choose.
class1,SLA-1,C06,C,89,0.009221,0.820654,0.013361,0.003287,0.011149,0.0,0.0225,0.009221,0.820654,0.6901,The submitted Figure 2 drew an edge when ANY single prediction exceeded p>0.1 (diamond.ipynb). No threshold is applied here; every SLA-locus x HLA-subgroup pair is present with its raw metrics so the renderer can choose.
class1,SLA-1,C07,C,89,0.013816,1.229641,0.014578,0.008283,0.017132,0.0112,0.0674,0.013816,1.229641,0.9477,The submitted Figure 2 drew an edge when ANY single prediction exceeded p>0.1 (diamond.ipynb). No threshold is applied here; every SLA-locus x HLA-subgroup pair is present with its raw metrics so the renderer can choose.
class1,SLA-1,C08,C,89,0.034698,3.088138,0.036653,0.022446,0.043104,0.0,0.1798,0.034698,3.088138,0.9467,The submitted Figure 2 drew an edge when ANY single prediction exceeded p>0.1 (diamond.ipynb). No threshold is applied here; every SLA-locus x HLA-subgroup pair is present with its raw metrics so the renderer can choose.
class1,SLA-1,C12,C,89,0.011353,1.010383,0.009542,0.008493,0.014162,0.0112,0.0112,0.011353,1.010383,1.1898,The submitted Figure 2 drew an edge when ANY single prediction exceeded p>0.1 (diamond.ipynb). No threshold is applied here; every SLA-locus x HLA-subgroup pair is present with its raw metrics so the renderer can choose.
class1,SLA-1,C14,C,89,0.011534,1.026516,0.010208,0.007626,0.014203,0.0225,0.0562,0.011534,1.026516,1.1299,The submitted Figure 2 drew an edge when ANY single prediction exceeded p>0.1 (diamond.ipynb). No threshold is applied here; every SLA-locus x HLA-subgroup pair is present with its raw metrics so the renderer can choose.
class1,SLA-1,C15,C,89,0.011877,1.057032,0.01262,0.006475,0.014677,0.0,0.0449,0.011877,1.057032,0.9411,The submitted Figure 2 drew an edge when ANY single prediction exceeded p>0.1 (diamond.ipynb). No threshold is applied here; every SLA-locus x HLA-subgroup pair is present with its raw metrics so the renderer can choose.
class1,SLA-1,C16,C,89,0.009908,0.881829,0.010781,0.005216,0.012024,0.0,0.0337,0.009908,0.881829,0.919,The submitted Figure 2 drew an edge when ANY single prediction exceeded p>0.1 (diamond.ipynb). No threshold is applied here; every SLA-locus x HLA-subgroup pair is present with its raw metrics so the renderer can choose.
class1,SLA-1,C17,C,89,0.017535,1.560607,0.022111,0.009631,0.021822,0.0,0.1461,0.017535,1.560607,0.793,The submitted Figure 2 drew an edge when ANY single prediction exceeded p>0.1 (diamond.ipynb). No threshold is applied here; every SLA-locus x HLA-subgroup pair is present with its raw metrics so the renderer can choose.
class1,SLA-1,C_Other,C,89,0.003551,0.316015,0.002448,0.002855,0.004218,0.0,0.0,0.003551,0.316015,1.4506,The submitted Figure 2 drew an edge when ANY single prediction exceeded p>0.1 (diamond.ipynb). No threshold is applied here; every SLA-locus x HLA-subgroup pair is present with its raw metrics so the renderer can choose.
class1,SLA-11,A01,A,2,0.010976,0.021952,0.012425,0.006423,0.013537,0.0,0.0,0.010976,0.021952,0.8834,The submitted Figure 2 drew an edge when ANY single prediction exceeded p>0.1 (diamond.ipynb). No threshold is applied here; every SLA-locus x HLA-subgroup pair is present with its raw metrics so the renderer can choose.
class1,SLA-11,A02,A,2,0.099544,0.199088,0.210477,0.005419,0.12372,0.0,1.0,0.099544,0.199088,0.4729,The submitted Figure 2 drew an edge when ANY single prediction exceeded p>0.1 (diamond.ipynb). No threshold is applied here; every SLA-locus x HLA-subgroup pair is present with its raw metrics so the renderer can choose.
class1,SLA-11,A03,A,2,0.016218,0.032436,0.027709,0.003921,0.020145,0.0,0.0,0.016218,0.032436,0.5853,The submitted Figure 2 drew an edge when ANY single prediction exceeded p>0.1 (diamond.ipynb). No threshold is applied here; every SLA-locus x HLA-subgroup pair is present with its raw metrics so the renderer can choose.
class1,SLA-11,A11,A,2,0.002695,0.00539,0.003654,0.001075,0.003227,0.0,0.0,0.002695,0.00539,0.7375,The submitted Figure 2 drew an edge when ANY single prediction exceeded p>0.1 (diamond.ipynb). No threshold is applied here; every SLA-locus x HLA-subgroup pair is present with its raw metrics so the renderer can choose.
class1,SLA-11,A23,A,2,0.03216,0.06432,0.034589,0.019375,0.03971,0.0,0.0,0.03216,0.06432,0.9298,The submitted Figure 2 drew an edge when ANY single prediction exceeded p>0.1 (diamond.ipynb). No threshold is applied here; every SLA-locus x HLA-subgroup pair is present with its raw metrics so the renderer can choose.
class1,SLA-11,A24,A,2,0.023483,0.046966,0.038375,0.006521,0.029288,0.0,0.0,0.023483,0.046966,0.6119,The submitted Figure 2 drew an edge when ANY single prediction exceeded p>0.1 (diamond.ipynb). No threshold is applied here; every SLA-locus x HLA-subgroup pair is present with its raw metrics so the renderer can choose.
class1,SLA-11,A25,A,2,0.02423,0.048459,0.039153,0.006884,0.029763,0.0,0.0,0.02423,0.048459,0.6189,The submitted Figure 2 drew an edge when ANY single prediction exceeded p>0.1 (diamond.ipynb). No threshold is applied here; every SLA-locus x HLA-subgroup pair is present with its raw metrics so the renderer can choose.
class1,SLA-11,A26,A,2,0.005086,0.010172,0.007519,0.001814,0.006342,0.0,0.0,0.005086,0.010172,0.6764,The submitted Figure 2 drew an edge when ANY single prediction exceeded p>0.1 (diamond.ipynb). No threshold is applied here; every SLA-locus x HLA-subgroup pair is present with its raw metrics so the renderer can choose.
class1,SLA-11,A29,A,2,0.037068,0.074135,0.077583,0.002393,0.046288,0.0,1.0,0.037068,0.074135,0.4778,The submitted Figure 2 drew an edge when ANY single prediction exceeded p>0.1 (diamond.ipynb). No threshold is applied here; every SLA-locus x HLA-subgroup pair is present with its raw metrics so the renderer can choose.
class1,SLA-11,A30,A,2,0.009288,0.018576,0.018714,0.000922,0.011525,0.0,0.0,0.009288,0.018576,0.4963,The submitted Figure 2 drew an edge when ANY single prediction exceeded p>0.1 (diamond.ipynb). No threshold is applied here; every SLA-locus x HLA-subgroup pair is present with its raw metrics so the renderer can choose.
class1,SLA-11,A31,A,2,0.005369,0.010739,0.009227,0.001246,0.006466,0.0,0.0,0.005369,0.010739,0.5819,The submitted Figure 2 drew an edge when ANY single prediction exceeded p>0.1 (diamond.ipynb). No threshold is applied here; every SLA-locus x HLA-subgroup pair is present with its raw metrics so the renderer can choose.
class1,SLA-11,A32,A,2,0.006499,0.012998,0.006777,0.003847,0.007957,0.0,0.0,0.006499,0.012998,0.959,The submitted Figure 2 drew an edge when ANY single prediction exceeded p>0.1 (diamond.ipynb). No threshold is applied here; every SLA-locus x HLA-subgroup pair is present with its raw metrics so the renderer can choose.
class1,SLA-11,A33,A,2,0.006253,0.012505,0.006178,0.004014,0.007799,0.0,0.0,0.006253,0.012505,1.0121,The submitted Figure 2 drew an edge when ANY single prediction exceeded p>0.1 (diamond.ipynb). No threshold is applied here; every SLA-locus x HLA-subgroup pair is present with its raw metrics so the renderer can choose.
class1,SLA-11,A68,A,2,0.009809,0.019619,0.008804,0.007409,0.012175,0.0,0.0,0.009809,0.019619,1.1142,The submitted Figure 2 drew an edge when ANY single prediction exceeded p>0.1 (diamond.ipynb). No threshold is applied here; every SLA-locus x HLA-subgroup pair is present with its raw metrics so the renderer can choose.
class1,SLA-11,A_Other,A,2,0.006618,0.013236,0.007808,0.003346,0.008037,0.0,0.0,0.006618,0.013236,0.8476,The submitted Figure 2 drew an edge when ANY single prediction exceeded p>0.1 (diamond.ipynb). No threshold is applied here; every SLA-locus x HLA-subgroup pair is present with its raw metrics so the renderer can choose.
class1,SLA-11,B07,B,2,0.011522,0.023045,0.014257,0.00638,0.014268,0.0,0.0,0.011522,0.023045,0.8082,The submitted Figure 2 drew an edge when ANY single prediction exceeded p>0.1 (diamond.ipynb). No threshold is applied here; every SLA-locus x HLA-subgroup pair is present with its raw metrics so the renderer can choose.
class1,SLA-11,B08,B,2,0.023977,0.047953,0.049265,0.001973,0.029927,0.0,0.0,0.023977,0.047953,0.4867,The submitted Figure 2 drew an edge when ANY single prediction exceeded p>0.1 (diamond.ipynb). No threshold is applied here; every SLA-locus x HLA-subgroup pair is present with its raw metrics so the renderer can choose.
class1,SLA-11,B13,B,2,0.019774,0.039549,0.033076,0.005316,0.024605,0.0,0.0,0.019774,0.039549,0.5978,The submitted Figure 2 drew an edge when ANY single prediction exceeded p>0.1 (diamond.ipynb). No threshold is applied here; every SLA-locus x HLA-subgroup pair is present with its raw metrics so the renderer can choose.
class1,SLA-11,B14,B,2,0.021597,0.043193,0.040532,0.003562,0.026954,0.0,0.5,0.021597,0.043193,0.5328,The submitted Figure 2 drew an edge when ANY single prediction exceeded p>0.1 (diamond.ipynb). No threshold is applied here; every SLA-locus x HLA-subgroup pair is present with its raw metrics so the renderer can choose.
class1,SLA-11,B15,B,2,0.002391,0.004781,0.002071,0.001563,0.002828,0.0,0.0,0.002391,0.004781,1.1545,The submitted Figure 2 drew an edge when ANY single prediction exceeded p>0.1 (diamond.ipynb). No threshold is applied here; every SLA-locus x HLA-subgroup pair is present with its raw metrics so the renderer can choose.
class1,SLA-11,B18,B,2,0.000606,0.001213,0.000402,0.000446,0.000691,0.0,0.0,0.000606,0.001213,1.5075,The submitted Figure 2 drew an edge when ANY single prediction exceeded p>0.1 (diamond.ipynb). No threshold is applied here; every SLA-locus x HLA-subgroup pair is present with its raw metrics so the renderer can choose.
class1,SLA-11,B27,B,2,0.042663,0.085327,0.069358,0.011841,0.052863,0.0,1.0,0.042663,0.085327,0.6151,The submitted Figure 2 drew an edge when ANY single prediction exceeded p>0.1 (diamond.ipynb). No threshold is applied here; every SLA-locus x HLA-subgroup pair is present with its raw metrics so the renderer can choose.
class1,SLA-11,B35,B,2,0.000584,0.001167,0.000167,0.000513,0.000622,0.0,0.0,0.000584,0.001167,3.497,The submitted Figure 2 drew an edge when ANY single prediction exceeded p>0.1 (diamond.ipynb). No threshold is applied here; every SLA-locus x HLA-subgroup pair is present with its raw metrics so the renderer can choose.
class1,SLA-11,B37,B,2,0.017292,0.034584,0.026005,0.005896,0.021436,0.0,0.0,0.017292,0.034584,0.6649,The submitted Figure 2 drew an edge when ANY single prediction exceeded p>0.1 (diamond.ipynb). No threshold is applied here; every SLA-locus x HLA-subgroup pair is present with its raw metrics so the renderer can choose.
class1,SLA-11,B38,B,2,0.007246,0.014492,0.013799,0.001102,0.009018,0.0,0.0,0.007246,0.014492,0.5251,The submitted Figure 2 drew an edge when ANY single prediction exceeded p>0.1 (diamond.ipynb). No threshold is applied here; every SLA-locus x HLA-subgroup pair is present with its raw metrics so the renderer can choose.
class1,SLA-11,B39,B,2,0.004436,0.008872,0.007313,0.001186,0.005543,0.0,0.0,0.004436,0.008872,0.6066,The submitted Figure 2 drew an edge when ANY single prediction exceeded p>0.1 (diamond.ipynb). No threshold is applied here; every SLA-locus x HLA-subgroup pair is present with its raw metrics so the renderer can choose.
class1,SLA-11,B40,B,2,0.149919,0.299837,0.305079,0.013614,0.187304,1.0,1.0,0.149919,0.299837,0.4914,The submitted Figure 2 drew an edge when ANY single prediction exceeded p>0.1 (diamond.ipynb). No threshold is applied here; every SLA-locus x HLA-subgroup pair is present with its raw metrics so the renderer can choose.
class1,SLA-11,B41,B,2,0.010623,0.021246,0.008647,0.008228,0.012235,0.0,0.0,0.010623,0.021246,1.2285,The submitted Figure 2 drew an edge when ANY single prediction exceeded p>0.1 (diamond.ipynb). No threshold is applied here; every SLA-locus x HLA-subgroup pair is present with its raw metrics so the renderer can choose.
class1,SLA-11,B44,B,2,0.00359,0.007181,0.005353,0.001209,0.004384,0.0,0.0,0.00359,0.007181,0.6707,The submitted Figure 2 drew an edge when ANY single prediction exceeded p>0.1 (diamond.ipynb). No threshold is applied here; every SLA-locus x HLA-subgroup pair is present with its raw metrics so the renderer can choose.
class1,SLA-11,B46,B,2,0.015946,0.031892,0.025125,0.004856,0.019804,0.0,0.0,0.015946,0.031892,0.6347,The submitted Figure 2 drew an edge when ANY single prediction exceeded p>0.1 (diamond.ipynb). No threshold is applied here; every SLA-locus x HLA-subgroup pair is present with its raw metrics so the renderer can choose.
class1,SLA-11,B49,B,2,0.018172,0.036343,0.027703,0.006783,0.022689,0.0,0.0,0.018172,0.036343,0.656,The submitted Figure 2 drew an edge when ANY single prediction exceeded p>0.1 (diamond.ipynb). No threshold is applied here; every SLA-locus x HLA-subgroup pair is present with its raw metrics so the renderer can choose.
class1,SLA-11,B50,B,2,0.020386,0.040771,0.032619,0.006074,0.025432,0.0,0.0,0.020386,0.040771,0.625,The submitted Figure 2 drew an edge when ANY single prediction exceeded p>0.1 (diamond.ipynb). No threshold is applied here; every SLA-locus x HLA-subgroup pair is present with its raw metrics so the renderer can choose.
class1,SLA-11,B51,B,2,0.00309,0.00618,0.003879,0.00146,0.00386,0.0,0.0,0.00309,0.00618,0.7966,The submitted Figure 2 drew an edge when ANY single prediction exceeded p>0.1 (diamond.ipynb). No threshold is applied here; every SLA-locus x HLA-subgroup pair is present with its raw metrics so the renderer can choose.
class1,SLA-11,B52,B,2,0.011233,0.022467,0.017561,0.003794,0.013979,0.0,0.0,0.011233,0.022467,0.6397,The submitted Figure 2 drew an edge when ANY single prediction exceeded p>0.1 (diamond.ipynb). No threshold is applied here; every SLA-locus x HLA-subgroup pair is present with its raw metrics so the renderer can choose.
class1,SLA-11,B53,B,2,0.007637,0.015274,0.008963,0.004139,0.009513,0.0,0.0,0.007637,0.015274,0.8521,The submitted Figure 2 drew an edge when ANY single prediction exceeded p>0.1 (diamond.ipynb). No threshold is applied here; every SLA-locus x HLA-subgroup pair is present with its raw metrics so the renderer can choose.
class1,SLA-11,B55,B,2,0.024151,0.048302,0.034546,0.010199,0.030144,0.0,0.0,0.024151,0.048302,0.6991,The submitted Figure 2 drew an edge when ANY single prediction exceeded p>0.1 (diamond.ipynb). No threshold is applied here; every SLA-locus x HLA-subgroup pair is present with its raw metrics so the renderer can choose.
class1,SLA-11,B56,B,2,0.02723,0.05446,0.038993,0.010924,0.034014,0.0,0.5,0.02723,0.05446,0.6983,The submitted Figure 2 drew an edge when ANY single prediction exceeded p>0.1 (diamond.ipynb). No threshold is applied here; every SLA-locus x HLA-subgroup pair is present with its raw metrics so the renderer can choose.
class1,SLA-11,B57,B,2,0.014329,0.028659,0.012291,0.010782,0.017719,0.0,0.0,0.014329,0.028659,1.1658,The submitted Figure 2 drew an edge when ANY single prediction exceeded p>0.1 (diamond.ipynb). No threshold is applied here; every SLA-locus x HLA-subgroup pair is present with its raw metrics so the renderer can choose.
class1,SLA-11,B58,B,2,0.031301,0.062603,0.041107,0.015068,0.039107,0.0,0.0,0.031301,0.062603,0.7615,The submitted Figure 2 drew an edge when ANY single prediction exceeded p>0.1 (diamond.ipynb). No threshold is applied here; every SLA-locus x HLA-subgroup pair is present with its raw metrics so the renderer can choose.
class1,SLA-11,B_Other,B,2,0.021083,0.042166,0.034722,0.005657,0.026029,0.0,0.0,0.021083,0.042166,0.6072,The submitted Figure 2 drew an edge when ANY single prediction exceeded p>0.1 (diamond.ipynb). No threshold is applied here; every SLA-locus x HLA-subgroup pair is present with its raw metrics so the renderer can choose.
class1,SLA-11,C01,C,2,0.01356,0.027121,0.011814,0.009935,0.016676,0.0,0.0,0.01356,0.027121,1.1478,The submitted Figure 2 drew an edge when ANY single prediction exceeded p>0.1 (diamond.ipynb). No threshold is applied here; every SLA-locus x HLA-subgroup pair is present with its raw metrics so the renderer can choose.
class1,SLA-11,C02,C,2,0.01522,0.030439,0.020547,0.00647,0.018943,0.0,0.0,0.01522,0.030439,0.7407,The submitted Figure 2 drew an edge when ANY single prediction exceeded p>0.1 (diamond.ipynb). No threshold is applied here; every SLA-locus x HLA-subgroup pair is present with its raw metrics so the renderer can choose.
class1,SLA-11,C03,C,2,0.015436,0.030872,0.02069,0.009031,0.019286,0.0,0.0,0.015436,0.030872,0.7461,The submitted Figure 2 drew an edge when ANY single prediction exceeded p>0.1 (diamond.ipynb). No threshold is applied here; every SLA-locus x HLA-subgroup pair is present with its raw metrics so the renderer can choose.
class1,SLA-11,C04,C,2,0.00369,0.00738,0.005239,0.001473,0.00459,0.0,0.0,0.00369,0.00738,0.7043,The submitted Figure 2 drew an edge when ANY single prediction exceeded p>0.1 (diamond.ipynb). No threshold is applied here; every SLA-locus x HLA-subgroup pair is present with its raw metrics so the renderer can choose.
class1,SLA-11,C05,C,2,0.005851,0.011703,0.00693,0.003127,0.00724,0.0,0.0,0.005851,0.011703,0.8443,The submitted Figure 2 drew an edge when ANY single prediction exceeded p>0.1 (diamond.ipynb). No threshold is applied here; every SLA-locus x HLA-subgroup pair is present with its raw metrics so the renderer can choose.
class1,SLA-11,C06,C,2,0.0015,0.003,0.001732,0.000746,0.001859,0.0,0.0,0.0015,0.003,0.8661,The submitted Figure 2 drew an edge when ANY single prediction exceeded p>0.1 (diamond.ipynb). No threshold is applied here; every SLA-locus x HLA-subgroup pair is present with its raw metrics so the renderer can choose.
class1,SLA-11,C07,C,2,0.001814,0.003629,0.001992,0.00101,0.00223,0.0,0.0,0.001814,0.003629,0.9106,The submitted Figure 2 drew an edge when ANY single prediction exceeded p>0.1 (diamond.ipynb). No threshold is applied here; every SLA-locus x HLA-subgroup pair is present with its raw metrics so the renderer can choose.
class1,SLA-11,C08,C,2,0.042216,0.084433,0.061948,0.017511,0.052767,0.0,0.0,0.042216,0.084433,0.6815,The submitted Figure 2 drew an edge when ANY single prediction exceeded p>0.1 (diamond.ipynb). No threshold is applied here; every SLA-locus x HLA-subgroup pair is present with its raw metrics so the renderer can choose.
class1,SLA-11,C12,C,2,0.005658,0.011317,0.005866,0.003948,0.007072,0.0,0.0,0.005658,0.011317,0.9645,The submitted Figure 2 drew an edge when ANY single prediction exceeded p>0.1 (diamond.ipynb). No threshold is applied here; every SLA-locus x HLA-subgroup pair is present with its raw metrics so the renderer can choose.
class1,SLA-11,C14,C,2,0.005597,0.011193,0.004581,0.004529,0.006952,0.0,0.0,0.005597,0.011193,1.2218,The submitted Figure 2 drew an edge when ANY single prediction exceeded p>0.1 (diamond.ipynb). No threshold is applied here; every SLA-locus x HLA-subgroup pair is present with its raw metrics so the renderer can choose.
class1,SLA-11,C15,C,2,0.014405,0.02881,0.02447,0.003512,0.017772,0.0,0.0,0.014405,0.02881,0.5887,The submitted Figure 2 drew an edge when ANY single prediction exceeded p>0.1 (diamond.ipynb). No threshold is applied here; every SLA-locus x HLA-subgroup pair is present with its raw metrics so the renderer can choose.
class1,SLA-11,C16,C,2,0.022798,0.045596,0.043572,0.003411,0.028406,0.0,0.0,0.022798,0.045596,0.5232,The submitted Figure 2 drew an edge when ANY single prediction exceeded p>0.1 (diamond.ipynb). No threshold is applied here; every SLA-locus x HLA-subgroup pair is present with its raw metrics so the renderer can choose.
class1,SLA-11,C17,C,2,0.036662,0.073323,0.047237,0.016056,0.045645,0.0,0.0,0.036662,0.073323,0.7761,The submitted Figure 2 drew an edge when ANY single prediction exceeded p>0.1 (diamond.ipynb). No threshold is applied here; every SLA-locus x HLA-subgroup pair is present with its raw metrics so the renderer can choose.
class1,SLA-11,C_Other,C,2,0.009519,0.019038,0.011667,0.004878,0.011783,0.0,0.0,0.009519,0.019038,0.8159,The submitted Figure 2 drew an edge when ANY single prediction exceeded p>0.1 (diamond.ipynb). No threshold is applied here; every SLA-locus x HLA-subgroup pair is present with its raw metrics so the renderer can choose.
class1,SLA-12,A01,A,6,0.002724,0.016344,0.000828,0.002376,0.002931,0.0,0.0,0.002724,0.016344,3.2899,The submitted Figure 2 drew an edge when ANY single prediction exceeded p>0.1 (diamond.ipynb). No threshold is applied here; every SLA-locus x HLA-subgroup pair is present with its raw metrics so the renderer can choose.
class1,SLA-12,A02,A,6,0.011016,0.066093,0.019519,0.002308,0.013637,0.0,0.0,0.011016,0.066093,0.5644,The submitted Figure 2 drew an edge when ANY single prediction exceeded p>0.1 (diamond.ipynb). No threshold is applied here; every SLA-locus x HLA-subgroup pair is present with its raw metrics so the renderer can choose.
class1,SLA-12,A03,A,6,0.061249,0.367497,0.127943,0.004045,0.076403,0.0,0.8333,0.061249,0.367497,0.4787,The submitted Figure 2 drew an edge when ANY single prediction exceeded p>0.1 (diamond.ipynb). No threshold is applied here; every SLA-locus x HLA-subgroup pair is present with its raw metrics so the renderer can choose.
class1,SLA-12,A11,A,6,0.003535,0.02121,0.004502,0.001553,0.004303,0.0,0.0,0.003535,0.02121,0.7852,The submitted Figure 2 drew an edge when ANY single prediction exceeded p>0.1 (diamond.ipynb). No threshold is applied here; every SLA-locus x HLA-subgroup pair is present with its raw metrics so the renderer can choose.
class1,SLA-12,A23,A,6,0.031317,0.1879,0.02662,0.020309,0.038262,0.0,0.1667,0.031317,0.1879,1.1764,The submitted Figure 2 drew an edge when ANY single prediction exceeded p>0.1 (diamond.ipynb). No threshold is applied here; every SLA-locus x HLA-subgroup pair is present with its raw metrics so the renderer can choose.
class1,SLA-12,A24,A,6,0.035153,0.210921,0.069397,0.004166,0.043855,0.0,0.3333,0.035153,0.210921,0.5065,The submitted Figure 2 drew an edge when ANY single prediction exceeded p>0.1 (diamond.ipynb). No threshold is applied here; every SLA-locus x HLA-subgroup pair is present with its raw metrics so the renderer can choose.
class1,SLA-12,A25,A,6,0.09558,0.57348,0.108342,0.052619,0.119131,0.8333,1.0,0.09558,0.57348,0.8822,The submitted Figure 2 drew an edge when ANY single prediction exceeded p>0.1 (diamond.ipynb). No threshold is applied here; every SLA-locus x HLA-subgroup pair is present with its raw metrics so the renderer can choose.
class1,SLA-12,A26,A,6,0.006766,0.040595,0.006281,0.004372,0.008343,0.0,0.0,0.006766,0.040595,1.0772,The submitted Figure 2 drew an edge when ANY single prediction exceeded p>0.1 (diamond.ipynb). No threshold is applied here; every SLA-locus x HLA-subgroup pair is present with its raw metrics so the renderer can choose.
class1,SLA-12,A29,A,6,0.021758,0.130545,0.032835,0.007466,0.027151,0.0,0.0,0.021758,0.130545,0.6626,The submitted Figure 2 drew an edge when ANY single prediction exceeded p>0.1 (diamond.ipynb). No threshold is applied here; every SLA-locus x HLA-subgroup pair is present with its raw metrics so the renderer can choose.
class1,SLA-12,A30,A,6,0.005609,0.033651,0.004441,0.003812,0.006623,0.0,0.0,0.005609,0.033651,1.263,The submitted Figure 2 drew an edge when ANY single prediction exceeded p>0.1 (diamond.ipynb). No threshold is applied here; every SLA-locus x HLA-subgroup pair is present with its raw metrics so the renderer can choose.
class1,SLA-12,A31,A,6,0.006203,0.037217,0.00726,0.003339,0.007636,0.0,0.0,0.006203,0.037217,0.8544,The submitted Figure 2 drew an edge when ANY single prediction exceeded p>0.1 (diamond.ipynb). No threshold is applied here; every SLA-locus x HLA-subgroup pair is present with its raw metrics so the renderer can choose.
class1,SLA-12,A32,A,6,0.02106,0.12636,0.022716,0.011331,0.025218,0.0,0.0,0.02106,0.12636,0.9271,The submitted Figure 2 drew an edge when ANY single prediction exceeded p>0.1 (diamond.ipynb). No threshold is applied here; every SLA-locus x HLA-subgroup pair is present with its raw metrics so the renderer can choose.
class1,SLA-12,A33,A,6,0.010447,0.062683,0.008881,0.006673,0.012121,0.0,0.0,0.010447,0.062683,1.1763,The submitted Figure 2 drew an edge when ANY single prediction exceeded p>0.1 (diamond.ipynb). No threshold is applied here; every SLA-locus x HLA-subgroup pair is present with its raw metrics so the renderer can choose.
class1,SLA-12,A68,A,6,0.028731,0.172387,0.042327,0.010076,0.035583,0.0,0.0,0.028731,0.172387,0.6788,The submitted Figure 2 drew an edge when ANY single prediction exceeded p>0.1 (diamond.ipynb). No threshold is applied here; every SLA-locus x HLA-subgroup pair is present with its raw metrics so the renderer can choose.
class1,SLA-12,A_Other,A,6,0.017811,0.106864,0.015939,0.011249,0.021337,0.0,0.0,0.017811,0.106864,1.1174,The submitted Figure 2 drew an edge when ANY single prediction exceeded p>0.1 (diamond.ipynb). No threshold is applied here; every SLA-locus x HLA-subgroup pair is present with its raw metrics so the renderer can choose.
class1,SLA-12,B07,B,6,0.005647,0.033881,0.008047,0.002306,0.00701,0.0,0.0,0.005647,0.033881,0.7018,The submitted Figure 2 drew an edge when ANY single prediction exceeded p>0.1 (diamond.ipynb). No threshold is applied here; every SLA-locus x HLA-subgroup pair is present with its raw metrics so the renderer can choose.
class1,SLA-12,B08,B,6,0.015651,0.093907,0.026244,0.004023,0.019473,0.0,0.1667,0.015651,0.093907,0.5964,The submitted Figure 2 drew an edge when ANY single prediction exceeded p>0.1 (diamond.ipynb). No threshold is applied here; every SLA-locus x HLA-subgroup pair is present with its raw metrics so the renderer can choose.
class1,SLA-12,B13,B,6,0.009688,0.05813,0.013499,0.003938,0.011976,0.0,0.0,0.009688,0.05813,0.7177,The submitted Figure 2 drew an edge when ANY single prediction exceeded p>0.1 (diamond.ipynb). No threshold is applied here; every SLA-locus x HLA-subgroup pair is present with its raw metrics so the renderer can choose.
class1,SLA-12,B14,B,6,0.010068,0.060407,0.006624,0.00743,0.011672,0.0,0.0,0.010068,0.060407,1.5199,The submitted Figure 2 drew an edge when ANY single prediction exceeded p>0.1 (diamond.ipynb). No threshold is applied here; every SLA-locus x HLA-subgroup pair is present with its raw metrics so the renderer can choose.
class1,SLA-12,B15,B,6,0.007726,0.046354,0.00799,0.004612,0.009626,0.0,0.0,0.007726,0.046354,0.967,The submitted Figure 2 drew an edge when ANY single prediction exceeded p>0.1 (diamond.ipynb). No threshold is applied here; every SLA-locus x HLA-subgroup pair is present with its raw metrics so the renderer can choose.
class1,SLA-12,B18,B,6,0.015231,0.091386,0.031562,0.001119,0.018877,0.0,0.0,0.015231,0.091386,0.4826,The submitted Figure 2 drew an edge when ANY single prediction exceeded p>0.1 (diamond.ipynb). No threshold is applied here; every SLA-locus x HLA-subgroup pair is present with its raw metrics so the renderer can choose.
class1,SLA-12,B27,B,6,0.010865,0.065191,0.014264,0.004752,0.01349,0.0,0.0,0.010865,0.065191,0.7617,The submitted Figure 2 drew an edge when ANY single prediction exceeded p>0.1 (diamond.ipynb). No threshold is applied here; every SLA-locus x HLA-subgroup pair is present with its raw metrics so the renderer can choose.
class1,SLA-12,B35,B,6,0.001092,0.006549,0.000768,0.000892,0.001335,0.0,0.0,0.001092,0.006549,1.4219,The submitted Figure 2 drew an edge when ANY single prediction exceeded p>0.1 (diamond.ipynb). No threshold is applied here; every SLA-locus x HLA-subgroup pair is present with its raw metrics so the renderer can choose.
class1,SLA-12,B37,B,6,0.014122,0.084735,0.014597,0.008089,0.017358,0.0,0.0,0.014122,0.084735,0.9675,The submitted Figure 2 drew an edge when ANY single prediction exceeded p>0.1 (diamond.ipynb). No threshold is applied here; every SLA-locus x HLA-subgroup pair is present with its raw metrics so the renderer can choose.
class1,SLA-12,B38,B,6,0.011891,0.071347,0.013958,0.006148,0.01467,0.0,0.0,0.011891,0.071347,0.8519,The submitted Figure 2 drew an edge when ANY single prediction exceeded p>0.1 (diamond.ipynb). No threshold is applied here; every SLA-locus x HLA-subgroup pair is present with its raw metrics so the renderer can choose.
class1,SLA-12,B39,B,6,0.00317,0.019019,0.00295,0.002031,0.003772,0.0,0.0,0.00317,0.019019,1.0746,The submitted Figure 2 drew an edge when ANY single prediction exceeded p>0.1 (diamond.ipynb). No threshold is applied here; every SLA-locus x HLA-subgroup pair is present with its raw metrics so the renderer can choose.
class1,SLA-12,B40,B,6,0.020053,0.120316,0.031987,0.006387,0.025057,0.0,0.0,0.020053,0.120316,0.6269,The submitted Figure 2 drew an edge when ANY single prediction exceeded p>0.1 (diamond.ipynb). No threshold is applied here; every SLA-locus x HLA-subgroup pair is present with its raw metrics so the renderer can choose.
class1,SLA-12,B41,B,6,0.048823,0.292937,0.09279,0.007438,0.060357,0.0,0.6667,0.048823,0.292937,0.5262,The submitted Figure 2 drew an edge when ANY single prediction exceeded p>0.1 (diamond.ipynb). No threshold is applied here; every SLA-locus x HLA-subgroup pair is present with its raw metrics so the renderer can choose.
class1,SLA-12,B44,B,6,0.008224,0.049346,0.007016,0.005762,0.010256,0.0,0.0,0.008224,0.049346,1.1722,The submitted Figure 2 drew an edge when ANY single prediction exceeded p>0.1 (diamond.ipynb). No threshold is applied here; every SLA-locus x HLA-subgroup pair is present with its raw metrics so the renderer can choose.
class1,SLA-12,B46,B,6,0.011385,0.068309,0.009354,0.008702,0.014081,0.0,0.0,0.011385,0.068309,1.2171,The submitted Figure 2 drew an edge when ANY single prediction exceeded p>0.1 (diamond.ipynb). No threshold is applied here; every SLA-locus x HLA-subgroup pair is present with its raw metrics so the renderer can choose.
class1,SLA-12,B49,B,6,0.007019,0.042113,0.006449,0.004427,0.00842,0.0,0.0,0.007019,0.042113,1.0884,The submitted Figure 2 drew an edge when ANY single prediction exceeded p>0.1 (diamond.ipynb). No threshold is applied here; every SLA-locus x HLA-subgroup pair is present with its raw metrics so the renderer can choose.
class1,SLA-12,B50,B,6,0.009839,0.059036,0.008442,0.006607,0.012171,0.0,0.0,0.009839,0.059036,1.1655,The submitted Figure 2 drew an edge when ANY single prediction exceeded p>0.1 (diamond.ipynb). No threshold is applied here; every SLA-locus x HLA-subgroup pair is present with its raw metrics so the renderer can choose.
class1,SLA-12,B51,B,6,0.011125,0.066748,0.019607,0.002388,0.013741,0.0,0.0,0.011125,0.066748,0.5674,The submitted Figure 2 drew an edge when ANY single prediction exceeded p>0.1 (diamond.ipynb). No threshold is applied here; every SLA-locus x HLA-subgroup pair is present with its raw metrics so the renderer can choose.
class1,SLA-12,B52,B,6,0.011922,0.07153,0.012152,0.007823,0.014634,0.0,0.0,0.011922,0.07153,0.9811,The submitted Figure 2 drew an edge when ANY single prediction exceeded p>0.1 (diamond.ipynb). No threshold is applied here; every SLA-locus x HLA-subgroup pair is present with its raw metrics so the renderer can choose.
class1,SLA-12,B53,B,6,0.011149,0.066894,0.008686,0.008942,0.013794,0.0,0.0,0.011149,0.066894,1.2836,The submitted Figure 2 drew an edge when ANY single prediction exceeded p>0.1 (diamond.ipynb). No threshold is applied here; every SLA-locus x HLA-subgroup pair is present with its raw metrics so the renderer can choose.
class1,SLA-12,B55,B,6,0.006282,0.037692,0.007266,0.003075,0.007534,0.0,0.0,0.006282,0.037692,0.8646,The submitted Figure 2 drew an edge when ANY single prediction exceeded p>0.1 (diamond.ipynb). No threshold is applied here; every SLA-locus x HLA-subgroup pair is present with its raw metrics so the renderer can choose.
class1,SLA-12,B56,B,6,0.006219,0.037312,0.007474,0.003244,0.007656,0.0,0.0,0.006219,0.037312,0.8321,The submitted Figure 2 drew an edge when ANY single prediction exceeded p>0.1 (diamond.ipynb). No threshold is applied here; every SLA-locus x HLA-subgroup pair is present with its raw metrics so the renderer can choose.
class1,SLA-12,B57,B,6,0.034878,0.209268,0.021628,0.025887,0.040234,0.0,0.0,0.034878,0.209268,1.6126,The submitted Figure 2 drew an edge when ANY single prediction exceeded p>0.1 (diamond.ipynb). No threshold is applied here; every SLA-locus x HLA-subgroup pair is present with its raw metrics so the renderer can choose.
class1,SLA-12,B58,B,6,0.021805,0.130827,0.027531,0.011299,0.027042,0.0,0.0,0.021805,0.130827,0.792,The submitted Figure 2 drew an edge when ANY single prediction exceeded p>0.1 (diamond.ipynb). No threshold is applied here; every SLA-locus x HLA-subgroup pair is present with its raw metrics so the renderer can choose.
class1,SLA-12,B_Other,B,6,0.006354,0.038126,0.009193,0.002262,0.007667,0.0,0.0,0.006354,0.038126,0.6912,The submitted Figure 2 drew an edge when ANY single prediction exceeded p>0.1 (diamond.ipynb). No threshold is applied here; every SLA-locus x HLA-subgroup pair is present with its raw metrics so the renderer can choose.
class1,SLA-12,C01,C,6,0.013296,0.079777,0.009019,0.009804,0.015858,0.0,0.0,0.013296,0.079777,1.4742,The submitted Figure 2 drew an edge when ANY single prediction exceeded p>0.1 (diamond.ipynb). No threshold is applied here; every SLA-locus x HLA-subgroup pair is present with its raw metrics so the renderer can choose.
class1,SLA-12,C02,C,6,0.015379,0.092273,0.02152,0.006536,0.019148,0.0,0.0,0.015379,0.092273,0.7146,The submitted Figure 2 drew an edge when ANY single prediction exceeded p>0.1 (diamond.ipynb). No threshold is applied here; every SLA-locus x HLA-subgroup pair is present with its raw metrics so the renderer can choose.
class1,SLA-12,C03,C,6,0.002138,0.01283,0.002531,0.00111,0.002637,0.0,0.0,0.002138,0.01283,0.8447,The submitted Figure 2 drew an edge when ANY single prediction exceeded p>0.1 (diamond.ipynb). No threshold is applied here; every SLA-locus x HLA-subgroup pair is present with its raw metrics so the renderer can choose.
class1,SLA-12,C04,C,6,0.014335,0.086012,0.030804,0.000561,0.01789,0.0,0.0,0.014335,0.086012,0.4654,The submitted Figure 2 drew an edge when ANY single prediction exceeded p>0.1 (diamond.ipynb). No threshold is applied here; every SLA-locus x HLA-subgroup pair is present with its raw metrics so the renderer can choose.
class1,SLA-12,C05,C,6,0.035817,0.214901,0.041076,0.02126,0.04461,0.0,0.0,0.035817,0.214901,0.872,The submitted Figure 2 drew an edge when ANY single prediction exceeded p>0.1 (diamond.ipynb). No threshold is applied here; every SLA-locus x HLA-subgroup pair is present with its raw metrics so the renderer can choose.
class1,SLA-12,C06,C,6,0.0024,0.014397,0.00281,0.001178,0.002909,0.0,0.0,0.0024,0.014397,0.8541,The submitted Figure 2 drew an edge when ANY single prediction exceeded p>0.1 (diamond.ipynb). No threshold is applied here; every SLA-locus x HLA-subgroup pair is present with its raw metrics so the renderer can choose.
class1,SLA-12,C07,C,6,0.001751,0.010509,0.001839,0.00117,0.002138,0.0,0.0,0.001751,0.010509,0.9521,The submitted Figure 2 drew an edge when ANY single prediction exceeded p>0.1 (diamond.ipynb). No threshold is applied here; every SLA-locus x HLA-subgroup pair is present with its raw metrics so the renderer can choose.
class1,SLA-12,C08,C,6,0.053349,0.320095,0.088461,0.014194,0.066609,0.0,0.1667,0.053349,0.320095,0.6031,The submitted Figure 2 drew an edge when ANY single prediction exceeded p>0.1 (diamond.ipynb). No threshold is applied here; every SLA-locus x HLA-subgroup pair is present with its raw metrics so the renderer can choose.
class1,SLA-12,C12,C,6,0.012994,0.077966,0.010012,0.009326,0.016179,0.0,0.0,0.012994,0.077966,1.2978,The submitted Figure 2 drew an edge when ANY single prediction exceeded p>0.1 (diamond.ipynb). No threshold is applied here; every SLA-locus x HLA-subgroup pair is present with its raw metrics so the renderer can choose.
class1,SLA-12,C14,C,6,0.021081,0.126489,0.017724,0.014459,0.025927,0.0,0.0,0.021081,0.126489,1.1894,The submitted Figure 2 drew an edge when ANY single prediction exceeded p>0.1 (diamond.ipynb). No threshold is applied here; every SLA-locus x HLA-subgroup pair is present with its raw metrics so the renderer can choose.
class1,SLA-12,C15,C,6,0.016571,0.099424,0.016854,0.010021,0.020502,0.0,0.0,0.016571,0.099424,0.9832,The submitted Figure 2 drew an edge when ANY single prediction exceeded p>0.1 (diamond.ipynb). No threshold is applied here; every SLA-locus x HLA-subgroup pair is present with its raw metrics so the renderer can choose.
class1,SLA-12,C16,C,6,0.065721,0.394325,0.128605,0.008266,0.081763,0.1667,1.0,0.065721,0.394325,0.511,The submitted Figure 2 drew an edge when ANY single prediction exceeded p>0.1 (diamond.ipynb). No threshold is applied here; every SLA-locus x HLA-subgroup pair is present with its raw metrics so the renderer can choose.
class1,SLA-12,C17,C,6,0.059729,0.358372,0.077606,0.034547,0.074079,0.0,0.6667,0.059729,0.358372,0.7696,The submitted Figure 2 drew an edge when ANY single prediction exceeded p>0.1 (diamond.ipynb). No threshold is applied here; every SLA-locus x HLA-subgroup pair is present with its raw metrics so the renderer can choose.
class1,SLA-12,C_Other,C,6,0.006253,0.037519,0.00455,0.004718,0.007388,0.0,0.0,0.006253,0.037519,1.3743,The submitted Figure 2 drew an edge when ANY single prediction exceeded p>0.1 (diamond.ipynb). No threshold is applied here; every SLA-locus x HLA-subgroup pair is present with its raw metrics so the renderer can choose.
class1,SLA-2,A01,A,97,0.023751,2.303827,0.022038,0.015533,0.028976,0.0103,0.0825,0.023751,2.303827,1.0777,The submitted Figure 2 drew an edge when ANY single prediction exceeded p>0.1 (diamond.ipynb). No threshold is applied here; every SLA-locus x HLA-subgroup pair is present with its raw metrics so the renderer can choose.
class1,SLA-2,A02,A,97,0.031694,3.07434,0.035866,0.016815,0.038491,0.0103,0.134,0.031694,3.07434,0.8837,The submitted Figure 2 drew an edge when ANY single prediction exceeded p>0.1 (diamond.ipynb). No threshold is applied here; every SLA-locus x HLA-subgroup pair is present with its raw metrics so the renderer can choose.
class1,SLA-2,A03,A,97,0.063349,6.144844,0.095635,0.021016,0.078422,0.1031,0.4845,0.063349,6.144844,0.6624,The submitted Figure 2 drew an edge when ANY single prediction exceeded p>0.1 (diamond.ipynb). No threshold is applied here; every SLA-locus x HLA-subgroup pair is present with its raw metrics so the renderer can choose.
class1,SLA-2,A11,A,97,0.00923,0.895313,0.003094,0.008587,0.010519,0.0,0.0,0.00923,0.895313,2.9832,The submitted Figure 2 drew an edge when ANY single prediction exceeded p>0.1 (diamond.ipynb). No threshold is applied here; every SLA-locus x HLA-subgroup pair is present with its raw metrics so the renderer can choose.
class1,SLA-2,A23,A,97,0.013427,1.302429,0.012592,0.009365,0.016478,0.0,0.0309,0.013427,1.302429,1.0663,The submitted Figure 2 drew an edge when ANY single prediction exceeded p>0.1 (diamond.ipynb). No threshold is applied here; every SLA-locus x HLA-subgroup pair is present with its raw metrics so the renderer can choose.
class1,SLA-2,A24,A,97,0.037829,3.66938,0.034601,0.027488,0.046628,0.0928,0.1856,0.037829,3.66938,1.0933,The submitted Figure 2 drew an edge when ANY single prediction exceeded p>0.1 (diamond.ipynb). No threshold is applied here; every SLA-locus x HLA-subgroup pair is present with its raw metrics so the renderer can choose.
class1,SLA-2,A25,A,97,0.014858,1.441191,0.014856,0.008739,0.018085,0.0103,0.0619,0.014858,1.441191,1.0001,The submitted Figure 2 drew an edge when ANY single prediction exceeded p>0.1 (diamond.ipynb). No threshold is applied here; every SLA-locus x HLA-subgroup pair is present with its raw metrics so the renderer can choose.
class1,SLA-2,A26,A,97,0.007276,0.705761,0.005007,0.006102,0.008968,0.0,0.0103,0.007276,0.705761,1.4532,The submitted Figure 2 drew an edge when ANY single prediction exceeded p>0.1 (diamond.ipynb). No threshold is applied here; every SLA-locus x HLA-subgroup pair is present with its raw metrics so the renderer can choose.
class1,SLA-2,A29,A,97,0.025213,2.445689,0.035008,0.011169,0.031463,0.0412,0.1546,0.025213,2.445689,0.7202,The submitted Figure 2 drew an edge when ANY single prediction exceeded p>0.1 (diamond.ipynb). No threshold is applied here; every SLA-locus x HLA-subgroup pair is present with its raw metrics so the renderer can choose.
class1,SLA-2,A30,A,97,0.012341,1.19706,0.01181,0.007921,0.015208,0.0103,0.0619,0.012341,1.19706,1.045,The submitted Figure 2 drew an edge when ANY single prediction exceeded p>0.1 (diamond.ipynb). No threshold is applied here; every SLA-locus x HLA-subgroup pair is present with its raw metrics so the renderer can choose.
class1,SLA-2,A31,A,97,0.003593,0.348474,0.003559,0.00206,0.004329,0.0,0.0,0.003593,0.348474,1.0096,The submitted Figure 2 drew an edge when ANY single prediction exceeded p>0.1 (diamond.ipynb). No threshold is applied here; every SLA-locus x HLA-subgroup pair is present with its raw metrics so the renderer can choose.
class1,SLA-2,A32,A,97,0.006283,0.609473,0.006835,0.003362,0.007642,0.0,0.0206,0.006283,0.609473,0.9192,The submitted Figure 2 drew an edge when ANY single prediction exceeded p>0.1 (diamond.ipynb). No threshold is applied here; every SLA-locus x HLA-subgroup pair is present with its raw metrics so the renderer can choose.
class1,SLA-2,A33,A,97,0.007304,0.708506,0.00727,0.004536,0.008725,0.0,0.0103,0.007304,0.708506,1.0047,The submitted Figure 2 drew an edge when ANY single prediction exceeded p>0.1 (diamond.ipynb). No threshold is applied here; every SLA-locus x HLA-subgroup pair is present with its raw metrics so the renderer can choose.
class1,SLA-2,A68,A,97,0.038917,3.774961,0.013525,0.033417,0.042204,0.0825,0.2784,0.038917,3.774961,2.8774,The submitted Figure 2 drew an edge when ANY single prediction exceeded p>0.1 (diamond.ipynb). No threshold is applied here; every SLA-locus x HLA-subgroup pair is present with its raw metrics so the renderer can choose.
class1,SLA-2,A_Other,A,97,0.01244,1.206642,0.008841,0.010415,0.015042,0.0,0.0515,0.01244,1.206642,1.4071,The submitted Figure 2 drew an edge when ANY single prediction exceeded p>0.1 (diamond.ipynb). No threshold is applied here; every SLA-locus x HLA-subgroup pair is present with its raw metrics so the renderer can choose.
class1,SLA-2,B07,B,97,0.024657,2.391764,0.026395,0.015405,0.030215,0.0,0.1237,0.024657,2.391764,0.9342,The submitted Figure 2 drew an edge when ANY single prediction exceeded p>0.1 (diamond.ipynb). No threshold is applied here; every SLA-locus x HLA-subgroup pair is present with its raw metrics so the renderer can choose.
class1,SLA-2,B08,B,97,0.026071,2.528859,0.04556,0.005814,0.032172,0.0206,0.134,0.026071,2.528859,0.5722,The submitted Figure 2 drew an edge when ANY single prediction exceeded p>0.1 (diamond.ipynb). No threshold is applied here; every SLA-locus x HLA-subgroup pair is present with its raw metrics so the renderer can choose.
class1,SLA-2,B13,B,97,0.02124,2.06027,0.027361,0.009656,0.025986,0.0206,0.1546,0.02124,2.06027,0.7763,The submitted Figure 2 drew an edge when ANY single prediction exceeded p>0.1 (diamond.ipynb). No threshold is applied here; every SLA-locus x HLA-subgroup pair is present with its raw metrics so the renderer can choose.
class1,SLA-2,B14,B,97,0.012956,1.256684,0.014176,0.007029,0.015421,0.0103,0.0515,0.012956,1.256684,0.9139,The submitted Figure 2 drew an edge when ANY single prediction exceeded p>0.1 (diamond.ipynb). No threshold is applied here; every SLA-locus x HLA-subgroup pair is present with its raw metrics so the renderer can choose.
class1,SLA-2,B15,B,97,0.044655,4.331556,0.025801,0.034001,0.050081,0.1134,0.2784,0.044655,4.331556,1.7307,The submitted Figure 2 drew an edge when ANY single prediction exceeded p>0.1 (diamond.ipynb). No threshold is applied here; every SLA-locus x HLA-subgroup pair is present with its raw metrics so the renderer can choose.
class1,SLA-2,B18,B,97,0.006377,0.618597,0.008774,0.002571,0.00775,0.0,0.0,0.006377,0.618597,0.7268,The submitted Figure 2 drew an edge when ANY single prediction exceeded p>0.1 (diamond.ipynb). No threshold is applied here; every SLA-locus x HLA-subgroup pair is present with its raw metrics so the renderer can choose.
class1,SLA-2,B27,B,97,0.019681,1.909027,0.028331,0.007116,0.023697,0.0,0.1443,0.019681,1.909027,0.6947,The submitted Figure 2 drew an edge when ANY single prediction exceeded p>0.1 (diamond.ipynb). No threshold is applied here; every SLA-locus x HLA-subgroup pair is present with its raw metrics so the renderer can choose.
class1,SLA-2,B35,B,97,0.002354,0.228347,0.001351,0.001972,0.002721,0.0,0.0,0.002354,0.228347,1.7424,The submitted Figure 2 drew an edge when ANY single prediction exceeded p>0.1 (diamond.ipynb). No threshold is applied here; every SLA-locus x HLA-subgroup pair is present with its raw metrics so the renderer can choose.
class1,SLA-2,B37,B,97,0.022419,2.174653,0.027502,0.010311,0.027126,0.0103,0.1649,0.022419,2.174653,0.8152,The submitted Figure 2 drew an edge when ANY single prediction exceeded p>0.1 (diamond.ipynb). No threshold is applied here; every SLA-locus x HLA-subgroup pair is present with its raw metrics so the renderer can choose.
class1,SLA-2,B38,B,97,0.005255,0.509746,0.00641,0.002449,0.006353,0.0,0.0,0.005255,0.509746,0.8198,The submitted Figure 2 drew an edge when ANY single prediction exceeded p>0.1 (diamond.ipynb). No threshold is applied here; every SLA-locus x HLA-subgroup pair is present with its raw metrics so the renderer can choose.
class1,SLA-2,B39,B,97,0.003569,0.34623,0.003545,0.002178,0.004362,0.0,0.0,0.003569,0.34623,1.0068,The submitted Figure 2 drew an edge when ANY single prediction exceeded p>0.1 (diamond.ipynb). No threshold is applied here; every SLA-locus x HLA-subgroup pair is present with its raw metrics so the renderer can choose.
class1,SLA-2,B40,B,97,0.114659,11.121875,0.138831,0.063398,0.143158,0.2887,0.7938,0.114659,11.121875,0.8259,The submitted Figure 2 drew an edge when ANY single prediction exceeded p>0.1 (diamond.ipynb). No threshold is applied here; every SLA-locus x HLA-subgroup pair is present with its raw metrics so the renderer can choose.
class1,SLA-2,B41,B,97,0.031819,3.086439,0.033324,0.017431,0.037893,0.0309,0.1649,0.031819,3.086439,0.9548,The submitted Figure 2 drew an edge when ANY single prediction exceeded p>0.1 (diamond.ipynb). No threshold is applied here; every SLA-locus x HLA-subgroup pair is present with its raw metrics so the renderer can choose.
class1,SLA-2,B44,B,97,0.012009,1.164875,0.01416,0.005682,0.013802,0.0,0.0103,0.012009,1.164875,0.8481,The submitted Figure 2 drew an edge when ANY single prediction exceeded p>0.1 (diamond.ipynb). No threshold is applied here; every SLA-locus x HLA-subgroup pair is present with its raw metrics so the renderer can choose.
class1,SLA-2,B46,B,97,0.011101,1.076842,0.007321,0.009278,0.013578,0.0,0.0309,0.011101,1.076842,1.5163,The submitted Figure 2 drew an edge when ANY single prediction exceeded p>0.1 (diamond.ipynb). No threshold is applied here; every SLA-locus x HLA-subgroup pair is present with its raw metrics so the renderer can choose.
class1,SLA-2,B49,B,97,0.016637,1.613744,0.020537,0.008501,0.02007,0.0,0.0722,0.016637,1.613744,0.8101,The submitted Figure 2 drew an edge when ANY single prediction exceeded p>0.1 (diamond.ipynb). No threshold is applied here; every SLA-locus x HLA-subgroup pair is present with its raw metrics so the renderer can choose.
class1,SLA-2,B50,B,97,0.021651,2.100139,0.016604,0.015954,0.025525,0.0,0.0722,0.021651,2.100139,1.304,The submitted Figure 2 drew an edge when ANY single prediction exceeded p>0.1 (diamond.ipynb). No threshold is applied here; every SLA-locus x HLA-subgroup pair is present with its raw metrics so the renderer can choose.
class1,SLA-2,B51,B,97,0.00658,0.638284,0.004551,0.005023,0.007942,0.0,0.0309,0.00658,0.638284,1.4458,The submitted Figure 2 drew an edge when ANY single prediction exceeded p>0.1 (diamond.ipynb). No threshold is applied here; every SLA-locus x HLA-subgroup pair is present with its raw metrics so the renderer can choose.
class1,SLA-2,B52,B,97,0.009256,0.897801,0.007331,0.006605,0.011145,0.0,0.0103,0.009256,0.897801,1.2626,The submitted Figure 2 drew an edge when ANY single prediction exceeded p>0.1 (diamond.ipynb). No threshold is applied here; every SLA-locus x HLA-subgroup pair is present with its raw metrics so the renderer can choose.
class1,SLA-2,B53,B,97,0.006503,0.630753,0.007299,0.003542,0.008064,0.0,0.0,0.006503,0.630753,0.8909,The submitted Figure 2 drew an edge when ANY single prediction exceeded p>0.1 (diamond.ipynb). No threshold is applied here; every SLA-locus x HLA-subgroup pair is present with its raw metrics so the renderer can choose.
class1,SLA-2,B55,B,97,0.01547,1.500563,0.013911,0.011901,0.01911,0.0,0.0619,0.01547,1.500563,1.1121,The submitted Figure 2 drew an edge when ANY single prediction exceeded p>0.1 (diamond.ipynb). No threshold is applied here; every SLA-locus x HLA-subgroup pair is present with its raw metrics so the renderer can choose.
class1,SLA-2,B56,B,97,0.012925,1.253751,0.014752,0.008527,0.015949,0.0,0.0103,0.012925,1.253751,0.8762,The submitted Figure 2 drew an edge when ANY single prediction exceeded p>0.1 (diamond.ipynb). No threshold is applied here; every SLA-locus x HLA-subgroup pair is present with its raw metrics so the renderer can choose.
class1,SLA-2,B57,B,97,0.018089,1.75462,0.009965,0.016078,0.022096,0.0,0.0928,0.018089,1.75462,1.8153,The submitted Figure 2 drew an edge when ANY single prediction exceeded p>0.1 (diamond.ipynb). No threshold is applied here; every SLA-locus x HLA-subgroup pair is present with its raw metrics so the renderer can choose.
class1,SLA-2,B58,B,97,0.025669,2.489906,0.02738,0.016485,0.031996,0.0,0.1237,0.025669,2.489906,0.9375,The submitted Figure 2 drew an edge when ANY single prediction exceeded p>0.1 (diamond.ipynb). No threshold is applied here; every SLA-locus x HLA-subgroup pair is present with its raw metrics so the renderer can choose.
class1,SLA-2,B_Other,B,97,0.036463,3.536937,0.020374,0.030371,0.043806,0.0722,0.2268,0.036463,3.536937,1.7897,The submitted Figure 2 drew an edge when ANY single prediction exceeded p>0.1 (diamond.ipynb). No threshold is applied here; every SLA-locus x HLA-subgroup pair is present with its raw metrics so the renderer can choose.
class1,SLA-2,C01,C,97,0.010521,1.020556,0.006498,0.007935,0.011915,0.0,0.0309,0.010521,1.020556,1.6191,The submitted Figure 2 drew an edge when ANY single prediction exceeded p>0.1 (diamond.ipynb). No threshold is applied here; every SLA-locus x HLA-subgroup pair is present with its raw metrics so the renderer can choose.
class1,SLA-2,C02,C,97,0.008598,0.834014,0.01364,0.002522,0.010515,0.0,0.0206,0.008598,0.834014,0.6304,The submitted Figure 2 drew an edge when ANY single prediction exceeded p>0.1 (diamond.ipynb). No threshold is applied here; every SLA-locus x HLA-subgroup pair is present with its raw metrics so the renderer can choose.
class1,SLA-2,C03,C,97,0.023365,2.266404,0.032179,0.010464,0.029171,0.0206,0.1546,0.023365,2.266404,0.7261,The submitted Figure 2 drew an edge when ANY single prediction exceeded p>0.1 (diamond.ipynb). No threshold is applied here; every SLA-locus x HLA-subgroup pair is present with its raw metrics so the renderer can choose.
class1,SLA-2,C04,C,97,0.006549,0.635227,0.006991,0.003846,0.008104,0.0,0.0,0.006549,0.635227,0.9368,The submitted Figure 2 drew an edge when ANY single prediction exceeded p>0.1 (diamond.ipynb). No threshold is applied here; every SLA-locus x HLA-subgroup pair is present with its raw metrics so the renderer can choose.
class1,SLA-2,C05,C,97,0.015012,1.45617,0.016042,0.00937,0.01868,0.0103,0.0619,0.015012,1.45617,0.9358,The submitted Figure 2 drew an edge when ANY single prediction exceeded p>0.1 (diamond.ipynb). No threshold is applied here; every SLA-locus x HLA-subgroup pair is present with its raw metrics so the renderer can choose.
class1,SLA-2,C06,C,97,0.006809,0.660456,0.006693,0.00444,0.008196,0.0,0.0103,0.006809,0.660456,1.0173,The submitted Figure 2 drew an edge when ANY single prediction exceeded p>0.1 (diamond.ipynb). No threshold is applied here; every SLA-locus x HLA-subgroup pair is present with its raw metrics so the renderer can choose.
class1,SLA-2,C07,C,97,0.007873,0.763688,0.006886,0.005433,0.009536,0.0103,0.0103,0.007873,0.763688,1.1433,The submitted Figure 2 drew an edge when ANY single prediction exceeded p>0.1 (diamond.ipynb). No threshold is applied here; every SLA-locus x HLA-subgroup pair is present with its raw metrics so the renderer can choose.
class1,SLA-2,C08,C,97,0.030424,2.951127,0.033053,0.020431,0.037951,0.0103,0.2062,0.030424,2.951127,0.9205,The submitted Figure 2 drew an edge when ANY single prediction exceeded p>0.1 (diamond.ipynb). No threshold is applied here; every SLA-locus x HLA-subgroup pair is present with its raw metrics so the renderer can choose.
class1,SLA-2,C12,C,97,0.008741,0.847918,0.008478,0.006268,0.010904,0.0,0.0206,0.008741,0.847918,1.031,The submitted Figure 2 drew an edge when ANY single prediction exceeded p>0.1 (diamond.ipynb). No threshold is applied here; every SLA-locus x HLA-subgroup pair is present with its raw metrics so the renderer can choose.
class1,SLA-2,C14,C,97,0.009088,0.881518,0.006251,0.006695,0.010498,0.0,0.0412,0.009088,0.881518,1.4538,The submitted Figure 2 drew an edge when ANY single prediction exceeded p>0.1 (diamond.ipynb). No threshold is applied here; every SLA-locus x HLA-subgroup pair is present with its raw metrics so the renderer can choose.
class1,SLA-2,C15,C,97,0.008361,0.811041,0.007704,0.005248,0.010297,0.0,0.0103,0.008361,0.811041,1.0853,The submitted Figure 2 drew an edge when ANY single prediction exceeded p>0.1 (diamond.ipynb). No threshold is applied here; every SLA-locus x HLA-subgroup pair is present with its raw metrics so the renderer can choose.
class1,SLA-2,C16,C,97,0.008914,0.864688,0.01073,0.004181,0.010842,0.0,0.0206,0.008914,0.864688,0.8308,The submitted Figure 2 drew an edge when ANY single prediction exceeded p>0.1 (diamond.ipynb). No threshold is applied here; every SLA-locus x HLA-subgroup pair is present with its raw metrics so the renderer can choose.
class1,SLA-2,C17,C,97,0.015831,1.535572,0.01983,0.008021,0.019579,0.0206,0.0928,0.015831,1.535572,0.7983,The submitted Figure 2 drew an edge when ANY single prediction exceeded p>0.1 (diamond.ipynb). No threshold is applied here; every SLA-locus x HLA-subgroup pair is present with its raw metrics so the renderer can choose.
class1,SLA-2,C_Other,C,97,0.004345,0.421468,0.002702,0.003518,0.00509,0.0,0.0,0.004345,0.421468,1.6081,The submitted Figure 2 drew an edge when ANY single prediction exceeded p>0.1 (diamond.ipynb). No threshold is applied here; every SLA-locus x HLA-subgroup pair is present with its raw metrics so the renderer can choose.
class1,SLA-3,A01,A,43,0.038778,1.667434,0.059246,0.013173,0.048311,0.0,0.0,0.038778,1.667434,0.6545,The submitted Figure 2 drew an edge when ANY single prediction exceeded p>0.1 (diamond.ipynb). No threshold is applied here; every SLA-locus x HLA-subgroup pair is present with its raw metrics so the renderer can choose.
class1,SLA-3,A02,A,43,0.091008,3.913355,0.0793,0.066346,0.111553,0.3256,0.4186,0.091008,3.913355,1.1476,The submitted Figure 2 drew an edge when ANY single prediction exceeded p>0.1 (diamond.ipynb). No threshold is applied here; every SLA-locus x HLA-subgroup pair is present with its raw metrics so the renderer can choose.
class1,SLA-3,A03,A,43,0.079583,3.422058,0.172791,0.00231,0.099407,0.0233,0.814,0.079583,3.422058,0.4606,The submitted Figure 2 drew an edge when ANY single prediction exceeded p>0.1 (diamond.ipynb). No threshold is applied here; every SLA-locus x HLA-subgroup pair is present with its raw metrics so the renderer can choose.
class1,SLA-3,A11,A,43,0.008342,0.358713,0.010437,0.003963,0.010207,0.0,0.0,0.008342,0.358713,0.7993,The submitted Figure 2 drew an edge when ANY single prediction exceeded p>0.1 (diamond.ipynb). No threshold is applied here; every SLA-locus x HLA-subgroup pair is present with its raw metrics so the renderer can choose.
class1,SLA-3,A23,A,43,0.011276,0.484864,0.011766,0.007324,0.014024,0.0,0.0233,0.011276,0.484864,0.9584,The submitted Figure 2 drew an edge when ANY single prediction exceeded p>0.1 (diamond.ipynb). No threshold is applied here; every SLA-locus x HLA-subgroup pair is present with its raw metrics so the renderer can choose.
class1,SLA-3,A24,A,43,0.016387,0.704651,0.026035,0.004906,0.020216,0.0,0.0233,0.016387,0.704651,0.6294,The submitted Figure 2 drew an edge when ANY single prediction exceeded p>0.1 (diamond.ipynb). No threshold is applied here; every SLA-locus x HLA-subgroup pair is present with its raw metrics so the renderer can choose.
class1,SLA-3,A25,A,43,0.005879,0.252776,0.006122,0.004201,0.007151,0.0,0.0,0.005879,0.252776,0.9603,The submitted Figure 2 drew an edge when ANY single prediction exceeded p>0.1 (diamond.ipynb). No threshold is applied here; every SLA-locus x HLA-subgroup pair is present with its raw metrics so the renderer can choose.
class1,SLA-3,A26,A,43,0.007104,0.305452,0.01223,0.001652,0.008787,0.0,0.0465,0.007104,0.305452,0.5809,The submitted Figure 2 drew an edge when ANY single prediction exceeded p>0.1 (diamond.ipynb). No threshold is applied here; every SLA-locus x HLA-subgroup pair is present with its raw metrics so the renderer can choose.
class1,SLA-3,A29,A,43,0.064582,2.777016,0.114147,0.01436,0.080714,0.0465,0.5814,0.064582,2.777016,0.5658,The submitted Figure 2 drew an edge when ANY single prediction exceeded p>0.1 (diamond.ipynb). No threshold is applied here; every SLA-locus x HLA-subgroup pair is present with its raw metrics so the renderer can choose.
class1,SLA-3,A30,A,43,0.00705,0.303157,0.010812,0.002289,0.008772,0.0,0.0233,0.00705,0.303157,0.6521,The submitted Figure 2 drew an edge when ANY single prediction exceeded p>0.1 (diamond.ipynb). No threshold is applied here; every SLA-locus x HLA-subgroup pair is present with its raw metrics so the renderer can choose.
class1,SLA-3,A31,A,43,0.001645,0.070724,0.001149,0.001367,0.001967,0.0,0.0,0.001645,0.070724,1.4317,The submitted Figure 2 drew an edge when ANY single prediction exceeded p>0.1 (diamond.ipynb). No threshold is applied here; every SLA-locus x HLA-subgroup pair is present with its raw metrics so the renderer can choose.
class1,SLA-3,A32,A,43,0.0046,0.197819,0.005872,0.002441,0.005703,0.0,0.0,0.0046,0.197819,0.7834,The submitted Figure 2 drew an edge when ANY single prediction exceeded p>0.1 (diamond.ipynb). No threshold is applied here; every SLA-locus x HLA-subgroup pair is present with its raw metrics so the renderer can choose.
class1,SLA-3,A33,A,43,0.003187,0.13705,0.003256,0.001918,0.003967,0.0,0.0,0.003187,0.13705,0.9788,The submitted Figure 2 drew an edge when ANY single prediction exceeded p>0.1 (diamond.ipynb). No threshold is applied here; every SLA-locus x HLA-subgroup pair is present with its raw metrics so the renderer can choose.
class1,SLA-3,A68,A,43,0.012752,0.548349,0.01355,0.007286,0.015601,0.0,0.0233,0.012752,0.548349,0.9411,The submitted Figure 2 drew an edge when ANY single prediction exceeded p>0.1 (diamond.ipynb). No threshold is applied here; every SLA-locus x HLA-subgroup pair is present with its raw metrics so the renderer can choose.
class1,SLA-3,A_Other,A,43,0.010562,0.454176,0.019375,0.0019,0.012847,0.0,0.0465,0.010562,0.454176,0.5451,The submitted Figure 2 drew an edge when ANY single prediction exceeded p>0.1 (diamond.ipynb). No threshold is applied here; every SLA-locus x HLA-subgroup pair is present with its raw metrics so the renderer can choose.
class1,SLA-3,B07,B,43,0.059187,2.545034,0.064482,0.035256,0.073904,0.1395,0.3953,0.059187,2.545034,0.9179,The submitted Figure 2 drew an edge when ANY single prediction exceeded p>0.1 (diamond.ipynb). No threshold is applied here; every SLA-locus x HLA-subgroup pair is present with its raw metrics so the renderer can choose.
class1,SLA-3,B08,B,43,0.027123,1.166297,0.031529,0.013535,0.032958,0.0,0.0233,0.027123,1.166297,0.8603,The submitted Figure 2 drew an edge when ANY single prediction exceeded p>0.1 (diamond.ipynb). No threshold is applied here; every SLA-locus x HLA-subgroup pair is present with its raw metrics so the renderer can choose.
class1,SLA-3,B13,B,43,0.00852,0.366366,0.014415,0.002198,0.010617,0.0,0.186,0.00852,0.366366,0.5911,The submitted Figure 2 drew an edge when ANY single prediction exceeded p>0.1 (diamond.ipynb). No threshold is applied here; every SLA-locus x HLA-subgroup pair is present with its raw metrics so the renderer can choose.
class1,SLA-3,B14,B,43,0.006192,0.266255,0.008478,0.002569,0.007721,0.0,0.0233,0.006192,0.266255,0.7304,The submitted Figure 2 drew an edge when ANY single prediction exceeded p>0.1 (diamond.ipynb). No threshold is applied here; every SLA-locus x HLA-subgroup pair is present with its raw metrics so the renderer can choose.
class1,SLA-3,B15,B,43,0.027021,1.161888,0.022376,0.019953,0.032708,0.0233,0.0698,0.027021,1.161888,1.2076,The submitted Figure 2 drew an edge when ANY single prediction exceeded p>0.1 (diamond.ipynb). No threshold is applied here; every SLA-locus x HLA-subgroup pair is present with its raw metrics so the renderer can choose.
class1,SLA-3,B18,B,43,0.011606,0.499041,0.016817,0.004704,0.014463,0.0,0.0233,0.011606,0.499041,0.6901,The submitted Figure 2 drew an edge when ANY single prediction exceeded p>0.1 (diamond.ipynb). No threshold is applied here; every SLA-locus x HLA-subgroup pair is present with its raw metrics so the renderer can choose.
class1,SLA-3,B27,B,43,0.016464,0.707967,0.029796,0.003325,0.020487,0.0,0.186,0.016464,0.707967,0.5526,The submitted Figure 2 drew an edge when ANY single prediction exceeded p>0.1 (diamond.ipynb). No threshold is applied here; every SLA-locus x HLA-subgroup pair is present with its raw metrics so the renderer can choose.
class1,SLA-3,B35,B,43,0.003011,0.12947,0.003661,0.001405,0.003622,0.0,0.0,0.003011,0.12947,0.8225,The submitted Figure 2 drew an edge when ANY single prediction exceeded p>0.1 (diamond.ipynb). No threshold is applied here; every SLA-locus x HLA-subgroup pair is present with its raw metrics so the renderer can choose.
class1,SLA-3,B37,B,43,0.004775,0.205322,0.008048,0.0012,0.005915,0.0,0.0,0.004775,0.205322,0.5933,The submitted Figure 2 drew an edge when ANY single prediction exceeded p>0.1 (diamond.ipynb). No threshold is applied here; every SLA-locus x HLA-subgroup pair is present with its raw metrics so the renderer can choose.
class1,SLA-3,B38,B,43,0.001942,0.083516,0.00271,0.000783,0.002421,0.0,0.0,0.001942,0.083516,0.7166,The submitted Figure 2 drew an edge when ANY single prediction exceeded p>0.1 (diamond.ipynb). No threshold is applied here; every SLA-locus x HLA-subgroup pair is present with its raw metrics so the renderer can choose.
class1,SLA-3,B39,B,43,0.002007,0.086305,0.002027,0.001323,0.002506,0.0,0.0,0.002007,0.086305,0.9901,The submitted Figure 2 drew an edge when ANY single prediction exceeded p>0.1 (diamond.ipynb). No threshold is applied here; every SLA-locus x HLA-subgroup pair is present with its raw metrics so the renderer can choose.
class1,SLA-3,B40,B,43,0.139426,5.995326,0.229645,0.039669,0.174106,0.4419,0.9535,0.139426,5.995326,0.6071,The submitted Figure 2 drew an edge when ANY single prediction exceeded p>0.1 (diamond.ipynb). No threshold is applied here; every SLA-locus x HLA-subgroup pair is present with its raw metrics so the renderer can choose.
class1,SLA-3,B41,B,43,0.010291,0.442534,0.009664,0.006289,0.01233,0.0,0.0,0.010291,0.442534,1.0649,The submitted Figure 2 drew an edge when ANY single prediction exceeded p>0.1 (diamond.ipynb). No threshold is applied here; every SLA-locus x HLA-subgroup pair is present with its raw metrics so the renderer can choose.
class1,SLA-3,B44,B,43,0.004414,0.189808,0.003785,0.003051,0.005399,0.0,0.0,0.004414,0.189808,1.1662,The submitted Figure 2 drew an edge when ANY single prediction exceeded p>0.1 (diamond.ipynb). No threshold is applied here; every SLA-locus x HLA-subgroup pair is present with its raw metrics so the renderer can choose.
class1,SLA-3,B46,B,43,0.00621,0.267045,0.005987,0.004082,0.007694,0.0,0.0,0.00621,0.267045,1.0372,The submitted Figure 2 drew an edge when ANY single prediction exceeded p>0.1 (diamond.ipynb). No threshold is applied here; every SLA-locus x HLA-subgroup pair is present with its raw metrics so the renderer can choose.
class1,SLA-3,B49,B,43,0.003657,0.157256,0.004761,0.001815,0.004549,0.0,0.0,0.003657,0.157256,0.7681,The submitted Figure 2 drew an edge when ANY single prediction exceeded p>0.1 (diamond.ipynb). No threshold is applied here; every SLA-locus x HLA-subgroup pair is present with its raw metrics so the renderer can choose.
class1,SLA-3,B50,B,43,0.008795,0.378195,0.010002,0.00485,0.010965,0.0,0.0,0.008795,0.378195,0.8793,The submitted Figure 2 drew an edge when ANY single prediction exceeded p>0.1 (diamond.ipynb). No threshold is applied here; every SLA-locus x HLA-subgroup pair is present with its raw metrics so the renderer can choose.
class1,SLA-3,B51,B,43,0.002139,0.091957,0.00287,0.000871,0.002646,0.0,0.0,0.002139,0.091957,0.7453,The submitted Figure 2 drew an edge when ANY single prediction exceeded p>0.1 (diamond.ipynb). No threshold is applied here; every SLA-locus x HLA-subgroup pair is present with its raw metrics so the renderer can choose.
class1,SLA-3,B52,B,43,0.002023,0.087002,0.001772,0.001611,0.002502,0.0,0.0,0.002023,0.087002,1.1416,The submitted Figure 2 drew an edge when ANY single prediction exceeded p>0.1 (diamond.ipynb). No threshold is applied here; every SLA-locus x HLA-subgroup pair is present with its raw metrics so the renderer can choose.
class1,SLA-3,B53,B,43,0.003933,0.169115,0.004447,0.002502,0.004883,0.0,0.0,0.003933,0.169115,0.8844,The submitted Figure 2 drew an edge when ANY single prediction exceeded p>0.1 (diamond.ipynb). No threshold is applied here; every SLA-locus x HLA-subgroup pair is present with its raw metrics so the renderer can choose.
class1,SLA-3,B55,B,43,0.00841,0.361619,0.011654,0.003969,0.010504,0.0,0.0233,0.00841,0.361619,0.7216,The submitted Figure 2 drew an edge when ANY single prediction exceeded p>0.1 (diamond.ipynb). No threshold is applied here; every SLA-locus x HLA-subgroup pair is present with its raw metrics so the renderer can choose.
class1,SLA-3,B56,B,43,0.009169,0.394286,0.012617,0.004709,0.011456,0.0,0.0,0.009169,0.394286,0.7267,The submitted Figure 2 drew an edge when ANY single prediction exceeded p>0.1 (diamond.ipynb). No threshold is applied here; every SLA-locus x HLA-subgroup pair is present with its raw metrics so the renderer can choose.
class1,SLA-3,B57,B,43,0.008459,0.363718,0.009552,0.004452,0.010505,0.0,0.0,0.008459,0.363718,0.8856,The submitted Figure 2 drew an edge when ANY single prediction exceeded p>0.1 (diamond.ipynb). No threshold is applied here; every SLA-locus x HLA-subgroup pair is present with its raw metrics so the renderer can choose.
class1,SLA-3,B58,B,43,0.02875,1.236256,0.036805,0.016082,0.035934,0.0,0.0465,0.02875,1.236256,0.7811,The submitted Figure 2 drew an edge when ANY single prediction exceeded p>0.1 (diamond.ipynb). No threshold is applied here; every SLA-locus x HLA-subgroup pair is present with its raw metrics so the renderer can choose.
class1,SLA-3,B_Other,B,43,0.034025,1.463093,0.034393,0.02061,0.042275,0.0,0.2558,0.034025,1.463093,0.9893,The submitted Figure 2 drew an edge when ANY single prediction exceeded p>0.1 (diamond.ipynb). No threshold is applied here; every SLA-locus x HLA-subgroup pair is present with its raw metrics so the renderer can choose.
class1,SLA-3,C01,C,43,0.005364,0.230673,0.003326,0.00412,0.006377,0.0,0.0,0.005364,0.230673,1.6127,The submitted Figure 2 drew an edge when ANY single prediction exceeded p>0.1 (diamond.ipynb). No threshold is applied here; every SLA-locus x HLA-subgroup pair is present with its raw metrics so the renderer can choose.
class1,SLA-3,C02,C,43,0.005886,0.253114,0.010577,0.001177,0.007305,0.0,0.0233,0.005886,0.253114,0.5565,The submitted Figure 2 drew an edge when ANY single prediction exceeded p>0.1 (diamond.ipynb). No threshold is applied here; every SLA-locus x HLA-subgroup pair is present with its raw metrics so the renderer can choose.
class1,SLA-3,C03,C,43,0.01838,0.790335,0.02667,0.006945,0.022959,0.0,0.093,0.01838,0.790335,0.6892,The submitted Figure 2 drew an edge when ANY single prediction exceeded p>0.1 (diamond.ipynb). No threshold is applied here; every SLA-locus x HLA-subgroup pair is present with its raw metrics so the renderer can choose.
class1,SLA-3,C04,C,43,0.005065,0.21781,0.005718,0.002714,0.00628,0.0,0.0,0.005065,0.21781,0.8858,The submitted Figure 2 drew an edge when ANY single prediction exceeded p>0.1 (diamond.ipynb). No threshold is applied here; every SLA-locus x HLA-subgroup pair is present with its raw metrics so the renderer can choose.
class1,SLA-3,C05,C,43,0.023964,1.03046,0.040457,0.006149,0.029944,0.0,0.2326,0.023964,1.03046,0.5923,The submitted Figure 2 drew an edge when ANY single prediction exceeded p>0.1 (diamond.ipynb). No threshold is applied here; every SLA-locus x HLA-subgroup pair is present with its raw metrics so the renderer can choose.
class1,SLA-3,C06,C,43,0.018842,0.810194,0.024812,0.008361,0.023395,0.0,0.0233,0.018842,0.810194,0.7594,The submitted Figure 2 drew an edge when ANY single prediction exceeded p>0.1 (diamond.ipynb). No threshold is applied here; every SLA-locus x HLA-subgroup pair is present with its raw metrics so the renderer can choose.
class1,SLA-3,C07,C,43,0.048886,2.102118,0.043711,0.037835,0.060898,0.0,0.2558,0.048886,2.102118,1.1184,The submitted Figure 2 drew an edge when ANY single prediction exceeded p>0.1 (diamond.ipynb). No threshold is applied here; every SLA-locus x HLA-subgroup pair is present with its raw metrics so the renderer can choose.
class1,SLA-3,C08,C,43,0.027111,1.165771,0.031673,0.014617,0.033886,0.0,0.093,0.027111,1.165771,0.856,The submitted Figure 2 drew an edge when ANY single prediction exceeded p>0.1 (diamond.ipynb). No threshold is applied here; every SLA-locus x HLA-subgroup pair is present with its raw metrics so the renderer can choose.
class1,SLA-3,C12,C,43,0.00904,0.388709,0.013957,0.002924,0.011274,0.0,0.0,0.00904,0.388709,0.6477,The submitted Figure 2 drew an edge when ANY single prediction exceeded p>0.1 (diamond.ipynb). No threshold is applied here; every SLA-locus x HLA-subgroup pair is present with its raw metrics so the renderer can choose.
class1,SLA-3,C14,C,43,0.005851,0.251582,0.008144,0.002541,0.007274,0.0,0.0,0.005851,0.251582,0.7184,The submitted Figure 2 drew an edge when ANY single prediction exceeded p>0.1 (diamond.ipynb). No threshold is applied here; every SLA-locus x HLA-subgroup pair is present with its raw metrics so the renderer can choose.
class1,SLA-3,C15,C,43,0.007582,0.326015,0.008749,0.004381,0.009383,0.0,0.0465,0.007582,0.326015,0.8666,The submitted Figure 2 drew an edge when ANY single prediction exceeded p>0.1 (diamond.ipynb). No threshold is applied here; every SLA-locus x HLA-subgroup pair is present with its raw metrics so the renderer can choose.
class1,SLA-3,C16,C,43,0.008794,0.37814,0.011962,0.003681,0.010929,0.0,0.0233,0.008794,0.37814,0.7352,The submitted Figure 2 drew an edge when ANY single prediction exceeded p>0.1 (diamond.ipynb). No threshold is applied here; every SLA-locus x HLA-subgroup pair is present with its raw metrics so the renderer can choose.
class1,SLA-3,C17,C,43,0.010665,0.45858,0.013254,0.006129,0.013272,0.0,0.0233,0.010665,0.45858,0.8047,The submitted Figure 2 drew an edge when ANY single prediction exceeded p>0.1 (diamond.ipynb). No threshold is applied here; every SLA-locus x HLA-subgroup pair is present with its raw metrics so the renderer can choose.
class1,SLA-3,C_Other,C,43,0.004285,0.184236,0.004715,0.002496,0.005177,0.0,0.0,0.004285,0.184236,0.9088,The submitted Figure 2 drew an edge when ANY single prediction exceeded p>0.1 (diamond.ipynb). No threshold is applied here; every SLA-locus x HLA-subgroup pair is present with its raw metrics so the renderer can choose.
class1,SLA-6,A01,A,10,0.005391,0.053913,0.009832,0.001009,0.006705,0.0,0.0,0.005391,0.053913,0.5483,The submitted Figure 2 drew an edge when ANY single prediction exceeded p>0.1 (diamond.ipynb). No threshold is applied here; every SLA-locus x HLA-subgroup pair is present with its raw metrics so the renderer can choose.
class1,SLA-6,A02,A,10,0.001829,0.018289,0.003325,0.000346,0.002283,0.0,0.0,0.001829,0.018289,0.5501,The submitted Figure 2 drew an edge when ANY single prediction exceeded p>0.1 (diamond.ipynb). No threshold is applied here; every SLA-locus x HLA-subgroup pair is present with its raw metrics so the renderer can choose.
class1,SLA-6,A03,A,10,0.001071,0.010707,0.000852,0.000821,0.00131,0.0,0.0,0.001071,0.010707,1.257,The submitted Figure 2 drew an edge when ANY single prediction exceeded p>0.1 (diamond.ipynb). No threshold is applied here; every SLA-locus x HLA-subgroup pair is present with its raw metrics so the renderer can choose.
class1,SLA-6,A11,A,10,0.00158,0.015801,0.001674,0.000875,0.001953,0.0,0.0,0.00158,0.015801,0.9438,The submitted Figure 2 drew an edge when ANY single prediction exceeded p>0.1 (diamond.ipynb). No threshold is applied here; every SLA-locus x HLA-subgroup pair is present with its raw metrics so the renderer can choose.
class1,SLA-6,A23,A,10,0.012517,0.125168,0.012598,0.007516,0.015579,0.0,0.0,0.012517,0.125168,0.9936,The submitted Figure 2 drew an edge when ANY single prediction exceeded p>0.1 (diamond.ipynb). No threshold is applied here; every SLA-locus x HLA-subgroup pair is present with its raw metrics so the renderer can choose.
class1,SLA-6,A24,A,10,0.03081,0.3081,0.050799,0.008787,0.03847,0.0,0.0,0.03081,0.3081,0.6065,The submitted Figure 2 drew an edge when ANY single prediction exceeded p>0.1 (diamond.ipynb). No threshold is applied here; every SLA-locus x HLA-subgroup pair is present with its raw metrics so the renderer can choose.
class1,SLA-6,A25,A,10,0.009069,0.090693,0.010714,0.004538,0.010774,0.0,0.0,0.009069,0.090693,0.8465,The submitted Figure 2 drew an edge when ANY single prediction exceeded p>0.1 (diamond.ipynb). No threshold is applied here; every SLA-locus x HLA-subgroup pair is present with its raw metrics so the renderer can choose.
class1,SLA-6,A26,A,10,0.009165,0.091651,0.018235,0.001016,0.011391,0.0,0.0,0.009165,0.091651,0.5026,The submitted Figure 2 drew an edge when ANY single prediction exceeded p>0.1 (diamond.ipynb). No threshold is applied here; every SLA-locus x HLA-subgroup pair is present with its raw metrics so the renderer can choose.
class1,SLA-6,A29,A,10,0.00231,0.023101,0.002049,0.001655,0.002859,0.0,0.0,0.00231,0.023101,1.1274,The submitted Figure 2 drew an edge when ANY single prediction exceeded p>0.1 (diamond.ipynb). No threshold is applied here; every SLA-locus x HLA-subgroup pair is present with its raw metrics so the renderer can choose.
class1,SLA-6,A30,A,10,0.001772,0.017716,0.000882,0.001566,0.002119,0.0,0.0,0.001772,0.017716,2.0091,The submitted Figure 2 drew an edge when ANY single prediction exceeded p>0.1 (diamond.ipynb). No threshold is applied here; every SLA-locus x HLA-subgroup pair is present with its raw metrics so the renderer can choose.
class1,SLA-6,A31,A,10,0.003004,0.030044,0.003865,0.001334,0.003646,0.0,0.0,0.003004,0.030044,0.7772,The submitted Figure 2 drew an edge when ANY single prediction exceeded p>0.1 (diamond.ipynb). No threshold is applied here; every SLA-locus x HLA-subgroup pair is present with its raw metrics so the renderer can choose.
class1,SLA-6,A32,A,10,0.004776,0.047759,0.001716,0.004249,0.005431,0.0,0.0,0.004776,0.047759,2.7832,The submitted Figure 2 drew an edge when ANY single prediction exceeded p>0.1 (diamond.ipynb). No threshold is applied here; every SLA-locus x HLA-subgroup pair is present with its raw metrics so the renderer can choose.
class1,SLA-6,A33,A,10,0.002676,0.026759,0.001932,0.002217,0.003328,0.0,0.0,0.002676,0.026759,1.3851,The submitted Figure 2 drew an edge when ANY single prediction exceeded p>0.1 (diamond.ipynb). No threshold is applied here; every SLA-locus x HLA-subgroup pair is present with its raw metrics so the renderer can choose.
class1,SLA-6,A68,A,10,0.001417,0.014168,0.00123,0.000957,0.001748,0.0,0.0,0.001417,0.014168,1.152,The submitted Figure 2 drew an edge when ANY single prediction exceeded p>0.1 (diamond.ipynb). No threshold is applied here; every SLA-locus x HLA-subgroup pair is present with its raw metrics so the renderer can choose.
class1,SLA-6,A_Other,A,10,0.007399,0.073994,0.00645,0.004979,0.00905,0.0,0.0,0.007399,0.073994,1.1471,The submitted Figure 2 drew an edge when ANY single prediction exceeded p>0.1 (diamond.ipynb). No threshold is applied here; every SLA-locus x HLA-subgroup pair is present with its raw metrics so the renderer can choose.
class1,SLA-6,B07,B,10,0.003386,0.033862,0.00354,0.001995,0.004048,0.0,0.0,0.003386,0.033862,0.9565,The submitted Figure 2 drew an edge when ANY single prediction exceeded p>0.1 (diamond.ipynb). No threshold is applied here; every SLA-locus x HLA-subgroup pair is present with its raw metrics so the renderer can choose.
class1,SLA-6,B08,B,10,0.010818,0.108181,0.016878,0.003674,0.013457,0.0,0.0,0.010818,0.108181,0.641,The submitted Figure 2 drew an edge when ANY single prediction exceeded p>0.1 (diamond.ipynb). No threshold is applied here; every SLA-locus x HLA-subgroup pair is present with its raw metrics so the renderer can choose.
class1,SLA-6,B13,B,10,0.030994,0.309938,0.031384,0.020107,0.038675,0.0,0.0,0.030994,0.309938,0.9876,The submitted Figure 2 drew an edge when ANY single prediction exceeded p>0.1 (diamond.ipynb). No threshold is applied here; every SLA-locus x HLA-subgroup pair is present with its raw metrics so the renderer can choose.
class1,SLA-6,B14,B,10,0.03086,0.3086,0.042161,0.013259,0.038524,0.0,0.0,0.03086,0.3086,0.732,The submitted Figure 2 drew an edge when ANY single prediction exceeded p>0.1 (diamond.ipynb). No threshold is applied here; every SLA-locus x HLA-subgroup pair is present with its raw metrics so the renderer can choose.
class1,SLA-6,B15,B,10,0.000559,0.005592,0.000656,0.000274,0.000686,0.0,0.0,0.000559,0.005592,0.8521,The submitted Figure 2 drew an edge when ANY single prediction exceeded p>0.1 (diamond.ipynb). No threshold is applied here; every SLA-locus x HLA-subgroup pair is present with its raw metrics so the renderer can choose.
class1,SLA-6,B18,B,10,0.002347,0.023471,0.004048,0.000541,0.00291,0.0,0.0,0.002347,0.023471,0.5798,The submitted Figure 2 drew an edge when ANY single prediction exceeded p>0.1 (diamond.ipynb). No threshold is applied here; every SLA-locus x HLA-subgroup pair is present with its raw metrics so the renderer can choose.
class1,SLA-6,B27,B,10,0.123878,1.238785,0.151132,0.080504,0.154398,0.0,2.0,0.123878,1.238785,0.8197,The submitted Figure 2 drew an edge when ANY single prediction exceeded p>0.1 (diamond.ipynb). No threshold is applied here; every SLA-locus x HLA-subgroup pair is present with its raw metrics so the renderer can choose.
class1,SLA-6,B35,B,10,0.000594,0.005939,0.000633,0.000325,0.000701,0.0,0.0,0.000594,0.005939,0.9384,The submitted Figure 2 drew an edge when ANY single prediction exceeded p>0.1 (diamond.ipynb). No threshold is applied here; every SLA-locus x HLA-subgroup pair is present with its raw metrics so the renderer can choose.
class1,SLA-6,B37,B,10,0.073867,0.738673,0.111542,0.024604,0.090117,0.0,1.0,0.073867,0.738673,0.6622,The submitted Figure 2 drew an edge when ANY single prediction exceeded p>0.1 (diamond.ipynb). No threshold is applied here; every SLA-locus x HLA-subgroup pair is present with its raw metrics so the renderer can choose.
class1,SLA-6,B38,B,10,0.016176,0.16176,0.022551,0.006206,0.020042,0.0,0.0,0.016176,0.16176,0.7173,The submitted Figure 2 drew an edge when ANY single prediction exceeded p>0.1 (diamond.ipynb). No threshold is applied here; every SLA-locus x HLA-subgroup pair is present with its raw metrics so the renderer can choose.
class1,SLA-6,B39,B,10,0.01217,0.121695,0.014728,0.007364,0.015205,0.0,0.0,0.01217,0.121695,0.8263,The submitted Figure 2 drew an edge when ANY single prediction exceeded p>0.1 (diamond.ipynb). No threshold is applied here; every SLA-locus x HLA-subgroup pair is present with its raw metrics so the renderer can choose.
class1,SLA-6,B40,B,10,0.139141,1.391414,0.266859,0.02068,0.173844,1.0,1.0,0.139141,1.391414,0.5214,The submitted Figure 2 drew an edge when ANY single prediction exceeded p>0.1 (diamond.ipynb). No threshold is applied here; every SLA-locus x HLA-subgroup pair is present with its raw metrics so the renderer can choose.
class1,SLA-6,B41,B,10,0.013338,0.133376,0.012826,0.008113,0.015668,0.0,0.0,0.013338,0.133376,1.0399,The submitted Figure 2 drew an edge when ANY single prediction exceeded p>0.1 (diamond.ipynb). No threshold is applied here; every SLA-locus x HLA-subgroup pair is present with its raw metrics so the renderer can choose.
class1,SLA-6,B44,B,10,0.004442,0.044419,0.007134,0.00126,0.005381,0.0,0.0,0.004442,0.044419,0.6227,The submitted Figure 2 drew an edge when ANY single prediction exceeded p>0.1 (diamond.ipynb). No threshold is applied here; every SLA-locus x HLA-subgroup pair is present with its raw metrics so the renderer can choose.
class1,SLA-6,B46,B,10,0.001839,0.018391,0.001467,0.001404,0.002266,0.0,0.0,0.001839,0.018391,1.2536,The submitted Figure 2 drew an edge when ANY single prediction exceeded p>0.1 (diamond.ipynb). No threshold is applied here; every SLA-locus x HLA-subgroup pair is present with its raw metrics so the renderer can choose.
class1,SLA-6,B49,B,10,0.028547,0.285469,0.031262,0.018471,0.035325,0.0,0.0,0.028547,0.285469,0.9132,The submitted Figure 2 drew an edge when ANY single prediction exceeded p>0.1 (diamond.ipynb). No threshold is applied here; every SLA-locus x HLA-subgroup pair is present with its raw metrics so the renderer can choose.
class1,SLA-6,B50,B,10,0.024661,0.246612,0.031226,0.011053,0.029954,0.0,0.0,0.024661,0.246612,0.7898,The submitted Figure 2 drew an edge when ANY single prediction exceeded p>0.1 (diamond.ipynb). No threshold is applied here; every SLA-locus x HLA-subgroup pair is present with its raw metrics so the renderer can choose.
class1,SLA-6,B51,B,10,0.001843,0.018428,0.001986,0.001021,0.002301,0.0,0.0,0.001843,0.018428,0.928,The submitted Figure 2 drew an edge when ANY single prediction exceeded p>0.1 (diamond.ipynb). No threshold is applied here; every SLA-locus x HLA-subgroup pair is present with its raw metrics so the renderer can choose.
class1,SLA-6,B52,B,10,0.012599,0.125993,0.018544,0.004512,0.015567,0.0,0.0,0.012599,0.125993,0.6794,The submitted Figure 2 drew an edge when ANY single prediction exceeded p>0.1 (diamond.ipynb). No threshold is applied here; every SLA-locus x HLA-subgroup pair is present with its raw metrics so the renderer can choose.
class1,SLA-6,B53,B,10,0.006335,0.063354,0.007197,0.004172,0.007893,0.0,0.0,0.006335,0.063354,0.8802,The submitted Figure 2 drew an edge when ANY single prediction exceeded p>0.1 (diamond.ipynb). No threshold is applied here; every SLA-locus x HLA-subgroup pair is present with its raw metrics so the renderer can choose.
class1,SLA-6,B55,B,10,0.017041,0.170414,0.019003,0.009664,0.021207,0.0,0.0,0.017041,0.170414,0.8968,The submitted Figure 2 drew an edge when ANY single prediction exceeded p>0.1 (diamond.ipynb). No threshold is applied here; every SLA-locus x HLA-subgroup pair is present with its raw metrics so the renderer can choose.
class1,SLA-6,B56,B,10,0.026617,0.266166,0.038391,0.010339,0.033143,0.0,0.0,0.026617,0.266166,0.6933,The submitted Figure 2 drew an edge when ANY single prediction exceeded p>0.1 (diamond.ipynb). No threshold is applied here; every SLA-locus x HLA-subgroup pair is present with its raw metrics so the renderer can choose.
class1,SLA-6,B57,B,10,0.008287,0.082871,0.01034,0.003907,0.010115,0.0,0.0,0.008287,0.082871,0.8015,The submitted Figure 2 drew an edge when ANY single prediction exceeded p>0.1 (diamond.ipynb). No threshold is applied here; every SLA-locus x HLA-subgroup pair is present with its raw metrics so the renderer can choose.
class1,SLA-6,B58,B,10,0.007522,0.075215,0.008981,0.00436,0.009345,0.0,0.0,0.007522,0.075215,0.8375,The submitted Figure 2 drew an edge when ANY single prediction exceeded p>0.1 (diamond.ipynb). No threshold is applied here; every SLA-locus x HLA-subgroup pair is present with its raw metrics so the renderer can choose.
class1,SLA-6,B_Other,B,10,0.11925,1.192504,0.216503,0.022709,0.147476,0.0,1.0,0.11925,1.192504,0.5508,The submitted Figure 2 drew an edge when ANY single prediction exceeded p>0.1 (diamond.ipynb). No threshold is applied here; every SLA-locus x HLA-subgroup pair is present with its raw metrics so the renderer can choose.
class1,SLA-6,C01,C,10,0.02183,0.218302,0.021859,0.01449,0.026926,0.0,0.0,0.02183,0.218302,0.9987,The submitted Figure 2 drew an edge when ANY single prediction exceeded p>0.1 (diamond.ipynb). No threshold is applied here; every SLA-locus x HLA-subgroup pair is present with its raw metrics so the renderer can choose.
class1,SLA-6,C02,C,10,0.007243,0.072434,0.012071,0.001975,0.009019,0.0,0.0,0.007243,0.072434,0.6,The submitted Figure 2 drew an edge when ANY single prediction exceeded p>0.1 (diamond.ipynb). No threshold is applied here; every SLA-locus x HLA-subgroup pair is present with its raw metrics so the renderer can choose.
class1,SLA-6,C03,C,10,0.002109,0.021089,0.003874,0.000386,0.002633,0.0,0.0,0.002109,0.021089,0.5444,The submitted Figure 2 drew an edge when ANY single prediction exceeded p>0.1 (diamond.ipynb). No threshold is applied here; every SLA-locus x HLA-subgroup pair is present with its raw metrics so the renderer can choose.
class1,SLA-6,C04,C,10,0.009591,0.095907,0.01255,0.004584,0.011767,0.0,0.0,0.009591,0.095907,0.7642,The submitted Figure 2 drew an edge when ANY single prediction exceeded p>0.1 (diamond.ipynb). No threshold is applied here; every SLA-locus x HLA-subgroup pair is present with its raw metrics so the renderer can choose.
class1,SLA-6,C05,C,10,0.0042,0.042,0.004886,0.002357,0.005224,0.0,0.0,0.0042,0.042,0.8596,The submitted Figure 2 drew an edge when ANY single prediction exceeded p>0.1 (diamond.ipynb). No threshold is applied here; every SLA-locus x HLA-subgroup pair is present with its raw metrics so the renderer can choose.
class1,SLA-6,C06,C,10,0.000918,0.009181,0.001027,0.000621,0.001144,0.0,0.0,0.000918,0.009181,0.8939,The submitted Figure 2 drew an edge when ANY single prediction exceeded p>0.1 (diamond.ipynb). No threshold is applied here; every SLA-locus x HLA-subgroup pair is present with its raw metrics so the renderer can choose.
class1,SLA-6,C07,C,10,0.028019,0.280189,0.058691,0.001802,0.035016,0.0,0.0,0.028019,0.280189,0.4774,The submitted Figure 2 drew an edge when ANY single prediction exceeded p>0.1 (diamond.ipynb). No threshold is applied here; every SLA-locus x HLA-subgroup pair is present with its raw metrics so the renderer can choose.
class1,SLA-6,C08,C,10,0.00429,0.042897,0.004028,0.002817,0.005356,0.0,0.0,0.00429,0.042897,1.065,The submitted Figure 2 drew an edge when ANY single prediction exceeded p>0.1 (diamond.ipynb). No threshold is applied here; every SLA-locus x HLA-subgroup pair is present with its raw metrics so the renderer can choose.
class1,SLA-6,C12,C,10,0.00142,0.014201,0.00301,7.4e-05,0.001772,0.0,0.0,0.00142,0.014201,0.4718,The submitted Figure 2 drew an edge when ANY single prediction exceeded p>0.1 (diamond.ipynb). No threshold is applied here; every SLA-locus x HLA-subgroup pair is present with its raw metrics so the renderer can choose.
class1,SLA-6,C14,C,10,0.035008,0.350075,0.034436,0.023404,0.043548,0.0,0.0,0.035008,0.350075,1.0166,The submitted Figure 2 drew an edge when ANY single prediction exceeded p>0.1 (diamond.ipynb). No threshold is applied here; every SLA-locus x HLA-subgroup pair is present with its raw metrics so the renderer can choose.
class1,SLA-6,C15,C,10,0.008717,0.087171,0.017428,0.000939,0.010844,0.0,0.0,0.008717,0.087171,0.5002,The submitted Figure 2 drew an edge when ANY single prediction exceeded p>0.1 (diamond.ipynb). No threshold is applied here; every SLA-locus x HLA-subgroup pair is present with its raw metrics so the renderer can choose.
class1,SLA-6,C16,C,10,0.009796,0.097959,0.017438,0.002048,0.012068,0.0,0.0,0.009796,0.097959,0.5618,The submitted Figure 2 drew an edge when ANY single prediction exceeded p>0.1 (diamond.ipynb). No threshold is applied here; every SLA-locus x HLA-subgroup pair is present with its raw metrics so the renderer can choose.
class1,SLA-6,C17,C,10,0.045086,0.450855,0.08032,0.009289,0.055676,0.0,0.0,0.045086,0.450855,0.5613,The submitted Figure 2 drew an edge when ANY single prediction exceeded p>0.1 (diamond.ipynb). No threshold is applied here; every SLA-locus x HLA-subgroup pair is present with its raw metrics so the renderer can choose.
class1,SLA-6,C_Other,C,10,0.009875,0.098755,0.008179,0.006529,0.011799,0.0,0.0,0.009875,0.098755,1.2074,The submitted Figure 2 drew an edge when ANY single prediction exceeded p>0.1 (diamond.ipynb). No threshold is applied here; every SLA-locus x HLA-subgroup pair is present with its raw metrics so the renderer can choose.
class1,SLA-7,A01,A,3,0.006926,0.020777,0.007698,0.00426,0.008484,0.0,0.0,0.006926,0.020777,0.8997,The submitted Figure 2 drew an edge when ANY single prediction exceeded p>0.1 (diamond.ipynb). No threshold is applied here; every SLA-locus x HLA-subgroup pair is present with its raw metrics so the renderer can choose.
class1,SLA-7,A02,A,3,0.000546,0.001637,0.000464,0.000356,0.000672,0.0,0.0,0.000546,0.001637,1.1767,The submitted Figure 2 drew an edge when ANY single prediction exceeded p>0.1 (diamond.ipynb). No threshold is applied here; every SLA-locus x HLA-subgroup pair is present with its raw metrics so the renderer can choose.
class1,SLA-7,A03,A,3,0.004162,0.012486,0.007649,0.000745,0.005177,0.0,0.0,0.004162,0.012486,0.5441,The submitted Figure 2 drew an edge when ANY single prediction exceeded p>0.1 (diamond.ipynb). No threshold is applied here; every SLA-locus x HLA-subgroup pair is present with its raw metrics so the renderer can choose.
class1,SLA-7,A11,A,3,0.003175,0.009526,0.005216,0.000854,0.003886,0.0,0.0,0.003175,0.009526,0.6087,The submitted Figure 2 drew an edge when ANY single prediction exceeded p>0.1 (diamond.ipynb). No threshold is applied here; every SLA-locus x HLA-subgroup pair is present with its raw metrics so the renderer can choose.
class1,SLA-7,A23,A,3,0.003799,0.011396,0.004081,0.002274,0.004736,0.0,0.0,0.003799,0.011396,0.9309,The submitted Figure 2 drew an edge when ANY single prediction exceeded p>0.1 (diamond.ipynb). No threshold is applied here; every SLA-locus x HLA-subgroup pair is present with its raw metrics so the renderer can choose.
class1,SLA-7,A24,A,3,0.008448,0.025343,0.017183,0.000779,0.010557,0.0,0.0,0.008448,0.025343,0.4916,The submitted Figure 2 drew an edge when ANY single prediction exceeded p>0.1 (diamond.ipynb). No threshold is applied here; every SLA-locus x HLA-subgroup pair is present with its raw metrics so the renderer can choose.
class1,SLA-7,A25,A,3,0.004483,0.013449,0.005166,0.002255,0.005518,0.0,0.0,0.004483,0.013449,0.8678,The submitted Figure 2 drew an edge when ANY single prediction exceeded p>0.1 (diamond.ipynb). No threshold is applied here; every SLA-locus x HLA-subgroup pair is present with its raw metrics so the renderer can choose.
class1,SLA-7,A26,A,3,0.003684,0.011053,0.002646,0.002789,0.00453,0.0,0.0,0.003684,0.011053,1.3923,The submitted Figure 2 drew an edge when ANY single prediction exceeded p>0.1 (diamond.ipynb). No threshold is applied here; every SLA-locus x HLA-subgroup pair is present with its raw metrics so the renderer can choose.
class1,SLA-7,A29,A,3,0.001777,0.005332,0.002121,0.001011,0.002175,0.0,0.0,0.001777,0.005332,0.8378,The submitted Figure 2 drew an edge when ANY single prediction exceeded p>0.1 (diamond.ipynb). No threshold is applied here; every SLA-locus x HLA-subgroup pair is present with its raw metrics so the renderer can choose.
class1,SLA-7,A30,A,3,0.002096,0.006287,0.002475,0.000999,0.002494,0.0,0.0,0.002096,0.006287,0.8469,The submitted Figure 2 drew an edge when ANY single prediction exceeded p>0.1 (diamond.ipynb). No threshold is applied here; every SLA-locus x HLA-subgroup pair is present with its raw metrics so the renderer can choose.
class1,SLA-7,A31,A,3,0.001736,0.005207,0.001867,0.001057,0.002149,0.0,0.0,0.001736,0.005207,0.9298,The submitted Figure 2 drew an edge when ANY single prediction exceeded p>0.1 (diamond.ipynb). No threshold is applied here; every SLA-locus x HLA-subgroup pair is present with its raw metrics so the renderer can choose.
class1,SLA-7,A32,A,3,0.003971,0.011913,0.004147,0.002469,0.004761,0.0,0.0,0.003971,0.011913,0.9576,The submitted Figure 2 drew an edge when ANY single prediction exceeded p>0.1 (diamond.ipynb). No threshold is applied here; every SLA-locus x HLA-subgroup pair is present with its raw metrics so the renderer can choose.
class1,SLA-7,A33,A,3,0.003814,0.011443,0.003367,0.00292,0.004676,0.0,0.0,0.003814,0.011443,1.1328,The submitted Figure 2 drew an edge when ANY single prediction exceeded p>0.1 (diamond.ipynb). No threshold is applied here; every SLA-locus x HLA-subgroup pair is present with its raw metrics so the renderer can choose.
class1,SLA-7,A68,A,3,0.009398,0.028193,0.012791,0.003868,0.011475,0.0,0.0,0.009398,0.028193,0.7347,The submitted Figure 2 drew an edge when ANY single prediction exceeded p>0.1 (diamond.ipynb). No threshold is applied here; every SLA-locus x HLA-subgroup pair is present with its raw metrics so the renderer can choose.
class1,SLA-7,A_Other,A,3,0.003718,0.011155,0.003266,0.002695,0.004547,0.0,0.0,0.003718,0.011155,1.1384,The submitted Figure 2 drew an edge when ANY single prediction exceeded p>0.1 (diamond.ipynb). No threshold is applied here; every SLA-locus x HLA-subgroup pair is present with its raw metrics so the renderer can choose.
class1,SLA-7,B07,B,3,0.060903,0.18271,0.102214,0.01567,0.07604,0.0,1.0,0.060903,0.18271,0.5958,The submitted Figure 2 drew an edge when ANY single prediction exceeded p>0.1 (diamond.ipynb). No threshold is applied here; every SLA-locus x HLA-subgroup pair is present with its raw metrics so the renderer can choose.
class1,SLA-7,B08,B,3,0.014584,0.043753,0.018985,0.006344,0.017676,0.0,0.0,0.014584,0.043753,0.7682,The submitted Figure 2 drew an edge when ANY single prediction exceeded p>0.1 (diamond.ipynb). No threshold is applied here; every SLA-locus x HLA-subgroup pair is present with its raw metrics so the renderer can choose.
class1,SLA-7,B13,B,3,0.008765,0.026295,0.010535,0.004533,0.010776,0.0,0.0,0.008765,0.026295,0.832,The submitted Figure 2 drew an edge when ANY single prediction exceeded p>0.1 (diamond.ipynb). No threshold is applied here; every SLA-locus x HLA-subgroup pair is present with its raw metrics so the renderer can choose.
class1,SLA-7,B14,B,3,0.10105,0.303151,0.057677,0.084243,0.121789,0.0,0.3333,0.10105,0.303151,1.752,The submitted Figure 2 drew an edge when ANY single prediction exceeded p>0.1 (diamond.ipynb). No threshold is applied here; every SLA-locus x HLA-subgroup pair is present with its raw metrics so the renderer can choose.
class1,SLA-7,B15,B,3,0.005546,0.016637,0.006674,0.003191,0.00688,0.0,0.0,0.005546,0.016637,0.831,The submitted Figure 2 drew an edge when ANY single prediction exceeded p>0.1 (diamond.ipynb). No threshold is applied here; every SLA-locus x HLA-subgroup pair is present with its raw metrics so the renderer can choose.
class1,SLA-7,B18,B,3,0.00229,0.00687,0.001588,0.001596,0.002595,0.0,0.0,0.00229,0.00687,1.4421,The submitted Figure 2 drew an edge when ANY single prediction exceeded p>0.1 (diamond.ipynb). No threshold is applied here; every SLA-locus x HLA-subgroup pair is present with its raw metrics so the renderer can choose.
class1,SLA-7,B27,B,3,0.012582,0.037747,0.017868,0.005181,0.015669,0.0,0.0,0.012582,0.037747,0.7042,The submitted Figure 2 drew an edge when ANY single prediction exceeded p>0.1 (diamond.ipynb). No threshold is applied here; every SLA-locus x HLA-subgroup pair is present with its raw metrics so the renderer can choose.
class1,SLA-7,B35,B,3,0.00198,0.005939,0.001526,0.001404,0.002378,0.0,0.0,0.00198,0.005939,1.2975,The submitted Figure 2 drew an edge when ANY single prediction exceeded p>0.1 (diamond.ipynb). No threshold is applied here; every SLA-locus x HLA-subgroup pair is present with its raw metrics so the renderer can choose.
class1,SLA-7,B37,B,3,0.052995,0.158984,0.087692,0.015105,0.066074,0.0,0.0,0.052995,0.158984,0.6043,The submitted Figure 2 drew an edge when ANY single prediction exceeded p>0.1 (diamond.ipynb). No threshold is applied here; every SLA-locus x HLA-subgroup pair is present with its raw metrics so the renderer can choose.
class1,SLA-7,B38,B,3,0.015234,0.045702,0.024892,0.004168,0.018968,0.0,0.0,0.015234,0.045702,0.612,The submitted Figure 2 drew an edge when ANY single prediction exceeded p>0.1 (diamond.ipynb). No threshold is applied here; every SLA-locus x HLA-subgroup pair is present with its raw metrics so the renderer can choose.
class1,SLA-7,B39,B,3,0.014836,0.044507,0.018333,0.007267,0.018333,0.0,0.0,0.014836,0.044507,0.8093,The submitted Figure 2 drew an edge when ANY single prediction exceeded p>0.1 (diamond.ipynb). No threshold is applied here; every SLA-locus x HLA-subgroup pair is present with its raw metrics so the renderer can choose.
class1,SLA-7,B40,B,3,0.005891,0.017672,0.010414,0.001241,0.00723,0.0,0.0,0.005891,0.017672,0.5657,The submitted Figure 2 drew an edge when ANY single prediction exceeded p>0.1 (diamond.ipynb). No threshold is applied here; every SLA-locus x HLA-subgroup pair is present with its raw metrics so the renderer can choose.
class1,SLA-7,B41,B,3,0.015387,0.046161,0.012615,0.011516,0.018684,0.0,0.0,0.015387,0.046161,1.2197,The submitted Figure 2 drew an edge when ANY single prediction exceeded p>0.1 (diamond.ipynb). No threshold is applied here; every SLA-locus x HLA-subgroup pair is present with its raw metrics so the renderer can choose.
class1,SLA-7,B44,B,3,0.003063,0.009189,0.002663,0.002,0.003711,0.0,0.0,0.003063,0.009189,1.1502,The submitted Figure 2 drew an edge when ANY single prediction exceeded p>0.1 (diamond.ipynb). No threshold is applied here; every SLA-locus x HLA-subgroup pair is present with its raw metrics so the renderer can choose.
class1,SLA-7,B46,B,3,0.0062,0.0186,0.005187,0.004516,0.007597,0.0,0.0,0.0062,0.0186,1.1953,The submitted Figure 2 drew an edge when ANY single prediction exceeded p>0.1 (diamond.ipynb). No threshold is applied here; every SLA-locus x HLA-subgroup pair is present with its raw metrics so the renderer can choose.
class1,SLA-7,B49,B,3,0.006947,0.020842,0.006904,0.004139,0.008327,0.0,0.0,0.006947,0.020842,1.0062,The submitted Figure 2 drew an edge when ANY single prediction exceeded p>0.1 (diamond.ipynb). No threshold is applied here; every SLA-locus x HLA-subgroup pair is present with its raw metrics so the renderer can choose.
class1,SLA-7,B50,B,3,0.014548,0.043644,0.008986,0.012519,0.017824,0.0,0.0,0.014548,0.043644,1.619,The submitted Figure 2 drew an edge when ANY single prediction exceeded p>0.1 (diamond.ipynb). No threshold is applied here; every SLA-locus x HLA-subgroup pair is present with its raw metrics so the renderer can choose.
class1,SLA-7,B51,B,3,0.008938,0.026813,0.010899,0.005089,0.011166,0.0,0.0,0.008938,0.026813,0.8201,The submitted Figure 2 drew an edge when ANY single prediction exceeded p>0.1 (diamond.ipynb). No threshold is applied here; every SLA-locus x HLA-subgroup pair is present with its raw metrics so the renderer can choose.
class1,SLA-7,B52,B,3,0.003631,0.010892,0.002289,0.002705,0.004278,0.0,0.0,0.003631,0.010892,1.5863,The submitted Figure 2 drew an edge when ANY single prediction exceeded p>0.1 (diamond.ipynb). No threshold is applied here; every SLA-locus x HLA-subgroup pair is present with its raw metrics so the renderer can choose.
class1,SLA-7,B53,B,3,0.007244,0.021733,0.007397,0.004254,0.008914,0.0,0.0,0.007244,0.021733,0.9793,The submitted Figure 2 drew an edge when ANY single prediction exceeded p>0.1 (diamond.ipynb). No threshold is applied here; every SLA-locus x HLA-subgroup pair is present with its raw metrics so the renderer can choose.
class1,SLA-7,B55,B,3,0.045114,0.135342,0.043845,0.026854,0.055826,0.0,0.0,0.045114,0.135342,1.0289,The submitted Figure 2 drew an edge when ANY single prediction exceeded p>0.1 (diamond.ipynb). No threshold is applied here; every SLA-locus x HLA-subgroup pair is present with its raw metrics so the renderer can choose.
class1,SLA-7,B56,B,3,0.035482,0.106447,0.048295,0.014718,0.043795,0.0,0.0,0.035482,0.106447,0.7347,The submitted Figure 2 drew an edge when ANY single prediction exceeded p>0.1 (diamond.ipynb). No threshold is applied here; every SLA-locus x HLA-subgroup pair is present with its raw metrics so the renderer can choose.
class1,SLA-7,B57,B,3,0.011708,0.035124,0.014338,0.006728,0.014612,0.0,0.0,0.011708,0.035124,0.8166,The submitted Figure 2 drew an edge when ANY single prediction exceeded p>0.1 (diamond.ipynb). No threshold is applied here; every SLA-locus x HLA-subgroup pair is present with its raw metrics so the renderer can choose.
class1,SLA-7,B58,B,3,0.01251,0.037529,0.019481,0.004362,0.015626,0.0,0.0,0.01251,0.037529,0.6422,The submitted Figure 2 drew an edge when ANY single prediction exceeded p>0.1 (diamond.ipynb). No threshold is applied here; every SLA-locus x HLA-subgroup pair is present with its raw metrics so the renderer can choose.
class1,SLA-7,B_Other,B,3,0.203536,0.610607,0.246765,0.097273,0.250016,1.0,2.0,0.203536,0.610607,0.8248,The submitted Figure 2 drew an edge when ANY single prediction exceeded p>0.1 (diamond.ipynb). No threshold is applied here; every SLA-locus x HLA-subgroup pair is present with its raw metrics so the renderer can choose.
class1,SLA-7,C01,C,3,0.071393,0.214178,0.14023,0.008728,0.088921,0.0,1.0,0.071393,0.214178,0.5091,The submitted Figure 2 drew an edge when ANY single prediction exceeded p>0.1 (diamond.ipynb). No threshold is applied here; every SLA-locus x HLA-subgroup pair is present with its raw metrics so the renderer can choose.
class1,SLA-7,C02,C,3,0.04672,0.14016,0.080727,0.011656,0.058339,0.0,0.6667,0.04672,0.14016,0.5787,The submitted Figure 2 drew an edge when ANY single prediction exceeded p>0.1 (diamond.ipynb). No threshold is applied here; every SLA-locus x HLA-subgroup pair is present with its raw metrics so the renderer can choose.
class1,SLA-7,C03,C,3,0.01027,0.030811,0.021186,0.000802,0.012835,0.0,0.0,0.01027,0.030811,0.4848,The submitted Figure 2 drew an edge when ANY single prediction exceeded p>0.1 (diamond.ipynb). No threshold is applied here; every SLA-locus x HLA-subgroup pair is present with its raw metrics so the renderer can choose.
class1,SLA-7,C04,C,3,0.001468,0.004405,0.001392,0.001113,0.001815,0.0,0.0,0.001468,0.004405,1.0546,The submitted Figure 2 drew an edge when ANY single prediction exceeded p>0.1 (diamond.ipynb). No threshold is applied here; every SLA-locus x HLA-subgroup pair is present with its raw metrics so the renderer can choose.
class1,SLA-7,C05,C,3,0.033457,0.10037,0.056976,0.008055,0.0411,0.0,0.0,0.033457,0.10037,0.5872,The submitted Figure 2 drew an edge when ANY single prediction exceeded p>0.1 (diamond.ipynb). No threshold is applied here; every SLA-locus x HLA-subgroup pair is present with its raw metrics so the renderer can choose.
class1,SLA-7,C06,C,3,0.002432,0.007297,0.002377,0.001637,0.003039,0.0,0.0,0.002432,0.007297,1.0231,The submitted Figure 2 drew an edge when ANY single prediction exceeded p>0.1 (diamond.ipynb). No threshold is applied here; every SLA-locus x HLA-subgroup pair is present with its raw metrics so the renderer can choose.
class1,SLA-7,C07,C,3,0.001704,0.005111,0.002333,0.000852,0.002126,0.0,0.0,0.001704,0.005111,0.7304,The submitted Figure 2 drew an edge when ANY single prediction exceeded p>0.1 (diamond.ipynb). No threshold is applied here; every SLA-locus x HLA-subgroup pair is present with its raw metrics so the renderer can choose.
class1,SLA-7,C08,C,3,0.027793,0.083379,0.036013,0.012546,0.03468,0.0,0.0,0.027793,0.083379,0.7717,The submitted Figure 2 drew an edge when ANY single prediction exceeded p>0.1 (diamond.ipynb). No threshold is applied here; every SLA-locus x HLA-subgroup pair is present with its raw metrics so the renderer can choose.
class1,SLA-7,C12,C,3,0.008085,0.024256,0.011187,0.004162,0.010084,0.0,0.0,0.008085,0.024256,0.7227,The submitted Figure 2 drew an edge when ANY single prediction exceeded p>0.1 (diamond.ipynb). No threshold is applied here; every SLA-locus x HLA-subgroup pair is present with its raw metrics so the renderer can choose.
class1,SLA-7,C14,C,3,0.011043,0.033129,0.012412,0.005822,0.013522,0.0,0.0,0.011043,0.033129,0.8897,The submitted Figure 2 drew an edge when ANY single prediction exceeded p>0.1 (diamond.ipynb). No threshold is applied here; every SLA-locus x HLA-subgroup pair is present with its raw metrics so the renderer can choose.
class1,SLA-7,C15,C,3,0.011029,0.033088,0.015083,0.004603,0.013751,0.0,0.0,0.011029,0.033088,0.7312,The submitted Figure 2 drew an edge when ANY single prediction exceeded p>0.1 (diamond.ipynb). No threshold is applied here; every SLA-locus x HLA-subgroup pair is present with its raw metrics so the renderer can choose.
class1,SLA-7,C16,C,3,0.023812,0.071437,0.040333,0.00606,0.029547,0.0,0.0,0.023812,0.071437,0.5904,The submitted Figure 2 drew an edge when ANY single prediction exceeded p>0.1 (diamond.ipynb). No threshold is applied here; every SLA-locus x HLA-subgroup pair is present with its raw metrics so the renderer can choose.
class1,SLA-7,C17,C,3,0.011028,0.033084,0.012775,0.005929,0.013678,0.0,0.0,0.011028,0.033084,0.8632,The submitted Figure 2 drew an edge when ANY single prediction exceeded p>0.1 (diamond.ipynb). No threshold is applied here; every SLA-locus x HLA-subgroup pair is present with its raw metrics so the renderer can choose.
class1,SLA-7,C_Other,C,3,0.00707,0.02121,0.005514,0.005604,0.008747,0.0,0.0,0.00707,0.02121,1.2822,The submitted Figure 2 drew an edge when ANY single prediction exceeded p>0.1 (diamond.ipynb). No threshold is applied here; every SLA-locus x HLA-subgroup pair is present with its raw metrics so the renderer can choose.
class1,SLA-8,A01,A,5,0.001185,0.005923,0.001012,0.000778,0.001457,0.0,0.0,0.001185,0.005923,1.1709,The submitted Figure 2 drew an edge when ANY single prediction exceeded p>0.1 (diamond.ipynb). No threshold is applied here; every SLA-locus x HLA-subgroup pair is present with its raw metrics so the renderer can choose.
class1,SLA-8,A02,A,5,0.008022,0.040112,0.009732,0.003806,0.009961,0.0,0.0,0.008022,0.040112,0.8243,The submitted Figure 2 drew an edge when ANY single prediction exceeded p>0.1 (diamond.ipynb). No threshold is applied here; every SLA-locus x HLA-subgroup pair is present with its raw metrics so the renderer can choose.
class1,SLA-8,A03,A,5,0.000938,0.004689,0.000889,0.000606,0.001162,0.0,0.0,0.000938,0.004689,1.0551,The submitted Figure 2 drew an edge when ANY single prediction exceeded p>0.1 (diamond.ipynb). No threshold is applied here; every SLA-locus x HLA-subgroup pair is present with its raw metrics so the renderer can choose.
class1,SLA-8,A11,A,5,0.000631,0.003157,0.000628,0.000365,0.000769,0.0,0.0,0.000631,0.003157,1.0048,The submitted Figure 2 drew an edge when ANY single prediction exceeded p>0.1 (diamond.ipynb). No threshold is applied here; every SLA-locus x HLA-subgroup pair is present with its raw metrics so the renderer can choose.
class1,SLA-8,A23,A,5,0.072604,0.363021,0.073286,0.051029,0.089645,0.2,0.2,0.072604,0.363021,0.9907,The submitted Figure 2 drew an edge when ANY single prediction exceeded p>0.1 (diamond.ipynb). No threshold is applied here; every SLA-locus x HLA-subgroup pair is present with its raw metrics so the renderer can choose.
class1,SLA-8,A24,A,5,0.016581,0.082907,0.036322,0.000338,0.020713,0.0,0.0,0.016581,0.082907,0.4565,The submitted Figure 2 drew an edge when ANY single prediction exceeded p>0.1 (diamond.ipynb). No threshold is applied here; every SLA-locus x HLA-subgroup pair is present with its raw metrics so the renderer can choose.
class1,SLA-8,A25,A,5,0.00818,0.040898,0.005439,0.006338,0.009795,0.0,0.0,0.00818,0.040898,1.504,The submitted Figure 2 drew an edge when ANY single prediction exceeded p>0.1 (diamond.ipynb). No threshold is applied here; every SLA-locus x HLA-subgroup pair is present with its raw metrics so the renderer can choose.
class1,SLA-8,A26,A,5,0.002661,0.013307,0.002461,0.001693,0.003283,0.0,0.0,0.002661,0.013307,1.0813,The submitted Figure 2 drew an edge when ANY single prediction exceeded p>0.1 (diamond.ipynb). No threshold is applied here; every SLA-locus x HLA-subgroup pair is present with its raw metrics so the renderer can choose.
class1,SLA-8,A29,A,5,0.031504,0.157519,0.04353,0.013811,0.039305,0.0,0.0,0.031504,0.157519,0.7237,The submitted Figure 2 drew an edge when ANY single prediction exceeded p>0.1 (diamond.ipynb). No threshold is applied here; every SLA-locus x HLA-subgroup pair is present with its raw metrics so the renderer can choose.
class1,SLA-8,A30,A,5,0.018588,0.09294,0.034615,0.003125,0.022931,0.0,0.0,0.018588,0.09294,0.537,The submitted Figure 2 drew an edge when ANY single prediction exceeded p>0.1 (diamond.ipynb). No threshold is applied here; every SLA-locus x HLA-subgroup pair is present with its raw metrics so the renderer can choose.
class1,SLA-8,A31,A,5,0.004579,0.022896,0.004924,0.003087,0.005654,0.0,0.0,0.004579,0.022896,0.9299,The submitted Figure 2 drew an edge when ANY single prediction exceeded p>0.1 (diamond.ipynb). No threshold is applied here; every SLA-locus x HLA-subgroup pair is present with its raw metrics so the renderer can choose.
class1,SLA-8,A32,A,5,0.017491,0.087457,0.024815,0.006972,0.021444,0.0,0.0,0.017491,0.087457,0.7049,The submitted Figure 2 drew an edge when ANY single prediction exceeded p>0.1 (diamond.ipynb). No threshold is applied here; every SLA-locus x HLA-subgroup pair is present with its raw metrics so the renderer can choose.
class1,SLA-8,A33,A,5,0.004575,0.022874,0.003408,0.003337,0.00564,0.0,0.0,0.004575,0.022874,1.3424,The submitted Figure 2 drew an edge when ANY single prediction exceeded p>0.1 (diamond.ipynb). No threshold is applied here; every SLA-locus x HLA-subgroup pair is present with its raw metrics so the renderer can choose.
class1,SLA-8,A68,A,5,0.006287,0.031434,0.005438,0.004774,0.007755,0.0,0.0,0.006287,0.031434,1.1561,The submitted Figure 2 drew an edge when ANY single prediction exceeded p>0.1 (diamond.ipynb). No threshold is applied here; every SLA-locus x HLA-subgroup pair is present with its raw metrics so the renderer can choose.
class1,SLA-8,A_Other,A,5,0.008152,0.040759,0.009815,0.004044,0.010047,0.0,0.0,0.008152,0.040759,0.8306,The submitted Figure 2 drew an edge when ANY single prediction exceeded p>0.1 (diamond.ipynb). No threshold is applied here; every SLA-locus x HLA-subgroup pair is present with its raw metrics so the renderer can choose.
class1,SLA-8,B07,B,5,0.001885,0.009425,0.002736,0.000737,0.002339,0.0,0.0,0.001885,0.009425,0.689,The submitted Figure 2 drew an edge when ANY single prediction exceeded p>0.1 (diamond.ipynb). No threshold is applied here; every SLA-locus x HLA-subgroup pair is present with its raw metrics so the renderer can choose.
class1,SLA-8,B08,B,5,0.02107,0.105351,0.040698,0.002897,0.026296,0.0,0.0,0.02107,0.105351,0.5177,The submitted Figure 2 drew an edge when ANY single prediction exceeded p>0.1 (diamond.ipynb). No threshold is applied here; every SLA-locus x HLA-subgroup pair is present with its raw metrics so the renderer can choose.
class1,SLA-8,B13,B,5,0.002312,0.011561,0.003153,0.000964,0.002878,0.0,0.0,0.002312,0.011561,0.7333,The submitted Figure 2 drew an edge when ANY single prediction exceeded p>0.1 (diamond.ipynb). No threshold is applied here; every SLA-locus x HLA-subgroup pair is present with its raw metrics so the renderer can choose.
class1,SLA-8,B14,B,5,0.009322,0.046609,0.011492,0.004381,0.011216,0.0,0.0,0.009322,0.046609,0.8112,The submitted Figure 2 drew an edge when ANY single prediction exceeded p>0.1 (diamond.ipynb). No threshold is applied here; every SLA-locus x HLA-subgroup pair is present with its raw metrics so the renderer can choose.
class1,SLA-8,B15,B,5,0.003637,0.018185,0.005011,0.001831,0.004536,0.0,0.0,0.003637,0.018185,0.7258,The submitted Figure 2 drew an edge when ANY single prediction exceeded p>0.1 (diamond.ipynb). No threshold is applied here; every SLA-locus x HLA-subgroup pair is present with its raw metrics so the renderer can choose.
class1,SLA-8,B18,B,5,0.036343,0.181714,0.06781,0.006324,0.045309,0.0,0.0,0.036343,0.181714,0.536,The submitted Figure 2 drew an edge when ANY single prediction exceeded p>0.1 (diamond.ipynb). No threshold is applied here; every SLA-locus x HLA-subgroup pair is present with its raw metrics so the renderer can choose.
class1,SLA-8,B27,B,5,0.067042,0.335208,0.098686,0.027575,0.083701,0.0,0.6,0.067042,0.335208,0.6793,The submitted Figure 2 drew an edge when ANY single prediction exceeded p>0.1 (diamond.ipynb). No threshold is applied here; every SLA-locus x HLA-subgroup pair is present with its raw metrics so the renderer can choose.
class1,SLA-8,B35,B,5,0.000343,0.001715,0.000403,0.00017,0.000417,0.0,0.0,0.000343,0.001715,0.8511,The submitted Figure 2 drew an edge when ANY single prediction exceeded p>0.1 (diamond.ipynb). No threshold is applied here; every SLA-locus x HLA-subgroup pair is present with its raw metrics so the renderer can choose.
class1,SLA-8,B37,B,5,0.01566,0.078301,0.012064,0.011031,0.018581,0.0,0.0,0.01566,0.078301,1.2981,The submitted Figure 2 drew an edge when ANY single prediction exceeded p>0.1 (diamond.ipynb). No threshold is applied here; every SLA-locus x HLA-subgroup pair is present with its raw metrics so the renderer can choose.
class1,SLA-8,B38,B,5,0.007217,0.036087,0.007038,0.004308,0.008993,0.0,0.0,0.007217,0.036087,1.0254,The submitted Figure 2 drew an edge when ANY single prediction exceeded p>0.1 (diamond.ipynb). No threshold is applied here; every SLA-locus x HLA-subgroup pair is present with its raw metrics so the renderer can choose.
class1,SLA-8,B39,B,5,0.034098,0.17049,0.07018,0.002729,0.042507,0.0,0.8,0.034098,0.17049,0.4859,The submitted Figure 2 drew an edge when ANY single prediction exceeded p>0.1 (diamond.ipynb). No threshold is applied here; every SLA-locus x HLA-subgroup pair is present with its raw metrics so the renderer can choose.
class1,SLA-8,B40,B,5,0.022418,0.112091,0.046094,0.001814,0.027919,0.0,0.0,0.022418,0.112091,0.4864,The submitted Figure 2 drew an edge when ANY single prediction exceeded p>0.1 (diamond.ipynb). No threshold is applied here; every SLA-locus x HLA-subgroup pair is present with its raw metrics so the renderer can choose.
class1,SLA-8,B41,B,5,0.066501,0.332507,0.136268,0.005579,0.082791,0.0,1.0,0.066501,0.332507,0.488,The submitted Figure 2 drew an edge when ANY single prediction exceeded p>0.1 (diamond.ipynb). No threshold is applied here; every SLA-locus x HLA-subgroup pair is present with its raw metrics so the renderer can choose.
class1,SLA-8,B44,B,5,0.001341,0.006705,0.001603,0.000865,0.00166,0.0,0.0,0.001341,0.006705,0.8366,The submitted Figure 2 drew an edge when ANY single prediction exceeded p>0.1 (diamond.ipynb). No threshold is applied here; every SLA-locus x HLA-subgroup pair is present with its raw metrics so the renderer can choose.
class1,SLA-8,B46,B,5,0.023283,0.116413,0.046982,0.002292,0.028905,0.0,0.0,0.023283,0.116413,0.4956,The submitted Figure 2 drew an edge when ANY single prediction exceeded p>0.1 (diamond.ipynb). No threshold is applied here; every SLA-locus x HLA-subgroup pair is present with its raw metrics so the renderer can choose.
class1,SLA-8,B49,B,5,0.003362,0.01681,0.002804,0.002165,0.003839,0.0,0.0,0.003362,0.01681,1.199,The submitted Figure 2 drew an edge when ANY single prediction exceeded p>0.1 (diamond.ipynb). No threshold is applied here; every SLA-locus x HLA-subgroup pair is present with its raw metrics so the renderer can choose.
class1,SLA-8,B50,B,5,0.00359,0.017951,0.001651,0.003265,0.004252,0.0,0.0,0.00359,0.017951,2.1744,The submitted Figure 2 drew an edge when ANY single prediction exceeded p>0.1 (diamond.ipynb). No threshold is applied here; every SLA-locus x HLA-subgroup pair is present with its raw metrics so the renderer can choose.
class1,SLA-8,B51,B,5,0.002533,0.012663,0.004226,0.000656,0.003139,0.0,0.0,0.002533,0.012663,0.5994,The submitted Figure 2 drew an edge when ANY single prediction exceeded p>0.1 (diamond.ipynb). No threshold is applied here; every SLA-locus x HLA-subgroup pair is present with its raw metrics so the renderer can choose.
class1,SLA-8,B52,B,5,0.002283,0.011415,0.001469,0.001907,0.002765,0.0,0.0,0.002283,0.011415,1.5541,The submitted Figure 2 drew an edge when ANY single prediction exceeded p>0.1 (diamond.ipynb). No threshold is applied here; every SLA-locus x HLA-subgroup pair is present with its raw metrics so the renderer can choose.
class1,SLA-8,B53,B,5,0.003793,0.018964,0.003188,0.002547,0.004672,0.0,0.0,0.003793,0.018964,1.1898,The submitted Figure 2 drew an edge when ANY single prediction exceeded p>0.1 (diamond.ipynb). No threshold is applied here; every SLA-locus x HLA-subgroup pair is present with its raw metrics so the renderer can choose.
class1,SLA-8,B55,B,5,0.006544,0.03272,0.006793,0.004679,0.008101,0.0,0.0,0.006544,0.03272,0.9633,The submitted Figure 2 drew an edge when ANY single prediction exceeded p>0.1 (diamond.ipynb). No threshold is applied here; every SLA-locus x HLA-subgroup pair is present with its raw metrics so the renderer can choose.
class1,SLA-8,B56,B,5,0.006536,0.03268,0.006172,0.004291,0.008142,0.0,0.0,0.006536,0.03268,1.059,The submitted Figure 2 drew an edge when ANY single prediction exceeded p>0.1 (diamond.ipynb). No threshold is applied here; every SLA-locus x HLA-subgroup pair is present with its raw metrics so the renderer can choose.
class1,SLA-8,B57,B,5,0.028879,0.144397,0.017365,0.023664,0.033901,0.0,0.0,0.028879,0.144397,1.6631,The submitted Figure 2 drew an edge when ANY single prediction exceeded p>0.1 (diamond.ipynb). No threshold is applied here; every SLA-locus x HLA-subgroup pair is present with its raw metrics so the renderer can choose.
class1,SLA-8,B58,B,5,0.040842,0.20421,0.079828,0.005184,0.050855,0.0,0.8,0.040842,0.20421,0.5116,The submitted Figure 2 drew an edge when ANY single prediction exceeded p>0.1 (diamond.ipynb). No threshold is applied here; every SLA-locus x HLA-subgroup pair is present with its raw metrics so the renderer can choose.
class1,SLA-8,B_Other,B,5,0.005231,0.026157,0.006451,0.002829,0.00653,0.0,0.0,0.005231,0.026157,0.8109,The submitted Figure 2 drew an edge when ANY single prediction exceeded p>0.1 (diamond.ipynb). No threshold is applied here; every SLA-locus x HLA-subgroup pair is present with its raw metrics so the renderer can choose.
class1,SLA-8,C01,C,5,0.024056,0.120281,0.017771,0.018392,0.029481,0.0,0.0,0.024056,0.120281,1.3537,The submitted Figure 2 drew an edge when ANY single prediction exceeded p>0.1 (diamond.ipynb). No threshold is applied here; every SLA-locus x HLA-subgroup pair is present with its raw metrics so the renderer can choose.
class1,SLA-8,C02,C,5,0.011154,0.055769,0.016115,0.004611,0.013872,0.0,0.0,0.011154,0.055769,0.6922,The submitted Figure 2 drew an edge when ANY single prediction exceeded p>0.1 (diamond.ipynb). No threshold is applied here; every SLA-locus x HLA-subgroup pair is present with its raw metrics so the renderer can choose.
class1,SLA-8,C03,C,5,0.001956,0.009778,0.002223,0.001047,0.002416,0.0,0.0,0.001956,0.009778,0.8799,The submitted Figure 2 drew an edge when ANY single prediction exceeded p>0.1 (diamond.ipynb). No threshold is applied here; every SLA-locus x HLA-subgroup pair is present with its raw metrics so the renderer can choose.
class1,SLA-8,C04,C,5,0.003654,0.018271,0.004414,0.002146,0.004565,0.0,0.0,0.003654,0.018271,0.8278,The submitted Figure 2 drew an edge when ANY single prediction exceeded p>0.1 (diamond.ipynb). No threshold is applied here; every SLA-locus x HLA-subgroup pair is present with its raw metrics so the renderer can choose.
class1,SLA-8,C05,C,5,0.05661,0.283048,0.100477,0.012388,0.070729,0.0,0.4,0.05661,0.283048,0.5634,The submitted Figure 2 drew an edge when ANY single prediction exceeded p>0.1 (diamond.ipynb). No threshold is applied here; every SLA-locus x HLA-subgroup pair is present with its raw metrics so the renderer can choose.
class1,SLA-8,C06,C,5,0.003141,0.015705,0.002109,0.002308,0.003736,0.0,0.0,0.003141,0.015705,1.4893,The submitted Figure 2 drew an edge when ANY single prediction exceeded p>0.1 (diamond.ipynb). No threshold is applied here; every SLA-locus x HLA-subgroup pair is present with its raw metrics so the renderer can choose.
class1,SLA-8,C07,C,5,0.021552,0.107761,0.044189,0.001806,0.026816,0.0,0.0,0.021552,0.107761,0.4877,The submitted Figure 2 drew an edge when ANY single prediction exceeded p>0.1 (diamond.ipynb). No threshold is applied here; every SLA-locus x HLA-subgroup pair is present with its raw metrics so the renderer can choose.
class1,SLA-8,C08,C,5,0.039015,0.195076,0.075372,0.005413,0.048735,0.0,0.2,0.039015,0.195076,0.5176,The submitted Figure 2 drew an edge when ANY single prediction exceeded p>0.1 (diamond.ipynb). No threshold is applied here; every SLA-locus x HLA-subgroup pair is present with its raw metrics so the renderer can choose.
class1,SLA-8,C12,C,5,0.004818,0.024091,0.00594,0.002227,0.005933,0.0,0.0,0.004818,0.024091,0.8111,The submitted Figure 2 drew an edge when ANY single prediction exceeded p>0.1 (diamond.ipynb). No threshold is applied here; every SLA-locus x HLA-subgroup pair is present with its raw metrics so the renderer can choose.
class1,SLA-8,C14,C,5,0.045117,0.225585,0.085593,0.006873,0.055621,0.0,0.4,0.045117,0.225585,0.5271,The submitted Figure 2 drew an edge when ANY single prediction exceeded p>0.1 (diamond.ipynb). No threshold is applied here; every SLA-locus x HLA-subgroup pair is present with its raw metrics so the renderer can choose.
class1,SLA-8,C15,C,5,0.037436,0.187181,0.071561,0.005532,0.046673,0.0,0.2,0.037436,0.187181,0.5231,The submitted Figure 2 drew an edge when ANY single prediction exceeded p>0.1 (diamond.ipynb). No threshold is applied here; every SLA-locus x HLA-subgroup pair is present with its raw metrics so the renderer can choose.
class1,SLA-8,C16,C,5,0.048674,0.24337,0.048947,0.029895,0.059889,0.0,0.2,0.048674,0.24337,0.9944,The submitted Figure 2 drew an edge when ANY single prediction exceeded p>0.1 (diamond.ipynb). No threshold is applied here; every SLA-locus x HLA-subgroup pair is present with its raw metrics so the renderer can choose.
class1,SLA-8,C17,C,5,0.078017,0.390085,0.078019,0.04813,0.096854,0.8,0.2,0.078017,0.390085,1.0,The submitted Figure 2 drew an edge when ANY single prediction exceeded p>0.1 (diamond.ipynb). No threshold is applied here; every SLA-locus x HLA-subgroup pair is present with its raw metrics so the renderer can choose.
class1,SLA-8,C_Other,C,5,0.006755,0.033776,0.004263,0.005192,0.007954,0.0,0.0,0.006755,0.033776,1.5846,The submitted Figure 2 drew an edge when ANY single prediction exceeded p>0.1 (diamond.ipynb). No threshold is applied here; every SLA-locus x HLA-subgroup pair is present with its raw metrics so the renderer can choose.
class1,SLA-9,A01,A,5,0.006501,0.032503,0.004534,0.00496,0.007602,0.0,0.0,0.006501,0.032503,1.4338,The submitted Figure 2 drew an edge when ANY single prediction exceeded p>0.1 (diamond.ipynb). No threshold is applied here; every SLA-locus x HLA-subgroup pair is present with its raw metrics so the renderer can choose.
class1,SLA-9,A02,A,5,0.05305,0.265248,0.068726,0.028754,0.065384,0.2,0.4,0.05305,0.265248,0.7719,The submitted Figure 2 drew an edge when ANY single prediction exceeded p>0.1 (diamond.ipynb). No threshold is applied here; every SLA-locus x HLA-subgroup pair is present with its raw metrics so the renderer can choose.
class1,SLA-9,A03,A,5,0.024304,0.121521,0.020464,0.017194,0.030338,0.0,0.2,0.024304,0.121521,1.1876,The submitted Figure 2 drew an edge when ANY single prediction exceeded p>0.1 (diamond.ipynb). No threshold is applied here; every SLA-locus x HLA-subgroup pair is present with its raw metrics so the renderer can choose.
class1,SLA-9,A11,A,5,0.008278,0.041391,0.006892,0.00624,0.010065,0.0,0.0,0.008278,0.041391,1.2011,The submitted Figure 2 drew an edge when ANY single prediction exceeded p>0.1 (diamond.ipynb). No threshold is applied here; every SLA-locus x HLA-subgroup pair is present with its raw metrics so the renderer can choose.
class1,SLA-9,A23,A,5,0.008118,0.040592,0.007107,0.004977,0.009251,0.0,0.0,0.008118,0.040592,1.1423,The submitted Figure 2 drew an edge when ANY single prediction exceeded p>0.1 (diamond.ipynb). No threshold is applied here; every SLA-locus x HLA-subgroup pair is present with its raw metrics so the renderer can choose.
class1,SLA-9,A24,A,5,0.005591,0.027957,0.005151,0.003444,0.006866,0.0,0.0,0.005591,0.027957,1.0854,The submitted Figure 2 drew an edge when ANY single prediction exceeded p>0.1 (diamond.ipynb). No threshold is applied here; every SLA-locus x HLA-subgroup pair is present with its raw metrics so the renderer can choose.
class1,SLA-9,A25,A,5,0.007359,0.036794,0.006001,0.005277,0.008802,0.0,0.0,0.007359,0.036794,1.2263,The submitted Figure 2 drew an edge when ANY single prediction exceeded p>0.1 (diamond.ipynb). No threshold is applied here; every SLA-locus x HLA-subgroup pair is present with its raw metrics so the renderer can choose.
class1,SLA-9,A26,A,5,0.003811,0.019057,0.002693,0.002823,0.004464,0.0,0.0,0.003811,0.019057,1.4152,The submitted Figure 2 drew an edge when ANY single prediction exceeded p>0.1 (diamond.ipynb). No threshold is applied here; every SLA-locus x HLA-subgroup pair is present with its raw metrics so the renderer can choose.
class1,SLA-9,A29,A,5,0.025329,0.126646,0.027887,0.015334,0.031352,0.0,0.0,0.025329,0.126646,0.9083,The submitted Figure 2 drew an edge when ANY single prediction exceeded p>0.1 (diamond.ipynb). No threshold is applied here; every SLA-locus x HLA-subgroup pair is present with its raw metrics so the renderer can choose.
class1,SLA-9,A30,A,5,0.018994,0.094969,0.031616,0.005051,0.023548,0.0,0.0,0.018994,0.094969,0.6008,The submitted Figure 2 drew an edge when ANY single prediction exceeded p>0.1 (diamond.ipynb). No threshold is applied here; every SLA-locus x HLA-subgroup pair is present with its raw metrics so the renderer can choose.
class1,SLA-9,A31,A,5,0.036891,0.184453,0.0589,0.01071,0.045869,0.0,0.4,0.036891,0.184453,0.6263,The submitted Figure 2 drew an edge when ANY single prediction exceeded p>0.1 (diamond.ipynb). No threshold is applied here; every SLA-locus x HLA-subgroup pair is present with its raw metrics so the renderer can choose.
class1,SLA-9,A32,A,5,0.009841,0.049203,0.010736,0.005511,0.011998,0.0,0.0,0.009841,0.049203,0.9166,The submitted Figure 2 drew an edge when ANY single prediction exceeded p>0.1 (diamond.ipynb). No threshold is applied here; every SLA-locus x HLA-subgroup pair is present with its raw metrics so the renderer can choose.
class1,SLA-9,A33,A,5,0.004913,0.024563,0.003507,0.003823,0.005742,0.0,0.0,0.004913,0.024563,1.4009,The submitted Figure 2 drew an edge when ANY single prediction exceeded p>0.1 (diamond.ipynb). No threshold is applied here; every SLA-locus x HLA-subgroup pair is present with its raw metrics so the renderer can choose.
class1,SLA-9,A68,A,5,0.007242,0.036208,0.004854,0.005964,0.008757,0.0,0.0,0.007242,0.036208,1.492,The submitted Figure 2 drew an edge when ANY single prediction exceeded p>0.1 (diamond.ipynb). No threshold is applied here; every SLA-locus x HLA-subgroup pair is present with its raw metrics so the renderer can choose.
class1,SLA-9,A_Other,A,5,0.022934,0.114668,0.027078,0.013394,0.028436,0.0,0.2,0.022934,0.114668,0.847,The submitted Figure 2 drew an edge when ANY single prediction exceeded p>0.1 (diamond.ipynb). No threshold is applied here; every SLA-locus x HLA-subgroup pair is present with its raw metrics so the renderer can choose.
class1,SLA-9,B07,B,5,0.013115,0.065574,0.014166,0.007696,0.016184,0.0,0.0,0.013115,0.065574,0.9258,The submitted Figure 2 drew an edge when ANY single prediction exceeded p>0.1 (diamond.ipynb). No threshold is applied here; every SLA-locus x HLA-subgroup pair is present with its raw metrics so the renderer can choose.
class1,SLA-9,B08,B,5,0.009428,0.04714,0.008566,0.006466,0.011563,0.0,0.0,0.009428,0.04714,1.1006,The submitted Figure 2 drew an edge when ANY single prediction exceeded p>0.1 (diamond.ipynb). No threshold is applied here; every SLA-locus x HLA-subgroup pair is present with its raw metrics so the renderer can choose.
class1,SLA-9,B13,B,5,0.014708,0.073541,0.016745,0.007625,0.018047,0.0,0.2,0.014708,0.073541,0.8784,The submitted Figure 2 drew an edge when ANY single prediction exceeded p>0.1 (diamond.ipynb). No threshold is applied here; every SLA-locus x HLA-subgroup pair is present with its raw metrics so the renderer can choose.
class1,SLA-9,B14,B,5,0.007226,0.036128,0.010734,0.002489,0.008943,0.0,0.0,0.007226,0.036128,0.6732,The submitted Figure 2 drew an edge when ANY single prediction exceeded p>0.1 (diamond.ipynb). No threshold is applied here; every SLA-locus x HLA-subgroup pair is present with its raw metrics so the renderer can choose.
class1,SLA-9,B15,B,5,0.036346,0.181728,0.044972,0.016909,0.043897,0.0,0.2,0.036346,0.181728,0.8082,The submitted Figure 2 drew an edge when ANY single prediction exceeded p>0.1 (diamond.ipynb). No threshold is applied here; every SLA-locus x HLA-subgroup pair is present with its raw metrics so the renderer can choose.
class1,SLA-9,B18,B,5,0.026185,0.130926,0.044581,0.006309,0.031856,0.0,0.2,0.026185,0.130926,0.5874,The submitted Figure 2 drew an edge when ANY single prediction exceeded p>0.1 (diamond.ipynb). No threshold is applied here; every SLA-locus x HLA-subgroup pair is present with its raw metrics so the renderer can choose.
class1,SLA-9,B27,B,5,0.012818,0.064091,0.01161,0.00873,0.016007,0.0,0.0,0.012818,0.064091,1.104,The submitted Figure 2 drew an edge when ANY single prediction exceeded p>0.1 (diamond.ipynb). No threshold is applied here; every SLA-locus x HLA-subgroup pair is present with its raw metrics so the renderer can choose.
class1,SLA-9,B35,B,5,0.006257,0.031285,0.001426,0.005784,0.006536,0.0,0.0,0.006257,0.031285,4.3878,The submitted Figure 2 drew an edge when ANY single prediction exceeded p>0.1 (diamond.ipynb). No threshold is applied here; every SLA-locus x HLA-subgroup pair is present with its raw metrics so the renderer can choose.
class1,SLA-9,B37,B,5,0.008093,0.040465,0.00905,0.004364,0.009952,0.0,0.0,0.008093,0.040465,0.8943,The submitted Figure 2 drew an edge when ANY single prediction exceeded p>0.1 (diamond.ipynb). No threshold is applied here; every SLA-locus x HLA-subgroup pair is present with its raw metrics so the renderer can choose.
class1,SLA-9,B38,B,5,0.005542,0.027712,0.005361,0.003196,0.006459,0.0,0.0,0.005542,0.027712,1.0338,The submitted Figure 2 drew an edge when ANY single prediction exceeded p>0.1 (diamond.ipynb). No threshold is applied here; every SLA-locus x HLA-subgroup pair is present with its raw metrics so the renderer can choose.
class1,SLA-9,B39,B,5,0.006734,0.033668,0.007395,0.004091,0.008316,0.0,0.0,0.006734,0.033668,0.9106,The submitted Figure 2 drew an edge when ANY single prediction exceeded p>0.1 (diamond.ipynb). No threshold is applied here; every SLA-locus x HLA-subgroup pair is present with its raw metrics so the renderer can choose.
class1,SLA-9,B40,B,5,0.01426,0.071302,0.015682,0.008008,0.017172,0.0,0.0,0.01426,0.071302,0.9093,The submitted Figure 2 drew an edge when ANY single prediction exceeded p>0.1 (diamond.ipynb). No threshold is applied here; every SLA-locus x HLA-subgroup pair is present with its raw metrics so the renderer can choose.
class1,SLA-9,B41,B,5,0.006425,0.032126,0.004718,0.004654,0.007548,0.0,0.0,0.006425,0.032126,1.3618,The submitted Figure 2 drew an edge when ANY single prediction exceeded p>0.1 (diamond.ipynb). No threshold is applied here; every SLA-locus x HLA-subgroup pair is present with its raw metrics so the renderer can choose.
class1,SLA-9,B44,B,5,0.067261,0.336304,0.128136,0.009978,0.082341,0.2,0.2,0.067261,0.336304,0.5249,The submitted Figure 2 drew an edge when ANY single prediction exceeded p>0.1 (diamond.ipynb). No threshold is applied here; every SLA-locus x HLA-subgroup pair is present with its raw metrics so the renderer can choose.
class1,SLA-9,B46,B,5,0.065103,0.325517,0.100088,0.020956,0.081237,0.0,0.4,0.065103,0.325517,0.6505,The submitted Figure 2 drew an edge when ANY single prediction exceeded p>0.1 (diamond.ipynb). No threshold is applied here; every SLA-locus x HLA-subgroup pair is present with its raw metrics so the renderer can choose.
class1,SLA-9,B49,B,5,0.006257,0.031285,0.004515,0.004905,0.007661,0.0,0.0,0.006257,0.031285,1.3858,The submitted Figure 2 drew an edge when ANY single prediction exceeded p>0.1 (diamond.ipynb). No threshold is applied here; every SLA-locus x HLA-subgroup pair is present with its raw metrics so the renderer can choose.
class1,SLA-9,B50,B,5,0.00492,0.024598,0.004955,0.003541,0.006082,0.0,0.0,0.00492,0.024598,0.9929,The submitted Figure 2 drew an edge when ANY single prediction exceeded p>0.1 (diamond.ipynb). No threshold is applied here; every SLA-locus x HLA-subgroup pair is present with its raw metrics so the renderer can choose.
class1,SLA-9,B51,B,5,0.014996,0.074979,0.013621,0.010855,0.018251,0.0,0.0,0.014996,0.074979,1.1009,The submitted Figure 2 drew an edge when ANY single prediction exceeded p>0.1 (diamond.ipynb). No threshold is applied here; every SLA-locus x HLA-subgroup pair is present with its raw metrics so the renderer can choose.
class1,SLA-9,B52,B,5,0.010039,0.050197,0.010041,0.005778,0.012057,0.0,0.0,0.010039,0.050197,0.9998,The submitted Figure 2 drew an edge when ANY single prediction exceeded p>0.1 (diamond.ipynb). No threshold is applied here; every SLA-locus x HLA-subgroup pair is present with its raw metrics so the renderer can choose.
class1,SLA-9,B53,B,5,0.004758,0.023792,0.002415,0.003742,0.005317,0.0,0.0,0.004758,0.023792,1.9702,The submitted Figure 2 drew an edge when ANY single prediction exceeded p>0.1 (diamond.ipynb). No threshold is applied here; every SLA-locus x HLA-subgroup pair is present with its raw metrics so the renderer can choose.
class1,SLA-9,B55,B,5,0.005643,0.028215,0.003523,0.004741,0.006968,0.0,0.0,0.005643,0.028215,1.6018,The submitted Figure 2 drew an edge when ANY single prediction exceeded p>0.1 (diamond.ipynb). No threshold is applied here; every SLA-locus x HLA-subgroup pair is present with its raw metrics so the renderer can choose.
class1,SLA-9,B56,B,5,0.009774,0.048869,0.016345,0.002506,0.012122,0.0,0.2,0.009774,0.048869,0.598,The submitted Figure 2 drew an edge when ANY single prediction exceeded p>0.1 (diamond.ipynb). No threshold is applied here; every SLA-locus x HLA-subgroup pair is present with its raw metrics so the renderer can choose.
class1,SLA-9,B57,B,5,0.120543,0.602717,0.081463,0.087061,0.139001,0.4,1.0,0.120543,0.602717,1.4797,The submitted Figure 2 drew an edge when ANY single prediction exceeded p>0.1 (diamond.ipynb). No threshold is applied here; every SLA-locus x HLA-subgroup pair is present with its raw metrics so the renderer can choose.
class1,SLA-9,B58,B,5,0.01963,0.098152,0.018642,0.011649,0.023001,0.0,0.0,0.01963,0.098152,1.053,The submitted Figure 2 drew an edge when ANY single prediction exceeded p>0.1 (diamond.ipynb). No threshold is applied here; every SLA-locus x HLA-subgroup pair is present with its raw metrics so the renderer can choose.
class1,SLA-9,B_Other,B,5,0.008192,0.040958,0.007119,0.005346,0.009815,0.0,0.0,0.008192,0.040958,1.1507,The submitted Figure 2 drew an edge when ANY single prediction exceeded p>0.1 (diamond.ipynb). No threshold is applied here; every SLA-locus x HLA-subgroup pair is present with its raw metrics so the renderer can choose.
class1,SLA-9,C01,C,5,0.010409,0.052046,0.009091,0.007105,0.012751,0.0,0.0,0.010409,0.052046,1.145,The submitted Figure 2 drew an edge when ANY single prediction exceeded p>0.1 (diamond.ipynb). No threshold is applied here; every SLA-locus x HLA-subgroup pair is present with its raw metrics so the renderer can choose.
class1,SLA-9,C02,C,5,0.023704,0.118521,0.017745,0.017442,0.028258,0.0,0.2,0.023704,0.118521,1.3358,The submitted Figure 2 drew an edge when ANY single prediction exceeded p>0.1 (diamond.ipynb). No threshold is applied here; every SLA-locus x HLA-subgroup pair is present with its raw metrics so the renderer can choose.
class1,SLA-9,C03,C,5,0.015218,0.076089,0.01039,0.011886,0.018413,0.0,0.0,0.015218,0.076089,1.4647,The submitted Figure 2 drew an edge when ANY single prediction exceeded p>0.1 (diamond.ipynb). No threshold is applied here; every SLA-locus x HLA-subgroup pair is present with its raw metrics so the renderer can choose.
class1,SLA-9,C04,C,5,0.016107,0.080534,0.029507,0.002921,0.019797,0.0,0.4,0.016107,0.080534,0.5459,The submitted Figure 2 drew an edge when ANY single prediction exceeded p>0.1 (diamond.ipynb). No threshold is applied here; every SLA-locus x HLA-subgroup pair is present with its raw metrics so the renderer can choose.
class1,SLA-9,C05,C,5,0.015451,0.077256,0.011891,0.012887,0.019166,0.0,0.0,0.015451,0.077256,1.2994,The submitted Figure 2 drew an edge when ANY single prediction exceeded p>0.1 (diamond.ipynb). No threshold is applied here; every SLA-locus x HLA-subgroup pair is present with its raw metrics so the renderer can choose.
class1,SLA-9,C06,C,5,0.009267,0.046334,0.008281,0.005772,0.011272,0.0,0.0,0.009267,0.046334,1.1191,The submitted Figure 2 drew an edge when ANY single prediction exceeded p>0.1 (diamond.ipynb). No threshold is applied here; every SLA-locus x HLA-subgroup pair is present with its raw metrics so the renderer can choose.
class1,SLA-9,C07,C,5,0.013937,0.069683,0.010514,0.010203,0.017006,0.0,0.0,0.013937,0.069683,1.3256,The submitted Figure 2 drew an edge when ANY single prediction exceeded p>0.1 (diamond.ipynb). No threshold is applied here; every SLA-locus x HLA-subgroup pair is present with its raw metrics so the renderer can choose.
class1,SLA-9,C08,C,5,0.0599,0.2995,0.068986,0.032261,0.074868,0.2,0.6,0.0599,0.2995,0.8683,The submitted Figure 2 drew an edge when ANY single prediction exceeded p>0.1 (diamond.ipynb). No threshold is applied here; every SLA-locus x HLA-subgroup pair is present with its raw metrics so the renderer can choose.
class1,SLA-9,C12,C,5,0.032203,0.161014,0.029995,0.021855,0.040237,0.0,0.2,0.032203,0.161014,1.0736,The submitted Figure 2 drew an edge when ANY single prediction exceeded p>0.1 (diamond.ipynb). No threshold is applied here; every SLA-locus x HLA-subgroup pair is present with its raw metrics so the renderer can choose.
class1,SLA-9,C14,C,5,0.016086,0.080428,0.013208,0.013221,0.020088,0.0,0.0,0.016086,0.080428,1.2179,The submitted Figure 2 drew an edge when ANY single prediction exceeded p>0.1 (diamond.ipynb). No threshold is applied here; every SLA-locus x HLA-subgroup pair is present with its raw metrics so the renderer can choose.
class1,SLA-9,C15,C,5,0.005468,0.02734,0.00403,0.004272,0.006624,0.0,0.0,0.005468,0.02734,1.3568,The submitted Figure 2 drew an edge when ANY single prediction exceeded p>0.1 (diamond.ipynb). No threshold is applied here; every SLA-locus x HLA-subgroup pair is present with its raw metrics so the renderer can choose.
class1,SLA-9,C16,C,5,0.019399,0.096993,0.024284,0.008988,0.024217,0.0,0.0,0.019399,0.096993,0.7988,The submitted Figure 2 drew an edge when ANY single prediction exceeded p>0.1 (diamond.ipynb). No threshold is applied here; every SLA-locus x HLA-subgroup pair is present with its raw metrics so the renderer can choose.
class1,SLA-9,C17,C,5,0.011992,0.05996,0.009672,0.008618,0.01476,0.0,0.0,0.011992,0.05996,1.2399,The submitted Figure 2 drew an edge when ANY single prediction exceeded p>0.1 (diamond.ipynb). No threshold is applied here; every SLA-locus x HLA-subgroup pair is present with its raw metrics so the renderer can choose.
class1,SLA-9,C_Other,C,5,0.003452,0.017261,0.002344,0.002535,0.004167,0.0,0.0,0.003452,0.017261,1.4727,The submitted Figure 2 drew an edge when ANY single prediction exceeded p>0.1 (diamond.ipynb). No threshold is applied here; every SLA-locus x HLA-subgroup pair is present with its raw metrics so the renderer can choose.
class2,SLA-DQB1,DQB102,DQB1,53,0.117462,6.225499,0.166629,0.044194,0.146128,0.1887,0.6604,0.117462,6.225499,0.7049,The submitted Figure 2 drew an edge when ANY single prediction exceeded p>0.1 (diamond.ipynb). No threshold is applied here; every SLA-locus x HLA-subgroup pair is present with its raw metrics so the renderer can choose.
class2,SLA-DQB1,DQB103,DQB1,53,0.190295,10.085651,0.085828,0.163007,0.216678,0.3585,1.1509,0.190295,10.085651,2.2172,The submitted Figure 2 drew an edge when ANY single prediction exceeded p>0.1 (diamond.ipynb). No threshold is applied here; every SLA-locus x HLA-subgroup pair is present with its raw metrics so the renderer can choose.
class2,SLA-DQB1,DQB104,DQB1,53,0.074615,3.954574,0.074168,0.047835,0.089094,0.0566,0.3585,0.074615,3.954574,1.006,The submitted Figure 2 drew an edge when ANY single prediction exceeded p>0.1 (diamond.ipynb). No threshold is applied here; every SLA-locus x HLA-subgroup pair is present with its raw metrics so the renderer can choose.
class2,SLA-DQB1,DQB105,DQB1,53,0.038133,2.021026,0.023991,0.032316,0.046899,0.0,0.1132,0.038133,2.021026,1.5895,The submitted Figure 2 drew an edge when ANY single prediction exceeded p>0.1 (diamond.ipynb). No threshold is applied here; every SLA-locus x HLA-subgroup pair is present with its raw metrics so the renderer can choose.
class2,SLA-DQB1,DQB106,DQB1,53,0.120169,6.368965,0.108005,0.080949,0.147099,0.0377,0.6604,0.120169,6.368965,1.1126,The submitted Figure 2 drew an edge when ANY single prediction exceeded p>0.1 (diamond.ipynb). No threshold is applied here; every SLA-locus x HLA-subgroup pair is present with its raw metrics so the renderer can choose.
class2,SLA-DQB1,DQB1_Other,DQB1,53,0.001908,0.101122,0.000357,0.001831,0.002054,0.0,0.0,0.001908,0.101122,5.3445,The submitted Figure 2 drew an edge when ANY single prediction exceeded p>0.1 (diamond.ipynb). No threshold is applied here; every SLA-locus x HLA-subgroup pair is present with its raw metrics so the renderer can choose.
class2,SLA-DQB1,DRB101,DRB1,53,0.2341,12.407274,0.204379,0.16131,0.285552,0.3585,1.434,0.2341,12.407274,1.1454,The submitted Figure 2 drew an edge when ANY single prediction exceeded p>0.1 (diamond.ipynb). No threshold is applied here; every SLA-locus x HLA-subgroup pair is present with its raw metrics so the renderer can choose.
class2,SLA-DQB1,DRB103,DRB1,53,0.006675,0.353795,0.005139,0.004678,0.007725,0.0,0.0,0.006675,0.353795,1.2989,The submitted Figure 2 drew an edge when ANY single prediction exceeded p>0.1 (diamond.ipynb). No threshold is applied here; every SLA-locus x HLA-subgroup pair is present with its raw metrics so the renderer can choose.
class2,SLA-DQB1,DRB104,DRB1,53,0.026336,1.395793,0.043859,0.006788,0.032324,0.0,0.1321,0.026336,1.395793,0.6005,The submitted Figure 2 drew an edge when ANY single prediction exceeded p>0.1 (diamond.ipynb). No threshold is applied here; every SLA-locus x HLA-subgroup pair is present with its raw metrics so the renderer can choose.
class2,SLA-DQB1,DRB107,DRB1,53,0.031475,1.668168,0.03159,0.019416,0.037927,0.0,0.0377,0.031475,1.668168,0.9964,The submitted Figure 2 drew an edge when ANY single prediction exceeded p>0.1 (diamond.ipynb). No threshold is applied here; every SLA-locus x HLA-subgroup pair is present with its raw metrics so the renderer can choose.
class2,SLA-DQB1,DRB108,DRB1,53,0.007509,0.397969,0.003242,0.006368,0.008477,0.0,0.0,0.007509,0.397969,2.3162,The submitted Figure 2 drew an edge when ANY single prediction exceeded p>0.1 (diamond.ipynb). No threshold is applied here; every SLA-locus x HLA-subgroup pair is present with its raw metrics so the renderer can choose.
class2,SLA-DQB1,DRB111,DRB1,53,0.003332,0.176613,0.00136,0.00299,0.00378,0.0,0.0,0.003332,0.176613,2.45,The submitted Figure 2 drew an edge when ANY single prediction exceeded p>0.1 (diamond.ipynb). No threshold is applied here; every SLA-locus x HLA-subgroup pair is present with its raw metrics so the renderer can choose.
class2,SLA-DQB1,DRB112,DRB1,53,0.012682,0.672143,0.01278,0.007349,0.015236,0.0,0.0,0.012682,0.672143,0.9923,The submitted Figure 2 drew an edge when ANY single prediction exceeded p>0.1 (diamond.ipynb). No threshold is applied here; every SLA-locus x HLA-subgroup pair is present with its raw metrics so the renderer can choose.
class2,SLA-DQB1,DRB113,DRB1,53,0.002455,0.130114,0.000793,0.002197,0.00271,0.0,0.0,0.002455,0.130114,3.0958,The submitted Figure 2 drew an edge when ANY single prediction exceeded p>0.1 (diamond.ipynb). No threshold is applied here; every SLA-locus x HLA-subgroup pair is present with its raw metrics so the renderer can choose.
class2,SLA-DQB1,DRB114,DRB1,53,0.003396,0.179986,0.001223,0.003102,0.003767,0.0,0.0,0.003396,0.179986,2.7768,The submitted Figure 2 drew an edge when ANY single prediction exceeded p>0.1 (diamond.ipynb). No threshold is applied here; every SLA-locus x HLA-subgroup pair is present with its raw metrics so the renderer can choose.
class2,SLA-DQB1,DRB115,DRB1,53,0.009785,0.518583,0.005383,0.007993,0.011144,0.0,0.0,0.009785,0.518583,1.8178,The submitted Figure 2 drew an edge when ANY single prediction exceeded p>0.1 (diamond.ipynb). No threshold is applied here; every SLA-locus x HLA-subgroup pair is present with its raw metrics so the renderer can choose.
class2,SLA-DQB1,DRB116,DRB1,53,0.012422,0.658392,0.005227,0.010377,0.013371,0.0,0.0,0.012422,0.658392,2.3765,The submitted Figure 2 drew an edge when ANY single prediction exceeded p>0.1 (diamond.ipynb). No threshold is applied here; every SLA-locus x HLA-subgroup pair is present with its raw metrics so the renderer can choose.
class2,SLA-DQB1,DRB1_Other,DRB1,53,0.069595,3.688532,0.051649,0.05104,0.084579,0.0,0.4528,0.069595,3.688532,1.3475,The submitted Figure 2 drew an edge when ANY single prediction exceeded p>0.1 (diamond.ipynb). No threshold is applied here; every SLA-locus x HLA-subgroup pair is present with its raw metrics so the renderer can choose.
class2,SLA-DQB1,DRB3_Other,DRB3,53,0.004488,0.237843,0.003278,0.003147,0.00533,0.0,0.0,0.004488,0.237843,1.3691,The submitted Figure 2 drew an edge when ANY single prediction exceeded p>0.1 (diamond.ipynb). No threshold is applied here; every SLA-locus x HLA-subgroup pair is present with its raw metrics so the renderer can choose.
class2,SLA-DQB1,DRB4_Other,DRB4,53,0.014574,0.77241,0.003112,0.013857,0.015789,0.0,0.0,0.014574,0.77241,4.6832,The submitted Figure 2 drew an edge when ANY single prediction exceeded p>0.1 (diamond.ipynb). No threshold is applied here; every SLA-locus x HLA-subgroup pair is present with its raw metrics so the renderer can choose.
class2,SLA-DQB1,DRB5_Other,DRB5,53,0.011312,0.599518,0.006937,0.008957,0.01341,0.0,0.0,0.011312,0.599518,1.6307,The submitted Figure 2 drew an edge when ANY single prediction exceeded p>0.1 (diamond.ipynb). No threshold is applied here; every SLA-locus x HLA-subgroup pair is present with its raw metrics so the renderer can choose.
class2,SLA-DQB1,DPB1_Other,DPB1,53,0.007284,0.386028,0.001779,0.006732,0.00782,0.0,0.0,0.007284,0.386028,4.0944,The submitted Figure 2 drew an edge when ANY single prediction exceeded p>0.1 (diamond.ipynb). No threshold is applied here; every SLA-locus x HLA-subgroup pair is present with its raw metrics so the renderer can choose.
class2,SLA-DRB1,DQB102,DQB1,99,0.004496,0.44513,0.001574,0.003874,0.004889,0.0,0.0,0.004496,0.44513,2.8564,The submitted Figure 2 drew an edge when ANY single prediction exceeded p>0.1 (diamond.ipynb). No threshold is applied here; every SLA-locus x HLA-subgroup pair is present with its raw metrics so the renderer can choose.
class2,SLA-DRB1,DQB103,DQB1,99,0.004066,0.402501,0.001824,0.003384,0.004659,0.0,0.0,0.004066,0.402501,2.2292,The submitted Figure 2 drew an edge when ANY single prediction exceeded p>0.1 (diamond.ipynb). No threshold is applied here; every SLA-locus x HLA-subgroup pair is present with its raw metrics so the renderer can choose.
class2,SLA-DRB1,DQB104,DQB1,99,0.008277,0.81945,0.005361,0.005999,0.009433,0.0,0.0,0.008277,0.81945,1.5439,The submitted Figure 2 drew an edge when ANY single prediction exceeded p>0.1 (diamond.ipynb). No threshold is applied here; every SLA-locus x HLA-subgroup pair is present with its raw metrics so the renderer can choose.
class2,SLA-DRB1,DQB105,DQB1,99,0.00477,0.472265,0.000842,0.004497,0.005065,0.0,0.0,0.00477,0.472265,5.6651,The submitted Figure 2 drew an edge when ANY single prediction exceeded p>0.1 (diamond.ipynb). No threshold is applied here; every SLA-locus x HLA-subgroup pair is present with its raw metrics so the renderer can choose.
class2,SLA-DRB1,DQB106,DQB1,99,0.004107,0.406584,0.002676,0.002943,0.004584,0.0,0.0101,0.004107,0.406584,1.5348,The submitted Figure 2 drew an edge when ANY single prediction exceeded p>0.1 (diamond.ipynb). No threshold is applied here; every SLA-locus x HLA-subgroup pair is present with its raw metrics so the renderer can choose.
class2,SLA-DRB1,DQB1_Other,DQB1,99,0.001561,0.154558,0.000392,0.001456,0.001681,0.0,0.0,0.001561,0.154558,3.9821,The submitted Figure 2 drew an edge when ANY single prediction exceeded p>0.1 (diamond.ipynb). No threshold is applied here; every SLA-locus x HLA-subgroup pair is present with its raw metrics so the renderer can choose.
class2,SLA-DRB1,DRB101,DRB1,99,0.200689,19.868168,0.064999,0.176867,0.222094,0.2727,1.2222,0.200689,19.868168,3.0876,The submitted Figure 2 drew an edge when ANY single prediction exceeded p>0.1 (diamond.ipynb). No threshold is applied here; every SLA-locus x HLA-subgroup pair is present with its raw metrics so the renderer can choose.
class2,SLA-DRB1,DRB103,DRB1,99,0.015166,1.501442,0.01287,0.010993,0.018112,0.0,0.0202,0.015166,1.501442,1.1784,The submitted Figure 2 drew an edge when ANY single prediction exceeded p>0.1 (diamond.ipynb). No threshold is applied here; every SLA-locus x HLA-subgroup pair is present with its raw metrics so the renderer can choose.
class2,SLA-DRB1,DRB104,DRB1,99,0.157434,15.586015,0.130409,0.103423,0.188554,0.2525,0.8485,0.157434,15.586015,1.2072,The submitted Figure 2 drew an edge when ANY single prediction exceeded p>0.1 (diamond.ipynb). No threshold is applied here; every SLA-locus x HLA-subgroup pair is present with its raw metrics so the renderer can choose.
class2,SLA-DRB1,DRB107,DRB1,99,0.053813,5.327441,0.036632,0.042968,0.063065,0.0,0.1515,0.053813,5.327441,1.469,The submitted Figure 2 drew an edge when ANY single prediction exceeded p>0.1 (diamond.ipynb). No threshold is applied here; every SLA-locus x HLA-subgroup pair is present with its raw metrics so the renderer can choose.
class2,SLA-DRB1,DRB108,DRB1,99,0.005876,0.581698,0.003261,0.004678,0.006634,0.0,0.0,0.005876,0.581698,1.8019,The submitted Figure 2 drew an edge when ANY single prediction exceeded p>0.1 (diamond.ipynb). No threshold is applied here; every SLA-locus x HLA-subgroup pair is present with its raw metrics so the renderer can choose.
class2,SLA-DRB1,DRB111,DRB1,99,0.010005,0.990518,0.005856,0.007672,0.011696,0.0,0.0,0.010005,0.990518,1.7085,The submitted Figure 2 drew an edge when ANY single prediction exceeded p>0.1 (diamond.ipynb). No threshold is applied here; every SLA-locus x HLA-subgroup pair is present with its raw metrics so the renderer can choose.
class2,SLA-DRB1,DRB112,DRB1,99,0.026155,2.589377,0.018846,0.019386,0.030955,0.0,0.0404,0.026155,2.589377,1.3878,The submitted Figure 2 drew an edge when ANY single prediction exceeded p>0.1 (diamond.ipynb). No threshold is applied here; every SLA-locus x HLA-subgroup pair is present with its raw metrics so the renderer can choose.
class2,SLA-DRB1,DRB113,DRB1,99,0.055658,5.510136,0.050202,0.036771,0.067305,0.0303,0.303,0.055658,5.510136,1.1087,The submitted Figure 2 drew an edge when ANY single prediction exceeded p>0.1 (diamond.ipynb). No threshold is applied here; every SLA-locus x HLA-subgroup pair is present with its raw metrics so the renderer can choose.
class2,SLA-DRB1,DRB114,DRB1,99,0.015172,1.502059,0.012692,0.010113,0.018139,0.0,0.0303,0.015172,1.502059,1.1954,The submitted Figure 2 drew an edge when ANY single prediction exceeded p>0.1 (diamond.ipynb). No threshold is applied here; every SLA-locus x HLA-subgroup pair is present with its raw metrics so the renderer can choose.
class2,SLA-DRB1,DRB115,DRB1,99,0.046131,4.566943,0.025006,0.038687,0.053947,0.0606,0.2626,0.046131,4.566943,1.8448,The submitted Figure 2 drew an edge when ANY single prediction exceeded p>0.1 (diamond.ipynb). No threshold is applied here; every SLA-locus x HLA-subgroup pair is present with its raw metrics so the renderer can choose.
class2,SLA-DRB1,DRB116,DRB1,99,0.013718,1.358079,0.003306,0.013013,0.015003,0.0,0.0,0.013718,1.358079,4.1494,The submitted Figure 2 drew an edge when ANY single prediction exceeded p>0.1 (diamond.ipynb). No threshold is applied here; every SLA-locus x HLA-subgroup pair is present with its raw metrics so the renderer can choose.
class2,SLA-DRB1,DRB1_Other,DRB1,99,0.174311,17.256824,0.061587,0.160937,0.192639,0.2626,1.2222,0.174311,17.256824,2.8303,The submitted Figure 2 drew an edge when ANY single prediction exceeded p>0.1 (diamond.ipynb). No threshold is applied here; every SLA-locus x HLA-subgroup pair is present with its raw metrics so the renderer can choose.
class2,SLA-DRB1,DRB3_Other,DRB3,99,0.101682,10.066549,0.09599,0.072959,0.12457,0.1111,0.6263,0.101682,10.066549,1.0593,The submitted Figure 2 drew an edge when ANY single prediction exceeded p>0.1 (diamond.ipynb). No threshold is applied here; every SLA-locus x HLA-subgroup pair is present with its raw metrics so the renderer can choose.
class2,SLA-DRB1,DRB4_Other,DRB4,99,0.043708,4.327098,0.012232,0.040087,0.047395,0.0,0.101,0.043708,4.327098,3.5733,The submitted Figure 2 drew an edge when ANY single prediction exceeded p>0.1 (diamond.ipynb). No threshold is applied here; every SLA-locus x HLA-subgroup pair is present with its raw metrics so the renderer can choose.
class2,SLA-DRB1,DRB5_Other,DRB5,99,0.045391,4.493757,0.028807,0.033757,0.050733,0.0,0.1414,0.045391,4.493757,1.5757,The submitted Figure 2 drew an edge when ANY single prediction exceeded p>0.1 (diamond.ipynb). No threshold is applied here; every SLA-locus x HLA-subgroup pair is present with its raw metrics so the renderer can choose.
class2,SLA-DRB1,DPB1_Other,DPB1,99,0.007812,0.77341,0.002961,0.006938,0.008624,0.0101,0.0202,0.007812,0.77341,2.6383,The submitted Figure 2 drew an edge when ANY single prediction exceeded p>0.1 (diamond.ipynb). No threshold is applied here; every SLA-locus x HLA-subgroup pair is present with its raw metrics so the renderer can choose.
